-1.565437157917270952e+03,0.000000000000000000e+00
-1.564064064064064041e+03,2.076218103370742196e-01
-1.559059059059059109e+03,8.552916147754127119e-01
-1.554054054054054177e+03,1.378130097077327587e+00
-1.549049049049049017e+03,1.848614993001274742e+00
-1.544044044044044085e+03,2.266705044900588550e+00
-1.539039039039038926e+03,2.646384887558824950e+00
-1.534034034034033994e+03,3.004887302608367339e+00
-1.529029029029029061e+03,3.329688523298472091e+00
-1.524024024024024129e+03,3.648542787979216051e+00
-1.519019019019018970e+03,3.935229682583992528e+00
-1.514014014014014037e+03,4.224716348446651892e+00
-1.509009009009008878e+03,4.482421635851208563e+00
-1.504004004004003946e+03,4.745757379226574812e+00
-1.498998998998999014e+03,4.983079425914539229e+00
-1.498106797097361778e+03,5.025125628140703959e+00
-1.493993993993994081e+03,5.261304578726649694e+00
-1.488988988988989149e+03,5.523003770447833638e+00
-1.483983983983983990e+03,5.777973386944409206e+00
-1.478978978978978830e+03,6.017803343149760842e+00
-1.473973973973973898e+03,6.247928753610928254e+00
-1.468968968968968966e+03,6.470220110986668161e+00
-1.463963963963964034e+03,6.680469441113249474e+00
-1.458958958958958874e+03,6.888346300805674893e+00
-1.453953953953953942e+03,7.082264951703384881e+00
-1.448948948948949010e+03,7.276156271083525695e+00
-1.443943943943943850e+03,7.458167274138798319e+00
-1.438938938938938918e+03,7.638629751807318513e+00
-1.433933933933933986e+03,7.811782284098653051e+00
-1.428928928928928826e+03,7.980594046720121071e+00
-1.423923923923923894e+03,8.145895399281915417e+00
-1.418918918918918962e+03,8.304481456466008993e+00
-1.413913913913913802e+03,8.462661033820607415e+00
-1.408908908908908870e+03,8.612337552660314088e+00
-1.403903903903903938e+03,8.761731665169902428e+00
-1.398898898898899006e+03,8.905946512324577569e+00
-1.393893893893893619e+03,9.047568987343623803e+00
-1.388888888888888914e+03,9.186884431103592874e+00
-1.383883883883883982e+03,9.321621200907232563e+00
-1.378878878878878822e+03,9.455960212809232601e+00
-1.373873873873874118e+03,9.585141856837370966e+00
-1.368868868868868958e+03,9.713525718887609628e+00
-1.363863863863863799e+03,9.839192119871134068e+00
-1.358858858858858866e+03,9.962208219636348616e+00
-1.355253630560788906e+03,1.005025125628140792e+01
-1.353853853853853934e+03,1.008951946980316983e+01
-1.348848848848848775e+03,1.022398270357914818e+01
-1.343843843843843842e+03,1.035749135313058922e+01
-1.338838838838838910e+03,1.048764996576892194e+01
-1.333833833833833751e+03,1.061514493409985604e+01
-1.328828828828828819e+03,1.074146856315621079e+01
-1.323823823823823886e+03,1.086346186371834754e+01
-1.318818818818818727e+03,1.098459419268097292e+01
-1.313813813813813795e+03,1.110315917913553285e+01
-1.308808808808808863e+03,1.121934907426975947e+01
-1.303803803803803703e+03,1.133464270634204674e+01
-1.298798798798798771e+03,1.144646233772888699e+01
-1.293793793793793839e+03,1.155728556322289791e+01
-1.288788788788788679e+03,1.166644428209466433e+01
-1.283783783783783747e+03,1.177310257415469330e+01
-1.278778778778778815e+03,1.187896340922410765e+01
-1.273773773773773883e+03,1.198252986592908265e+01
-1.268768768768768723e+03,1.208460193416444284e+01
-1.263763763763763791e+03,1.218588056902622796e+01
-1.258758758758758859e+03,1.228450355039043984e+01
-1.253753753753753699e+03,1.238233648045939361e+01
-1.248748748748748767e+03,1.247902722080775106e+01
-1.243743743743743835e+03,1.257364143580984006e+01
-1.238738738738738448e+03,1.266757034234754542e+01
-1.233733733733733743e+03,1.276011817871333065e+01
-1.228728728728728811e+03,1.285112298496368410e+01
-1.223723723723723651e+03,1.294146747262019126e+01
-1.218718718718718719e+03,1.303034012001392661e+01
-1.213713713713713787e+03,1.311802635605079104e+01
-1.208708708708708627e+03,1.320508205149474534e+01
-1.203703703703703695e+03,1.329067996666747220e+01
-1.198698698698698763e+03,1.337530896618296161e+01
-1.193693693693693604e+03,1.345933699271007988e+01
-1.188688688688688671e+03,1.354199244812144087e+01
-1.183683683683683739e+03,1.362378752505982327e+01
-1.178678678678678580e+03,1.370500733300597318e+01
-1.173673673673673647e+03,1.378498854102117477e+01
-1.168668668668668715e+03,1.386413300947150873e+01
-1.163663663663663556e+03,1.394272290137536530e+01
-1.158658658658658624e+03,1.402024495200663168e+01
-1.153653653653653691e+03,1.409688836751375796e+01
-1.148648648648648759e+03,1.417299437076115076e+01
-1.143643643643643600e+03,1.424823467598647753e+01
-1.138638638638638668e+03,1.432250503084998172e+01
-1.133633633633633735e+03,1.439625463853490572e+01
-1.128628628628628576e+03,1.446936859111431062e+01
-1.123623623623623644e+03,1.454138580532449865e+01
-1.118618618618618711e+03,1.461290141172031554e+01
-1.113613613613613552e+03,1.468390358990303213e+01
-1.108608608608608620e+03,1.475392063103694085e+01
-1.103603603603603688e+03,1.482332839662476864e+01
-1.098598598598598528e+03,1.489224871189281707e+01
-1.093593593593593596e+03,1.496050656331918383e+01
-1.088588588588588664e+03,1.502793903866635539e+01
-1.085041032260150587e+03,1.507537688442211277e+01
-1.083583583583583504e+03,1.509696116646179753e+01
-1.078578578578578572e+03,1.517037832626390248e+01
-1.073573573573573640e+03,1.524282312467532208e+01
-1.068568568568568480e+03,1.531456460790328222e+01
-1.063563563563563548e+03,1.538574029415872602e+01
-1.058558558558558616e+03,1.545634847751006724e+01
-1.053553553553553456e+03,1.552598244627474777e+01
-1.048548548548548524e+03,1.559509477085238238e+01
-1.043543543543543592e+03,1.566368614400923320e+01
-1.038538538538538432e+03,1.573171421645417389e+01
-1.033533533533533500e+03,1.579892184119108833e+01
-1.028528528528528568e+03,1.586564675869786889e+01
-1.023523523523523636e+03,1.593189008950497509e+01
-1.018518518518518476e+03,1.599763796812074546e+01
-1.013513513513513544e+03,1.606262560801856409e+01
-1.008508508508508612e+03,1.612716218549452663e+01
-1.003503503503503453e+03,1.619124847810709866e+01
-9.984984984984985203e+02,1.625488574521347118e+01
-9.934934934934935882e+02,1.631787966977359616e+01
-9.884884884884884286e+02,1.638038212589687248e+01
-9.834834834834834965e+02,1.644245767966249971e+01
-9.784784784784785643e+02,1.650410691526347051e+01
-9.734734734734734047e+02,1.656528599598887297e+01
-9.684684684684684726e+02,1.662587125541421784e+01
-9.634634634634635404e+02,1.668604727107563690e+01
-9.584584584584583808e+02,1.674581431778753426e+01
-9.534534534534534487e+02,1.680517314867510237e+01
-9.484484484484485165e+02,1.686406878931362741e+01
-9.434434434434433570e+02,1.692241720367768565e+01
-9.384384384384384248e+02,1.698035318925743553e+01
-9.334334334334334926e+02,1.703790428407951296e+01
-9.284284284284283331e+02,1.709508064256606730e+01
-9.234234234234234009e+02,1.715185921511280753e+01
-9.184184184184184687e+02,1.720809343154088822e+01
-9.134134134134133092e+02,1.726395348188672330e+01
-9.084084084084083770e+02,1.731944110167355433e+01
-9.034034034034034448e+02,1.737455389024477270e+01
-8.983983983983985127e+02,1.742929211242206833e+01
-8.933933933933933531e+02,1.748365839550893241e+01
-8.883883883883884209e+02,1.753754664161613164e+01
-8.833833833833834888e+02,1.759107669497961268e+01
-8.783783783783783292e+02,1.764425046430629251e+01
-8.733733733733733970e+02,1.769706991085803338e+01
-8.683683683683684649e+02,1.774953651480581129e+01
-8.633633633633633053e+02,1.780165111699616887e+01
-8.583583583583583732e+02,1.785339955394038824e+01
-8.533533533533534410e+02,1.790472748159630356e+01
-8.483483483483482814e+02,1.795571206910816286e+01
-8.433433433433433493e+02,1.800635525811716775e+01
-8.383383383383384171e+02,1.805666118218357852e+01
-8.333333333333332575e+02,1.810663719830921536e+01
-8.283283283283283254e+02,1.815629513407854034e+01
-8.233233233233235069e+02,1.820565276145091715e+01
-8.183183183183182337e+02,1.825473547271548114e+01
-8.133133133133133015e+02,1.830355249799095674e+01
-8.083083083083083693e+02,1.835218116814188249e+01
-8.033033033033032098e+02,1.840070474531833966e+01
-7.982982982982982776e+02,1.844920623621383982e+01
-7.932932932932934591e+02,1.849777433269056814e+01
-7.882882882882881859e+02,1.854647777887101157e+01
-7.832832832832832537e+02,1.859531647713341940e+01
-7.782782782782783215e+02,1.864415330749419297e+01
-7.732732732732731620e+02,1.869265035737218739e+01
-7.682682682682682298e+02,1.874024350912382175e+01
-7.632632632632632976e+02,1.878617197553525031e+01
-7.582582582582583655e+02,1.882953770145207173e+01
-7.532532532532533196e+02,1.886933539557603012e+01
-7.482482482482482737e+02,1.890428789259199149e+01
-7.432432432432433416e+02,1.893315310870953283e+01
-7.382382382382381820e+02,1.895521683910053667e+01
-7.332332332332332498e+02,1.896997342724788282e+01
-7.282282282282283177e+02,1.897722577546592859e+01
-7.232232232232231581e+02,1.897697656850096593e+01
-7.182182182182182260e+02,1.896938861115998876e+01
-7.132132132132132938e+02,1.895475513383766497e+01
-7.082082082082081342e+02,1.893344705388457427e+01
-7.032032032032032021e+02,1.890593252823473591e+01
-6.981981981981982699e+02,1.887287463242122598e+01
-6.931931931931931103e+02,1.883530527780939323e+01
-6.881881881881881782e+02,1.879474003997367859e+01
-6.831831831831832460e+02,1.875325888566802135e+01
-6.781781781781780865e+02,1.871361243536924945e+01
-6.731731731731731543e+02,1.867925286725129652e+01
-6.681681681681682221e+02,1.865438129618842922e+01
-6.631631631631630626e+02,1.864405102213945042e+01
-6.581581581581581304e+02,1.865395113457404364e+01
-6.531531531531531982e+02,1.869021997793791101e+01
-6.481481481481480387e+02,1.875904882920850270e+01
-6.431431431431431065e+02,1.886614278953668133e+01
-6.381381381381381743e+02,1.901647134446017162e+01
-6.331331331331332422e+02,1.921576551839331515e+01
-6.281281281281280826e+02,1.946669353925592105e+01
-6.231231231231231504e+02,1.977045734622957340e+01
-6.185104427580570245e+02,2.010050251256281584e+01
-6.181181181181182183e+02,2.013106646893090357e+01
-6.131131131131130587e+02,2.058207736311746316e+01
-6.081081081081081265e+02,2.109192513263531055e+01
-6.031031031031031944e+02,2.165972001791212875e+01
-5.980980980980980348e+02,2.228423440495165408e+01
-5.930930930930931027e+02,2.296441274228703122e+01
-5.880880880880881705e+02,2.369978131391679099e+01
-5.830830830830830109e+02,2.449047729493152659e+01
-5.793344938051914141e+02,2.512562814070351891e+01
-5.780780780780780788e+02,2.535394679310618571e+01
-5.730730730730731466e+02,2.632285749273665942e+01
-5.680680680680679870e+02,2.734599081666499387e+01
-5.630630630630630549e+02,2.841783781082786930e+01
-5.580580580580581227e+02,2.954038956160091089e+01
-5.554692611630514421e+02,3.015075376884422553e+01
-5.530530530530529632e+02,3.076167987424444661e+01
-5.480480480480480310e+02,3.207196856718708489e+01
-5.430430430430430988e+02,3.341772878918931156e+01
-5.380380380380379393e+02,3.480178146128890404e+01
-5.367330947289779033e+02,3.517587939698492505e+01
-5.330330330330330071e+02,3.629002814193629689e+01
-5.280280280280280749e+02,3.782496843369906969e+01
-5.230230230230229154e+02,3.938165428549697111e+01
-5.204406006383005661e+02,4.020100502512563168e+01
-5.180180180180179832e+02,4.100175007668988769e+01
-5.130130130130130510e+02,4.266592536441791594e+01
-5.080080080080081188e+02,4.433329404721813205e+01
-5.053502838660122620e+02,4.522613065326633830e+01
-5.030030030030029593e+02,4.604135910020151101e+01
-4.979979979979980271e+02,4.776807951646736683e+01
-4.929929929929930950e+02,4.947635788782240240e+01
-4.907114118427979292e+02,5.025125628140703782e+01
-4.879879879879879354e+02,5.120295150880248514e+01
-4.829829829829830032e+02,5.291265486656807582e+01
-4.779779779779780711e+02,5.458236903103867377e+01
-4.758531262046499251e+02,5.527638190954775155e+01
-4.729729729729729115e+02,5.623548680044208226e+01
-4.679679679679679793e+02,5.784660026310019987e+01
-4.629629629629630472e+02,5.940579842760448770e+01
-4.600045171613853654e+02,6.030150753768845107e+01
-4.579579579579578876e+02,6.092881815157905834e+01
-4.529529529529529555e+02,6.239493173737680820e+01
-4.479479479479477959e+02,6.379234320794908797e+01
-4.429429429429428637e+02,6.513511035332399501e+01
-4.421978597701790932e+02,6.532663316582915058e+01
-4.379379379379379316e+02,6.642393475360010768e+01
-4.329329329329329994e+02,6.764003816118810164e+01
-4.279279279279280672e+02,6.878307930106660706e+01
-4.229229229229230782e+02,6.986726548695266104e+01
-4.205577962084282717e+02,7.035175879396985010e+01
-4.179179179179177481e+02,7.089316276945932316e+01
-4.129129129129128160e+02,7.184459332758537187e+01
-4.079079079079078838e+02,7.272211793006327696e+01
-4.029029029029029516e+02,7.353704700422250085e+01
-3.978978978978980194e+02,7.429230278499071005e+01
-3.928928928928930873e+02,7.498074658784366875e+01
-3.897378993581422151e+02,7.537688442211056383e+01
-3.878878878878877003e+02,7.560865789793413683e+01
-3.828828828828827682e+02,7.617276324973592239e+01
-3.778778778778778360e+02,7.667119796801561904e+01
-3.728728728728729038e+02,7.710303714025884858e+01
-3.678678678678679717e+02,7.747692169643819682e+01
-3.628628628628630395e+02,7.779220501929090403e+01
-3.578578578578576526e+02,7.804450403862179542e+01
-3.528528528528527204e+02,7.824519195174215724e+01
-3.478478478478477882e+02,7.839502246258867046e+01
-3.428428428428428560e+02,7.849055338820006966e+01
-3.378378378378379239e+02,7.854346153792194229e+01
-3.328328328328329917e+02,7.855555508875093551e+01
-3.278278278278276048e+02,7.852878238925484311e+01
-3.228228228228226726e+02,7.847511971782753903e+01
-3.178178178178177404e+02,7.840064462372323817e+01
-3.128128128128128083e+02,7.831497543643101267e+01
-3.078078078078078761e+02,7.822852097118138204e+01
-3.028028028028029439e+02,7.815385001537822518e+01
-2.977977977977980117e+02,7.810251893619823704e+01
-2.927927927927926248e+02,7.808557447677711139e+01
-2.877877877877876927e+02,7.812266808830077025e+01
-2.827827827827827605e+02,7.821622639687188894e+01
-2.777777777777778283e+02,7.838252204898779496e+01
-2.727727727727728961e+02,7.862904385140559782e+01
-2.677677677677679640e+02,7.896280574092031657e+01
-2.627627627627625770e+02,7.941041629658077738e+01
-2.577577577577576449e+02,7.998362564572842359e+01
-2.548195597655415554e+02,8.040201005025126335e+01
-2.527527527527527127e+02,8.065517387279379591e+01
-2.477477477477477805e+02,8.134216790176208178e+01
-2.427427427427428483e+02,8.212791078053227523e+01
-2.377377377377379162e+02,8.303345895326994253e+01
-2.327327327327325293e+02,8.413455527265837475e+01
-2.281149532636348454e+02,8.542713567839194866e+01
-2.277277277277275971e+02,8.551360093839123522e+01
-2.227227227227226649e+02,8.656858355548129680e+01
-2.177177177177177327e+02,8.759022992250827144e+01
-2.127127127127128006e+02,8.858045891674757399e+01
-2.090967002585317971e+02,8.542713567839197708e+01
-2.127127127127128006e+02,8.320011349680385138e+01
-2.152659503240989807e+02,8.040201005025126335e+01
-2.177177177177177327e+02,7.914552534424035457e+01
-2.224829040942138079e+02,7.537688442211056383e+01
-2.227227227227226649e+02,7.526023874772388922e+01
-2.277277277277275971e+02,7.297495332601675955e+01
-2.316701622230139321e+02,7.035175879396985010e+01
-2.327327327327325293e+02,6.993801675859629086e+01
-2.377377377377379162e+02,6.812106546684762520e+01
-2.427427427427428199e+02,6.623743027147449425e+01
-2.448621588625714196e+02,6.532663316582915058e+01
-2.477477477477477805e+02,6.449285685295581061e+01
-2.527527527527527127e+02,6.283158623222105632e+01
-2.577577577577576449e+02,6.052895879664634293e+01
-2.582260861754384678e+02,6.030150753768845107e+01
-2.627627627627625770e+02,5.846803468580269936e+01
-2.677677677677679640e+02,5.689073461459084058e+01
-2.727727727727728961e+02,5.573642107701030568e+01
-2.746851903261263033e+02,5.527638190954774444e+01
-2.777777777777778283e+02,5.453212788220285745e+01
-2.827827827827827605e+02,5.316364359834938114e+01
-2.877877877877876927e+02,5.165402597900661164e+01
-2.920917625174873820e+02,5.025125628140703782e+01
-2.927927927927926248e+02,4.994565652985792070e+01
-2.977977977977980117e+02,4.785176803978194471e+01
-3.028028028028029439e+02,4.576296259338986516e+01
-3.040681263079535483e+02,4.522613065326633830e+01
-3.078078078078078761e+02,4.234583790851365848e+01
-3.107271956188528179e+02,4.020100502512563168e+01
-3.108659045933082439e+02,3.517587939698492505e+01
-3.078078078078078761e+02,3.323292065614427315e+01
-3.028028028028029439e+02,3.087726201427702932e+01
-3.007423952706252521e+02,3.015075376884422553e+01
-2.977977977977980117e+02,2.958563725987529125e+01
-2.927927927927926248e+02,2.880782875941237009e+01
-2.877877877877876927e+02,2.820596578527316467e+01
-2.827827827827827605e+02,2.772666333530363403e+01
-2.777777777777778283e+02,2.735222356612493044e+01
-2.727727727727728961e+02,2.705915834287669952e+01
-2.677677677677679640e+02,2.682793038628103943e+01
-2.627627627627625770e+02,2.665235588374905618e+01
-2.577577577577576449e+02,2.651428526159138954e+01
-2.527527527527527127e+02,2.640957607943753160e+01
-2.477477477477477805e+02,2.632886072543274381e+01
-2.427427427427428483e+02,2.626688940245706760e+01
-2.377377377377379162e+02,2.622015758878690406e+01
-2.327327327327325293e+02,2.618385651623840005e+01
-2.277277277277275971e+02,2.615717153698706454e+01
-2.227227227227226649e+02,2.613667153730103720e+01
-2.177177177177177327e+02,2.612200228324813267e+01
-2.127127127127128006e+02,2.611135825179736969e+01
-2.077077077077078684e+02,2.610414370461212386e+01
-2.027027027027024815e+02,2.609938654473824116e+01
-1.976976976976975493e+02,2.609638605153236313e+01
-1.926926926926926171e+02,2.609455228306315178e+01
-1.876876876876876850e+02,2.609331601645176590e+01
-1.826826826826827528e+02,2.609230063789835796e+01
-1.776776776776778206e+02,2.609117089140085710e+01
-1.726726726726728884e+02,2.608966200496502097e+01
-1.676676676676675015e+02,2.608765568014528213e+01
-1.626626626626625693e+02,2.608495600382281054e+01
-1.576576576576576372e+02,2.608159736211126756e+01
-1.526526526526527050e+02,2.607744706995974582e+01
-1.476476476476477728e+02,2.607264475941373405e+01
-1.426426426426428407e+02,2.606715461905639586e+01
-1.376376376376374537e+02,2.606119170182819644e+01
-1.326326326326325216e+02,2.605482477773507810e+01
-1.276276276276275894e+02,2.604821616400144535e+01
-1.226226226226226572e+02,2.604137761087725167e+01
-1.176176176176177250e+02,2.603433429655924414e+01
-1.126126126126127929e+02,2.602703993728651000e+01
-1.076076076076074060e+02,2.601950864752191706e+01
-1.026026026026024738e+02,2.601172145454799178e+01
-9.759759759759754161e+01,2.600370356741158062e+01
-9.259259259259260944e+01,2.599545333060689600e+01
-8.758758758758767726e+01,2.598698609107769997e+01
-8.258258258258274509e+01,2.597831045744114675e+01
-7.757757757757735817e+01,2.596943153267258353e+01
-7.257257257257242600e+01,2.596036960127927529e+01
-6.756756756756749382e+01,2.595112284372874001e+01
-6.256256256256256165e+01,2.594172316487901142e+01
-5.755755755755762948e+01,2.593216473794026911e+01
-5.255255255255269731e+01,2.592248726274533865e+01
-4.754754754754776513e+01,2.591268515252055948e+01
-4.254254254254237821e+01,2.590279656661818208e+01
-3.753753753753744604e+01,2.589282544677892517e+01
-3.253253253253251387e+01,2.588279790177791639e+01
-2.752752752752758170e+01,2.587272485867757155e+01
-2.252252252252264952e+01,2.586262310585731683e+01
-1.751751751751771735e+01,2.585250414180583078e+01
-1.251251251251233043e+01,2.584237798382104856e+01
-7.507507507507398259e+00,2.583225208493605507e+01
-2.502502502502466086e+00,2.582213137833569050e+01
2.502502502502466086e+00,2.581201746604708092e+01
7.507507507507398259e+00,2.580191068385218145e+01
1.251251251251233043e+01,2.579180789229871706e+01
1.751751751751771735e+01,2.578170458581229951e+01
2.252252252252264952e+01,2.577159525960737341e+01
2.752752752752758170e+01,2.576147246253882983e+01
3.253253253253251387e+01,2.575132911370675615e+01
3.753753753753744604e+01,2.574115842533674936e+01
4.254254254254237821e+01,2.573095182069570441e+01
4.754754754754776513e+01,2.572070691434566214e+01
5.255255255255269731e+01,2.571041365671649004e+01
5.755755755755762948e+01,2.570007655763455290e+01
6.256256256256256165e+01,2.568968456720891425e+01
6.756756756756749382e+01,2.567924809775285055e+01
7.257257257257242600e+01,2.566876057944940825e+01
7.757757757757735817e+01,2.565823264427147876e+01
8.258258258258274509e+01,2.564766425583013287e+01
8.758758758758767726e+01,2.563706502617102245e+01
9.259259259259260944e+01,2.562643997212683900e+01
9.759759759759754161e+01,2.561579772028976265e+01
1.026026026026024738e+02,2.560514569948128027e+01
1.076076076076074060e+02,2.559449181626052905e+01
1.126126126126127929e+02,2.558384316950097670e+01
1.176176176176177250e+02,2.557320708001718401e+01
1.226226226226226572e+02,2.556258810090931277e+01
1.276276276276275894e+02,2.555199267650394646e+01
1.326326326326325216e+02,2.554142154936319287e+01
1.376376376376374537e+02,2.553087945347770216e+01
1.426426426426428407e+02,2.552036311635101029e+01
1.476476476476477728e+02,2.550987426142563663e+01
1.526526526526527050e+02,2.549940637270520583e+01
1.576576576576576372e+02,2.548895673462622113e+01
1.626626626626625693e+02,2.547851699336850473e+01
1.676676676676675015e+02,2.546807893049928495e+01
1.726726726726728884e+02,2.545763395169005605e+01
1.776776776776778206e+02,2.544716826765088413e+01
1.826826826826827528e+02,2.543667425550689032e+01
1.876876876876876850e+02,2.542613400416064451e+01
1.926926926926926171e+02,2.541554122344303934e+01
1.976976976976975493e+02,2.540487713553606497e+01
2.027027027027024815e+02,2.539413599137440514e+01
2.077077077077078684e+02,2.538330297090860554e+01
2.127127127127128006e+02,2.537237109624940246e+01
2.177177177177177327e+02,2.536133505355946482e+01
2.227227227227226649e+02,2.535018452084361940e+01
2.277277277277275971e+02,2.533892845410644412e+01
2.327327327327325293e+02,2.532755194236927920e+01
2.377377377377379162e+02,2.531607879722207244e+01
2.427427427427428483e+02,2.530449492995465732e+01
2.477477477477477805e+02,2.529282897445430223e+01
2.527527527527527127e+02,2.528108306450957343e+01
2.577577577577576449e+02,2.526927707804815881e+01
2.627627627627625770e+02,2.525742887218269317e+01
2.677677677677679640e+02,2.524555441713205539e+01
2.727727727727728961e+02,2.523367601048355624e+01
2.777777777777778283e+02,2.522181440741739422e+01
2.827827827827827605e+02,2.520998662641252608e+01
2.877877877877876927e+02,2.519821294587924854e+01
2.927927927927926248e+02,2.518651232954083952e+01
2.977977977977980117e+02,2.517489031585191839e+01
3.028028028028029439e+02,2.516337462156489480e+01
3.078078078078078761e+02,2.515195925549621592e+01
3.128128128128128083e+02,2.514065259760495508e+01
3.178178178178177404e+02,2.512946667839389647e+01
3.195512564456900577e+02,2.512562814070351891e+01
3.228228228228226726e+02,2.511880137263112545e+01
3.278278278278276048e+02,2.510846304543455787e+01
3.328328328328329917e+02,2.509822197155356349e+01
3.378378378378379239e+02,2.508806274098300548e+01
3.428428428428427992e+02,2.507798619889292624e+01
3.478478478478477882e+02,2.506797353314471266e+01
3.528528528528527204e+02,2.505801127336400214e+01
3.578578578578575957e+02,2.504809327613754277e+01
3.628628628628630395e+02,2.503820272816004433e+01
3.678678678678679717e+02,2.502832890701472124e+01
3.728728728728729038e+02,2.501846209217812600e+01
3.778778778778778360e+02,2.500859271166721598e+01
3.828828828828827682e+02,2.499871410330564103e+01
3.878878878878876435e+02,2.498881817006143535e+01
3.928928928928930873e+02,2.497890067782274670e+01
3.978978978978980194e+02,2.496896046727832541e+01
4.029029029029029516e+02,2.495899471748332132e+01
4.079079079079078838e+02,2.494899963803841914e+01
4.129129129129128160e+02,2.493897973470135909e+01
4.179179179179177481e+02,2.492893588571505603e+01
4.229229229229231350e+02,2.491886660047368096e+01
4.279279279279280672e+02,2.490877479933505256e+01
4.329329329329329425e+02,2.489866374689195538e+01
4.379379379379379316e+02,2.488853471748309687e+01
4.429429429429428637e+02,2.487838598164995929e+01
4.479479479479477959e+02,2.486821987864874117e+01
4.529529529529527281e+02,2.485803698271810447e+01
4.579579579579581150e+02,2.484783641464079551e+01
4.629629629629631040e+02,2.483761434082824593e+01
4.679679679679679793e+02,2.482736874202747401e+01
4.729729729729729115e+02,2.481709842465239291e+01
4.779779779779778437e+02,2.480680016658689979e+01
4.829829829829827759e+02,2.479647043700852294e+01
4.879879879879881059e+02,2.478609950250731231e+01
4.929929929929930950e+02,2.477568856833057254e+01
4.979979979979980271e+02,2.476523436913403131e+01
5.030030030030029593e+02,2.475473369622213937e+01
5.080080080080078915e+02,2.474418378189055900e+01
5.130130130130128236e+02,2.473357682996863360e+01
5.180180180180182106e+02,2.472291482828490672e+01
5.230230230230231427e+02,2.471219916727777033e+01
5.280280280280280749e+02,2.470143005272920789e+01
5.330330330330330071e+02,2.469060848480789616e+01
5.380380380380379393e+02,2.467973624727254034e+01
5.430430430430428714e+02,2.466881240209542270e+01
5.480480480480482584e+02,2.465784208114607878e+01
5.530530530530531905e+02,2.464683158482450054e+01
5.580580580580581227e+02,2.463578529495904235e+01
5.630630630630630549e+02,2.462470793338776787e+01
5.680680680680679870e+02,2.461360444373078593e+01
5.730730730730729192e+02,2.460247986773351769e+01
5.780780780780778514e+02,2.459133920306900478e+01
5.830830830830832383e+02,2.458018638634868935e+01
5.880880880880881705e+02,2.456902735568405660e+01
5.930930930930929890e+02,2.455786638714276648e+01
5.980980980980979211e+02,2.454670701238055841e+01
6.031031031031029670e+02,2.453555220345592858e+01
6.081081081081078992e+02,2.452440431676450672e+01
6.131131131131132861e+02,2.451326507778540531e+01
6.181181181181182183e+02,2.450213558763449484e+01
6.231231231231231504e+02,2.449101634801222005e+01
6.281281281281280826e+02,2.447990732931693358e+01
6.331331331331330148e+02,2.446880803237514002e+01
6.381381381381379470e+02,2.445771760644495174e+01
6.431431431431433339e+02,2.444663494948636639e+01
6.481481481481483797e+02,2.443555876252908021e+01
6.531531531531531982e+02,2.442448772386302380e+01
6.581581581581581304e+02,2.441342069772497680e+01
6.631631631631630626e+02,2.440235673025864571e+01
6.681681681681679947e+02,2.439129514631859763e+01
6.731731731731733817e+02,2.438023557443858991e+01
6.781781781781783138e+02,2.436917798908034882e+01
6.831831831831832460e+02,2.435812268609726416e+01
6.881881881881881782e+02,2.434707026839013722e+01
6.931931931931931103e+02,2.433602157402672006e+01
6.981981981981980425e+02,2.432497761620976817e+01
7.032032032032029747e+02,2.431393947904775388e+01
7.082082082082084753e+02,2.430290823479834472e+01
7.132132132132132938e+02,2.429188483121044584e+01
7.182182182182182260e+02,2.428087001339163464e+01
7.232232232232231581e+02,2.426986422745654437e+01
7.282282282282280903e+02,2.425886757240467162e+01
7.332332332332330225e+02,2.424787974005619873e+01
7.382382382382384094e+02,2.423690001461869414e+01
7.432432432432433416e+02,2.422592725899573551e+01
7.482482482482482737e+02,2.421495996837802522e+01
7.532532532532532059e+02,2.420399630115183598e+01
7.582582582582582518e+02,2.419303398397309479e+01
7.632632632632630703e+02,2.418207056048461112e+01
7.682682682682684572e+02,2.417110380279368087e+01
7.732732732732733893e+02,2.416013147526871307e+01
7.782782782782783215e+02,2.414915156663801099e+01
7.832832832832832537e+02,2.413816237870595671e+01
7.882882882882881859e+02,2.412716263754256474e+01
7.932932932932931180e+02,2.411615155560306789e+01
7.982982982982985050e+02,2.410512888991921088e+01
8.033033033033034371e+02,2.409409496275234019e+01
8.083083083083083693e+02,2.408305065605566142e+01
8.133133133133133015e+02,2.407199738811742407e+01
8.183183183183182337e+02,2.406093704643616604e+01
8.233233233233232795e+02,2.404987162966816427e+01
8.283283283283285527e+02,2.403880397177877981e+01
8.333333333333334849e+02,2.402773783855138845e+01
8.383383383383385308e+02,2.401667611930339064e+01
8.433433433433433493e+02,2.400562155833073774e+01
8.483483483483482814e+02,2.399457662312070383e+01
8.533533533533532136e+02,2.398354340681873254e+01
8.583583583583581458e+02,2.397252354873783275e+01
8.633633633633635327e+02,2.396151816445104288e+01
8.683683683683684649e+02,2.395052925536725752e+01
8.733733733733733970e+02,2.393955526816950652e+01
8.783783783783783292e+02,2.392859475094562072e+01
8.833833833833832614e+02,2.391764600272418662e+01
8.883883883883881936e+02,2.390670686795565558e+01
8.933933933933935805e+02,2.389577481987161889e+01
8.983983983983985127e+02,2.388484703755762339e+01
9.034034034034033311e+02,2.387391837836249309e+01
9.084084084084083770e+02,2.386298565298017138e+01
9.134134134134133092e+02,2.385204573271304440e+01
9.184184184184182413e+02,2.384109566157976090e+01
9.234234234234236283e+02,2.383013273442187696e+01
9.284284284284285604e+02,2.381915432640688834e+01
9.334334334334333789e+02,2.380815139713429929e+01
9.384384384384384248e+02,2.379712810417516167e+01
9.434434434434433570e+02,2.378608351111072494e+01
9.484484484484482891e+02,2.377501700281856500e+01
9.534534534534536760e+02,2.376392824438008233e+01
9.584584584584586082e+02,2.375281087093625487e+01
9.634634634634635404e+02,2.374166864130610577e+01
9.684684684684684726e+02,2.373050488079343978e+01
9.734734734734734047e+02,2.371932023276354329e+01
9.784784784784783369e+02,2.370811537333513286e+01
9.834834834834832691e+02,2.369688376652297634e+01
9.884884884884887697e+02,2.368563170755384206e+01
9.934934934934935882e+02,2.367436157696872812e+01
9.984984984984985203e+02,2.366307387369970883e+01
1.003503503503503453e+03,2.365176682043959744e+01
1.008508508508508271e+03,2.364043595199670023e+01
1.013513513513513317e+03,2.362908871541387512e+01
1.018518518518518704e+03,2.361772553862215318e+01
1.023523523523523636e+03,2.360634685977118963e+01
1.028528528528528568e+03,2.359494452043945500e+01
1.033533533533533500e+03,2.358352825879109460e+01
1.038538538538538432e+03,2.357209972506811724e+01
1.043543543543543365e+03,2.356066007064375611e+01
1.048548548548548752e+03,2.354920538030948407e+01
1.053553553553553684e+03,2.353774490773526651e+01
1.058558558558558616e+03,2.352628177387742880e+01
1.063563563563563548e+03,2.351481802257200826e+01
1.068568568568568480e+03,2.350335793136141049e+01
1.073573573573573412e+03,2.349190793686993572e+01
1.078578578578578799e+03,2.348047055859105825e+01
1.083583583583583732e+03,2.346905069536994048e+01
1.088588588588588664e+03,2.345765970048782023e+01
1.093593593593593596e+03,2.344629501033386987e+01
1.098598598598598528e+03,2.343495825050359471e+01
1.103603603603603460e+03,2.342366445458844382e+01
1.108608608608608392e+03,2.341241182232241869e+01
1.113613613613613779e+03,2.340119497096553403e+01
1.118618618618618711e+03,2.339001907821221593e+01
1.123623623623623644e+03,2.337889710093396900e+01
1.128628628628628576e+03,2.336781017389113657e+01
1.133633633633633508e+03,2.335675727785084632e+01
1.138638638638638440e+03,2.334575180222714152e+01
1.143643643643643827e+03,2.333477427510179325e+01
1.148648648648648759e+03,2.332381995030370803e+01
1.153653653653653691e+03,2.331289077383646102e+01
1.158658658658658624e+03,2.330197459856752218e+01
1.163663663663663556e+03,2.329106522958641179e+01
1.168668668668668488e+03,2.328015774926236503e+01
1.173673673673673875e+03,2.326923914533970716e+01
1.178678678678678807e+03,2.325831012240791296e+01
1.183683683683683739e+03,2.324736263514047607e+01
1.188688688688688671e+03,2.323637863497052081e+01
1.193693693693693604e+03,2.322537077163391572e+01
1.198698698698698536e+03,2.321432904389011398e+01
1.203703703703703923e+03,2.320323311438682623e+01
1.208708708708708855e+03,2.319210653862167248e+01
1.213713713713713787e+03,2.318093654935368875e+01
1.218718718718718719e+03,2.316970828541060001e+01
1.223723723723723651e+03,2.315844967119101838e+01
1.228728728728728584e+03,2.314714457746386245e+01
1.233733733733733516e+03,2.313579093954279742e+01
1.238738738738738903e+03,2.312441261097667322e+01
1.243743743743743835e+03,2.311299175283607354e+01
1.248748748748748767e+03,2.310154045462482486e+01
1.253753753753753699e+03,2.309007272612346640e+01
1.258758758758758631e+03,2.307857299095159220e+01
1.263763763763763563e+03,2.306706117175311732e+01
1.268768768768768950e+03,2.305554061662631682e+01
1.273773773773773883e+03,2.304400355619595331e+01
1.278778778778778815e+03,2.303246595335886227e+01
1.283783783783783747e+03,2.302092502571638732e+01
1.288788788788788679e+03,2.300938253883515472e+01
1.293793793793793611e+03,2.299784279456398650e+01
1.298798798798798998e+03,2.298630373381227088e+01
1.303803803803803930e+03,2.297476700202258471e+01
1.308808808808808863e+03,2.296323352857372413e+01
1.313813813813813795e+03,2.295169774688437769e+01
1.318818818818818727e+03,2.294016322589256163e+01
1.323823823823823659e+03,2.292862565074118919e+01
1.328828828828829046e+03,2.291708089345239685e+01
1.333833833833833978e+03,2.290553511995691949e+01
1.338838838838838910e+03,2.289397003413592557e+01
1.343843843843843842e+03,2.288239889332817256e+01
1.348848848848848775e+03,2.287081320854376543e+01
1.353853853853853707e+03,2.285920705918613649e+01
1.358858858858858639e+03,2.284759469851467628e+01
1.363863863863864026e+03,2.283594805471247469e+01
1.368868868868868958e+03,2.282429356118217356e+01
1.373873873873873890e+03,2.281261712861422097e+01
1.378878878878878822e+03,2.280092169489068255e+01
1.383883883883883755e+03,2.278921778295634226e+01
1.388888888888888687e+03,2.277748823601195838e+01
1.393893893893894074e+03,2.276575677291436151e+01
1.398898898898899006e+03,2.275401053013980146e+01
1.403903903903903938e+03,2.274226274178832341e+01
1.408908908908908870e+03,2.273051267910268791e+01
1.413913913913913802e+03,2.271876545944594028e+01
1.418918918918918735e+03,2.270702319523585544e+01
1.423923923923924121e+03,2.269529454150171333e+01
1.428928928928929054e+03,2.268357642400136598e+01
1.433933933933933986e+03,2.267187892078314349e+01
1.438938938938938918e+03,2.266020063007900376e+01
1.443943943943943850e+03,2.264854370881828061e+01
1.448948948948948782e+03,2.263691694301689949e+01
1.453953953953954169e+03,2.262530741263564593e+01
1.458958958958959101e+03,2.261373855705633673e+01
1.463963963963964034e+03,2.260218335271243717e+01
1.468968968968968966e+03,2.259066914408599658e+01
1.473973973973973898e+03,2.257917041827523974e+01
1.478978978978978830e+03,2.256770227971668419e+01
1.483983983983983762e+03,2.255625202539987129e+01
1.488988988988989149e+03,2.254482185227924163e+01
1.493993993993994081e+03,2.253340691421279729e+01
1.498998998998999014e+03,2.252200340511037524e+01
1.504004004004003946e+03,2.251060679660382036e+01
1.509009009009008878e+03,2.249921624317198621e+01
1.514014014014013810e+03,2.248781882645567620e+01
1.519019019019019197e+03,2.247642437937568971e+01
1.524024024024024129e+03,2.246500847234843690e+01
1.529029029029029061e+03,2.245359031806772521e+01
1.534034034034033994e+03,2.244214247262882367e+01
1.539039039039038926e+03,2.243068383368092356e+01
1.544044044044043858e+03,2.241919156443557171e+01
1.549049049049049245e+03,2.240767904306680691e+01
1.554054054054054177e+03,2.239613268873607765e+01
1.559059059059059109e+03,2.238455714911216177e+01
1.564064064064064041e+03,2.237295039870693714e+01
1.569069069069068973e+03,2.236130726806453595e+01
1.574074074074073906e+03,2.234963732806981085e+01
1.579079079079079293e+03,2.233792629375090399e+01
1.584084084084084225e+03,2.232619359721005381e+01
1.589089089089089157e+03,2.231441772497593234e+01
1.594094094094094089e+03,2.230262522286309945e+01
1.599099099099099476e+03,2.229078957307906350e+01
1.604104104104104408e+03,2.227894157382142737e+01
1.609109109109109340e+03,2.226705145867486735e+01
1.614114114114114273e+03,2.225515212529625941e+01
1.619119119119119205e+03,2.224321115274161897e+01
1.624124124124124137e+03,2.223126269172185232e+01
1.629129129129129069e+03,2.221927079898009794e+01
1.634134134134134001e+03,2.220727150605372557e+01
1.639139139139138933e+03,2.219522311451624574e+01
1.644144144144143866e+03,2.218316533003627811e+01
1.649149149149148798e+03,2.217104776434844382e+01
1.654154154154153730e+03,2.215891587638756022e+01
1.659159159159159572e+03,2.214670807288086252e+01
1.664164164164164504e+03,2.213447655658812607e+01
1.669169169169169436e+03,2.212214810159024836e+01
1.674174174174174368e+03,2.210977966045296483e+01
1.679179179179179300e+03,2.209729010281143502e+01
1.684184184184184232e+03,2.208473382378790362e+01
1.689189189189189165e+03,2.207203223609847242e+01
1.694194194194194097e+03,2.205922174348993181e+01
1.699199199199199029e+03,2.204624645548767248e+01
1.704204204204203961e+03,2.203309790315301342e+01
1.709209209209208893e+03,2.201977639849187085e+01
1.714214214214213825e+03,2.200618628296250279e+01
1.719219219219219667e+03,2.199243527551673338e+01
1.724224224224224599e+03,2.197827800009581267e+01
1.729229229229229531e+03,2.196400374456194982e+01
1.734234234234234464e+03,2.194912905005093506e+01
1.739239239239239396e+03,2.193422796626414595e+01
1.744244244244244328e+03,2.191845824471930015e+01
1.749249249249249260e+03,2.190269924712274019e+01
1.754254254254254192e+03,2.188594555971850042e+01
1.759259259259259125e+03,2.186908547767228939e+01
1.764264264264264057e+03,2.185123113632431568e+01
1.769269269269268989e+03,2.183303055856665509e+01
1.774274274274273921e+03,2.181391533619955680e+01
1.779279279279278853e+03,2.179410116426849342e+01
1.784284284284284695e+03,2.177356032960886978e+01
1.789289289289289627e+03,2.175182573457050950e+01
1.794294294294294559e+03,2.172969359798023703e+01
1.799299299299299491e+03,2.170570021600081390e+01
1.804304304304304424e+03,2.168173126302475495e+01
1.809309309309309356e+03,2.165519652311716214e+01
1.814314314314314288e+03,2.162860935294039777e+01
1.819319319319319220e+03,2.159977347159276206e+01
1.824324324324324152e+03,2.157018603164127768e+01
1.829329329329329084e+03,2.153888958705249479e+01
1.834334334334334017e+03,2.150591257050454885e+01
1.839339339339338949e+03,2.147201705615955802e+01
1.844344344344344790e+03,2.143526779921682035e+01
1.849349349349349723e+03,2.139857514966709573e+01
1.854354354354354655e+03,2.135777465165196887e+01
1.859359359359359587e+03,2.131696306322373857e+01
1.864364364364364519e+03,2.127301527856548091e+01
1.869369369369369451e+03,2.122776735620681521e+01
1.874374374374374383e+03,2.118064362632507169e+01
1.879379379379379316e+03,2.113069872065976540e+01
1.884384384384384248e+03,2.108039486247512784e+01
1.889389389389389180e+03,2.102556326754173455e+01
1.894394394394394112e+03,2.097085612137154698e+01
1.899399399399399044e+03,2.091226456886294827e+01
1.904404404404403977e+03,2.085258512276678289e+01
1.909409409409409818e+03,2.079080132750263132e+01
1.914414414414414750e+03,2.072612820856192428e+01
1.919419419419419683e+03,2.066126175498939332e+01
1.924424424424424615e+03,2.059165637440855789e+01
1.929429429429429547e+03,2.052224905834097157e+01
1.934434434434434479e+03,2.044941351516259331e+01
1.939439439439439411e+03,2.037523612244125815e+01
1.944444444444444343e+03,2.029970165140195348e+01
1.949449449449449276e+03,2.022094819049067382e+01
1.954454454454454208e+03,2.014244540066733080e+01
1.956991479887924925e+03,2.010050251256281939e+01
1.959459459459459140e+03,2.006266937312201293e+01
1.964464464464464072e+03,1.998580004208889704e+01
1.969469469469469914e+03,1.990711798499489404e+01
1.974474474474474846e+03,1.982662612873196650e+01
1.979479479479479778e+03,1.974622034205140153e+01
1.984484484484484710e+03,1.966234476671346698e+01
1.989489489489489642e+03,1.957885883507842095e+01
1.994494494494494575e+03,1.949331526132333892e+01
1.999499499499499507e+03,1.940668430943910394e+01
2.004504504504504439e+03,1.931986541962582038e+01
2.009509509509509371e+03,1.923025450458059993e+01
2.014514514514514303e+03,1.914108636077822823e+01
2.019519519519519008e+03,1.904981052258827745e+01
2.024524524524524168e+03,1.895779831003990523e+01
2.029529529529529327e+03,1.886555579524826598e+01
2.034534534534534941e+03,1.877074546419846257e+01
2.039539539539539874e+03,1.867642708104880001e+01
2.044544544544544806e+03,1.858003478080171789e+01
2.049549549549549738e+03,1.848292724701182976e+01
2.054554554554554670e+03,1.838574700644079485e+01
2.059559559559559602e+03,1.828577229720401220e+01
2.064564564564564535e+03,1.818633856474268384e+01
2.069569569569569467e+03,1.808496575993729039e+01
2.074574574574574399e+03,1.798255739461976432e+01
2.079579579579579331e+03,1.788050160301688152e+01
2.084584584584584263e+03,1.777493370799637518e+01
2.089589589589589195e+03,1.766995983770609158e+01
2.094594594594595037e+03,1.756341249002735339e+01
2.099599599599599969e+03,1.745508130874851815e+01
2.104604604604604901e+03,1.734737060737339220e+01
2.109609609609609834e+03,1.723598545927017511e+01
2.114614614614614766e+03,1.712468035881259709e+01
2.119619619619619698e+03,1.701259177963556724e+01
2.124624624624624630e+03,1.689737960688093565e+01
2.129629629629629562e+03,1.678285277766980244e+01
2.134634634634634494e+03,1.666535964461605346e+01
2.139639639639639427e+03,1.654660625293327669e+01
2.144644644644644359e+03,1.642853461866576481e+01
2.149649649649649291e+03,1.630514343337314997e+01
2.154654654654654223e+03,1.618251374166553092e+01
2.159659659659660065e+03,1.605834992599200106e+01
2.164664664664664997e+03,1.593065711574644894e+01
2.169669669669669929e+03,1.580376503169227931e+01
2.174674674674674861e+03,1.567285681895021909e+01
2.179679679679679793e+03,1.554041528822308216e+01
2.184684684684684726e+03,1.540881675514750881e+01
2.189689689689689658e+03,1.527039903018165212e+01
2.194694694694694590e+03,1.513268312806127724e+01
2.196752622918937504e+03,1.507537688442211277e+01
2.199699699699699522e+03,1.500144924405240054e+01
2.204704704704704454e+03,1.487109806683637281e+01
2.209709709709709387e+03,1.474196586662215935e+01
2.214714714714714319e+03,1.460949038797930299e+01
2.219719719719720160e+03,1.447433725762250312e+01
2.224724724724725093e+03,1.434049120542425548e+01
2.229729729729730025e+03,1.420058091715339010e+01
2.234734734734734957e+03,1.406008271312152402e+01
2.239739739739739889e+03,1.392077418966425384e+01
2.244744744744744821e+03,1.377277052173234217e+01
2.249749749749749753e+03,1.362630845413450942e+01
2.254754754754754686e+03,1.347862900700500788e+01
2.259759759759759618e+03,1.332377739873683709e+01
2.264764764764764550e+03,1.317059622809972197e+01
2.269769769769769482e+03,1.301343441973921777e+01
2.274774774774774414e+03,1.285076297209210239e+01
2.279779779779779346e+03,1.268990874920401879e+01
2.284784784784785188e+03,1.252191195477081109e+01
2.289789789789790120e+03,1.235029676817278244e+01
2.294794794794795052e+03,1.218066460599460044e+01
2.299799799799799985e+03,1.200016056978811285e+01
2.304804804804804917e+03,1.181814092058283983e+01
2.309809809809809849e+03,1.163829244983292099e+01
2.314814814814814781e+03,1.144311512108029838e+01
2.319819819819819713e+03,1.124881047087022878e+01
2.324824824824824645e+03,1.105593931463261548e+01
2.329829829829829578e+03,1.084418746962103342e+01
2.334834834834834510e+03,1.063510699659303427e+01
2.339839839839839442e+03,1.042474238199121572e+01
2.344844844844845284e+03,1.019454696342607747e+01
2.348015270767678430e+03,1.005025125628140792e+01
2.349849849849850216e+03,9.977873519470914943e+00
2.354854854854855148e+03,9.776687842523294592e+00
2.359859859859860080e+03,9.558758499880928738e+00
2.364864864864865012e+03,9.345582819719634671e+00
2.369869869869869945e+03,9.127125424010571919e+00
2.374874874874874877e+03,8.890757177521473764e+00
2.379879879879879809e+03,8.659934955267935663e+00
2.384884884884884741e+03,8.420500666223492914e+00
2.389889889889889673e+03,8.160862220679572232e+00
2.394894894894894605e+03,7.907769569919597785e+00
2.399899899899899538e+03,7.642001243220537532e+00
2.404904904904904470e+03,7.351743274330140743e+00
2.409909909909910311e+03,7.069291405369710901e+00
2.414914914914915244e+03,6.768862125274853092e+00
2.419919919919920176e+03,6.435805525197277888e+00
2.424924924924925108e+03,6.112104771108228363e+00
2.429929929929930040e+03,5.762767515307420041e+00
2.434934934934934972e+03,5.364350692432837242e+00
2.439309419262514439e+03,5.025125628140703959e+00
2.439939939939939904e+03,4.985378281019255731e+00
2.444944944944944837e+03,4.639910240767211036e+00
2.449949949949949769e+03,4.240297236189127794e+00
2.454954954954954701e+03,3.865950287103722793e+00
2.459959959959959633e+03,3.465199086809395812e+00
2.464964964964964565e+03,2.970093522218336890e+00
2.469969969969970407e+03,2.508993137598794387e+00
2.474974974974975339e+03,2.025591548910212758e+00
2.479979979979980271e+03,1.408068891810123846e+00
2.484984984984985203e+03,8.693739238827972171e-01
2.489989989989990136e+03,1.444087568291315959e-01
2.490249292308099939e+03,0.000000000000000000e+00
-2.500000000000000000e+03,2.396753004036243340e+01
-2.494994994994995068e+03,2.396363977135919043e+01
-2.489989989989990136e+03,2.395975020954541890e+01
-2.484984984984985203e+03,2.395586135472774103e+01
-2.479979979979980271e+03,2.394561858814753919e+01
-2.474974974974974884e+03,2.393455888684546551e+01
-2.469969969969969952e+03,2.392350489452193329e+01
-2.464964964964965020e+03,2.390793961047169347e+01
-2.459959959959960088e+03,2.389119713671033196e+01
-2.454954954954955156e+03,2.387446770344730851e+01
-2.449949949949949769e+03,2.385486797618456123e+01
-2.444944944944944837e+03,2.383415615041953117e+01
-2.439939939939939904e+03,2.381346418103455420e+01
-2.434934934934934972e+03,2.379106611954280481e+01
-2.429929929929930040e+03,2.376782403896191909e+01
-2.424924924924925108e+03,2.374460682087744701e+01
-2.419919919919919721e+03,2.372039825109721889e+01
-2.414914914914914789e+03,2.369562725736137665e+01
-2.409909909909909857e+03,2.367088434986945344e+01
-2.404904904904904924e+03,2.364557623045021728e+01
-2.399899899899899992e+03,2.361993428502291792e+01
-2.394894894894895060e+03,2.359432228466846126e+01
-2.389889889889889673e+03,2.356842312258713434e+01
-2.384884884884884741e+03,2.354236634992890131e+01
-2.379879879879879809e+03,2.351634035505118092e+01
-2.374874874874874877e+03,2.349021626919759598e+01
-2.369869869869869945e+03,2.346405509180443261e+01
-2.364864864864865012e+03,2.343792480088278296e+01
-2.359859859859860080e+03,2.341179430508464776e+01
-2.354854854854854693e+03,2.338568129682258245e+01
-2.349849849849849761e+03,2.335959893217437155e+01
-2.344844844844844829e+03,2.333351312450387027e+01
-2.339839839839839897e+03,2.330744748557189894e+01
-2.334834834834834965e+03,2.328141226900498495e+01
-2.329829829829830032e+03,2.325529149117611638e+01
-2.324824824824824645e+03,2.322918120187873470e+01
-2.319819819819819713e+03,2.320310135643807214e+01
-2.314814814814814781e+03,2.317683086982722074e+01
-2.309809809809809849e+03,2.315058133550589048e+01
-2.304804804804804917e+03,2.312434086911082431e+01
-2.299799799799799985e+03,2.309788624733977969e+01
-2.294794794794794598e+03,2.307146276419474873e+01
-2.289789789789789666e+03,2.304501878731444009e+01
-2.284784784784784733e+03,2.301842705561938729e+01
-2.279779779779779801e+03,2.299186675419697679e+01
-2.274774774774774869e+03,2.296527868584956877e+01
-2.269769769769769937e+03,2.293862758133041524e+01
-2.264764764764764550e+03,2.291200801704945889e+01
-2.259759759759759618e+03,2.288536934238257459e+01
-2.254754754754754686e+03,2.285872317430597178e+01
-2.249749749749749753e+03,2.283210850807377312e+01
-2.244744744744744821e+03,2.280545897660613264e+01
-2.239739739739739889e+03,2.277882032265899426e+01
-2.234734734734734957e+03,2.275221313483960017e+01
-2.229729729729729570e+03,2.272548234153860847e+01
-2.224724724724724638e+03,2.269877991094871206e+01
-2.219719719719719706e+03,2.267205193692279153e+01
-2.214714714714714773e+03,2.264514560012280242e+01
-2.209709709709709841e+03,2.261827133607953755e+01
-2.204704704704704454e+03,2.259126558464542711e+01
-2.199699699699699522e+03,2.256410520079035109e+01
-2.194694694694694590e+03,2.253697749047879029e+01
-2.189689689689689658e+03,2.250961242642490134e+01
-2.184684684684684726e+03,2.248218410729768379e+01
-2.179679679679679793e+03,2.245478089198988414e+01
-2.174674674674674861e+03,2.242708885508819350e+01
-2.169669669669669474e+03,2.239943067150985101e+01
-2.164664664664664542e+03,2.237170364219031171e+01
-2.159659659659659610e+03,2.234380277214899735e+01
-2.154654654654654678e+03,2.231593615865619995e+01
-2.149649649649649746e+03,2.228784612711115898e+01
-2.144644644644644814e+03,2.225965428676795455e+01
-2.139639639639639427e+03,2.223149725993826209e+01
-2.134634634634634494e+03,2.220271993269469135e+01
-2.129629629629629562e+03,2.217397467264696331e+01
-2.124624624624624630e+03,2.214485227663084643e+01
-2.119619619619619698e+03,2.211500552526560170e+01
-2.114614614614614766e+03,2.208519729125633901e+01
-2.109609609609609834e+03,2.205396213582177722e+01
-2.104604604604604447e+03,2.202221700007779503e+01
-2.099599599599599514e+03,2.199012945215713444e+01
-2.094594594594594582e+03,2.195519670370514831e+01
-2.089589589589589650e+03,2.192031609644758561e+01
-2.084584584584584718e+03,2.188285064795604029e+01
-2.079579579579579331e+03,2.184307179628554252e+01
-2.074574574574574399e+03,2.180336035623030355e+01
-2.069569569569569467e+03,2.175686549408503012e+01
-2.064564564564564535e+03,2.171010868832912877e+01
-2.059559559559559602e+03,2.165963024168386042e+01
-2.054554554554554670e+03,2.160336199703293758e+01
-2.049549549549549738e+03,2.154722833318960440e+01
-2.044544544544544578e+03,2.148079857423250516e+01
-2.039539539539539419e+03,2.141272073517379226e+01
-2.034534534534534487e+03,2.134012678560275234e+01
-2.029529529529529555e+03,2.125795614893223018e+01
-2.024524524524524622e+03,2.117607153821825250e+01
-2.019519519519519463e+03,2.108132994650632952e+01
-2.014514514514514531e+03,2.098398015308943343e+01
-2.009509509509509371e+03,2.088160308298287404e+01
-2.004504504504504439e+03,2.076820300141991638e+01
-1.999499499499499507e+03,2.065534145644889463e+01
-1.994494494494494575e+03,2.052887689024723628e+01
-1.989489489489489415e+03,2.040044435079024865e+01
-1.984484484484484483e+03,2.026663149347021076e+01
-1.979479479479479323e+03,2.012372128172009766e+01
-1.978663529196112449e+03,2.010050251256281584e+01
-1.974474474474474164e+03,1.999014573282623886e+01
-1.969469469469469459e+03,1.984659751662113791e+01
-1.964464464464464299e+03,1.970330705826902573e+01
-1.959459459459459595e+03,1.955510276390057811e+01
-1.954454454454454435e+03,1.940216836285379642e+01
-1.949449449449449503e+03,1.924960178473007133e+01
-1.944444444444444343e+03,1.908861695404728209e+01
-1.939439439439439411e+03,1.892906109426863992e+01
-1.934434434434434479e+03,1.876434104394021318e+01
-1.929429429429429547e+03,1.859813249664869517e+01
-1.924424424424424615e+03,1.843076349752633547e+01
-1.919419419419419228e+03,1.825876521226530258e+01
-1.914414414414414296e+03,1.808837424558443985e+01
-1.909409409409409363e+03,1.791160299956827018e+01
-1.904404404404404431e+03,1.773592434815899921e+01
-1.899399399399399499e+03,1.755690748357438125e+01
-1.894394394394394340e+03,1.737594152062950315e+01
-1.889389389389389407e+03,1.719456382461396515e+01
-1.884384384384384248e+03,1.700798552231741567e+01
-1.879379379379379316e+03,1.682322322568547079e+01
-1.874374374374374383e+03,1.663140647678888229e+01
-1.869369369369369451e+03,1.644059988465968303e+01
-1.864364364364364519e+03,1.624542802602712044e+01
-1.859359359359359132e+03,1.604802231239131416e+01
-1.854354354354354200e+03,1.584922387793732845e+01
-1.849349349349349268e+03,1.564468925693579671e+01
-1.844344344344344336e+03,1.544196890759023688e+01
-1.839339339339339404e+03,1.522975080922291191e+01
-1.835666642633422953e+03,1.507537688442211277e+01
-1.834334334334334471e+03,1.502497271780186061e+01
-1.829329329329329539e+03,1.482877812208094781e+01
-1.824324324324324607e+03,1.463256768074022318e+01
-1.819319319319319447e+03,1.443308727770992306e+01
-1.814314314314314288e+03,1.423041931742381827e+01
-1.809309309309309356e+03,1.402729967176972181e+01
-1.804304304304304424e+03,1.381743599848277526e+01
-1.799299299299299264e+03,1.361025820960556665e+01
-1.794294294294294332e+03,1.339235818351415652e+01
-1.789289289289289172e+03,1.317779204712007157e+01
-1.784284284284284240e+03,1.295377453237794541e+01
-1.779279279279279308e+03,1.273046234892991713e+01
-1.774274274274274376e+03,1.250004945686604785e+01
-1.769269269269269216e+03,1.226687729417485961e+01
-1.764264264264264511e+03,1.202913151866856722e+01
-1.759259259259259125e+03,1.178456973087382309e+01
-1.754254254254254192e+03,1.153824407987455380e+01
-1.749249249249249260e+03,1.128007942982032752e+01
-1.744244244244244328e+03,1.102350454570749960e+01
-1.739239239239239396e+03,1.074866362873824244e+01
-1.734234234234234236e+03,1.047843677642498861e+01
-1.729229229229229077e+03,1.018432654820052718e+01
-1.726928147109013935e+03,1.005025125628140792e+01
-1.724224224224224145e+03,9.913855189190687867e+00
-1.719219219219219212e+03,9.642122940005320331e+00
-1.714214214214214280e+03,9.372968918649736025e+00
-1.709209209209209348e+03,9.088247881442189424e+00
-1.704204204204204188e+03,8.802610086964175906e+00
-1.699199199199199256e+03,8.503498740990529825e+00
-1.694194194194194097e+03,8.199545064125047134e+00
-1.689189189189189165e+03,7.883421992917703847e+00
-1.684184184184184232e+03,7.557321559857467008e+00
-1.679179179179179300e+03,7.219674286988163381e+00
-1.674174174174174368e+03,6.864906841468256360e+00
-1.669169169169169209e+03,6.498929966708923978e+00
-1.664164164164164049e+03,6.106155500821703441e+00
-1.659159159159159117e+03,5.701686416743588559e+00
-1.654154154154154185e+03,5.256276919011072302e+00
-1.651661956695003482e+03,5.025125628140703959e+00
-1.649149149149149252e+03,4.835987561004022162e+00
-1.644144144144144093e+03,4.413932604137214000e+00
-1.639139139139139161e+03,3.990958327092650304e+00
-1.634134134134134001e+03,3.509678948695550194e+00
-1.629129129129129069e+03,3.026811929430873960e+00
-1.624124124124124137e+03,2.455116490141414864e+00
-1.619119119119119205e+03,1.876941084502391943e+00
-1.614114114114114273e+03,1.153897177228677240e+00
-1.609109109109109113e+03,4.267227041048015646e-01
-1.606815356241144400e+03,0.000000000000000000e+00
