-1.377818225723416617e+03,-2.748023771127442870e-04
-1.376836228688077881e+03,-2.685245819716256953e-04
-1.375874042804108512e+03,-2.371108114013039867e-04
-1.374937585452781377e+03,-1.752814788371442564e-04
-1.374024766793203298e+03,-8.612962234040126032e-05
-1.373127495185424323e+03,1.701263036140743628e-05
-1.372235005365370625e+03,1.139509647121714941e-04
-1.371337002617447069e+03,1.850827667150241936e-04
-1.370426117474041121e+03,2.189291181576787136e-04
-1.369499656048209545e+03,2.157791265212833948e-04
-1.368560330727262681e+03,1.862129756998049388e-04
-1.367615378132477417e+03,1.462025874382053459e-04
-1.366673977431584035e+03,1.114744919991571780e-04
-1.365743918284761776e+03,9.296000631538205963e-05
-1.364829058320170589e+03,9.404217482351504476e-05
-1.363928654097622712e+03,1.099614832498568785e-04
-1.363038531340618647e+03,1.297373985745566818e-04
-1.362153183298216163e+03,1.403960717343714969e-04
-1.361267767801712580e+03,1.321481685768987333e-04
-1.360379391129916257e+03,1.023953494919863745e-04
-1.359487514255932410e+03,5.685545253267425335e-05
-1.358593568579533439e+03,7.436497704402974238e-06
-1.357700011550159388e+03,-3.216902409272692830e-05
-1.356809189181263491e+03,-5.149803390695602631e-05
-1.355922432839916155e+03,-4.720538061788765734e-05
-1.355039691366202305e+03,-2.444792924175083270e-05
-1.354159734625416831e+03,4.875309878448220381e-06
-1.353280730836282146e+03,2.654581649916219055e-05
-1.352400918345888613e+03,2.947798784534196365e-05
-1.351519140031305596e+03,1.002038270516513761e-05
-1.350635088464952560e+03,-2.662369836454861661e-05
-1.349749180337009875e+03,-6.836009516154038009e-05
-1.348862060820257966e+03,-1.007081766147614564e-04
-1.347973852202517719e+03,-1.120995699826624666e-04
-1.347083389329627607e+03,-9.798972590146354505e-05
-1.346187780782494428e+03,-6.224223357264404611e-05
-1.345282641092343056e+03,-1.530295453469615466e-05
-1.344363185380217146e+03,2.993496951468781601e-05
-1.343426014965287095e+03,6.263439997077473198e-05
-1.342470940844636971e+03,7.695132637174941208e-05
-1.341501883719032321e+03,7.256646697437076196e-05
-1.340526088186107700e+03,5.334376427658648343e-05
-1.339551657406819686e+03,2.532290976899174525e-05
-1.338584371712748862e+03,-5.028575984730605447e-06
-1.337625289997700975e+03,-3.205142008381562199e-05
-1.336670364820756959e+03,-5.173262549183947428e-05
-1.335712360749441132e+03,-6.215995069267066350e-05
-1.334744267629860815e+03,-6.342481586202112478e-05
-1.333762696590475116e+03,-5.691912115157850359e-05
-1.332769751533149474e+03,-4.433003574513789220e-05
-1.331772570453418211e+03,-2.687802880931897714e-05
-1.330780810994136573e+03,-5.220388650613122405e-06
-1.329803290495349074e+03,1.996572131871461009e-05
-1.328845290834876778e+03,4.713552563826291865e-05
-1.327907555483782517e+03,7.338584892146310379e-05
-1.326987068580420555e+03,9.479647024630124066e-05
-1.326078892222309605e+03,1.076152110355608989e-04
-1.325178063570859877e+03,1.097639569864471718e-04
-1.324280824465651676e+03,1.018833918604669539e-04
-1.323384969483545774e+03,8.733210529756357961e-05
-1.322489521878753976e+03,7.107568938443082718e-05
-1.321594124024718667e+03,5.792056947713022117e-05
-1.320698486094246391e+03,5.081018252060740252e-05
-1.319802077728463246e+03,4.984136834767812342e-05
-1.318904073115648316e+03,5.235053638031298025e-05
-1.318003441422360766e+03,5.399633981732945002e-05
-1.317099049288465949e+03,5.038542876705158713e-05
-1.316189705678322071e+03,3.859856611986880982e-05
-1.315274176727785516e+03,1.805665263881778976e-05
-1.314351248239674987e+03,-9.517110421507568729e-06
-1.313419870219511040e+03,-4.088275932851805804e-05
-1.312479317506413281e+03,-7.237503029851155404e-05
-1.311529244404398924e+03,-1.008254797522590353e-04
-1.310569580272856228e+03,-1.240482653162209810e-04
-1.309600375904110479e+03,-1.409144247267165651e-04
-1.308621822787669998e+03,-1.512200332699609564e-04
-1.307634590138411340e+03,-1.555351353315242199e-04
-1.306640367365160728e+03,-1.550749380134650783e-04
-1.305642248134135116e+03,-1.515123186064301609e-04
-1.304644571600770178e+03,-1.466472918706760592e-04
-1.303652113934707359e+03,-1.419473293867285196e-04
-1.302668927791634815e+03,-1.380858187403730824e-04
-1.301697371423453205e+03,-1.346570993509944945e-04
-1.300737774104997925e+03,-1.302072333482016237e-04
-1.299788819426625651e+03,-1.226091845725809650e-04
-1.298848346978262725e+03,-1.096808040273120213e-04
-1.297914117873191344e+03,-8.985439068487042493e-05
-1.296984223276713010e+03,-6.269377785819981266e-05
-1.296057103715325638e+03,-2.911195618025699824e-05
-1.295131381591718764e+03,8.763054573890803660e-06
-1.294205755627405324e+03,4.802176024381393321e-05
-1.293279074545897856e+03,8.556095617888560898e-05
-1.292350518814396537e+03,1.186324564908428054e-04
-1.291419710335394484e+03,1.451919829409859561e-04
-1.290486608186964759e+03,1.639967546104001471e-04
-1.289551200349352484e+03,1.745233449072557195e-04
-1.288613162362548792e+03,1.768324355658205569e-04
-1.287671715203189933e+03,1.714646224440855287e-04
-1.286725827688394475e+03,1.593616357724675033e-04
-1.285774715356793195e+03,1.417547573805710316e-04
-1.284818398800406612e+03,1.199898793038794298e-04
-1.283858015580545043e+03,9.533327384806815396e-05
-1.282895681498929889e+03,6.884990065389056974e-05
-1.281933919969029603e+03,4.142081089954881610e-05
-1.280974899136288286e+03,1.388626976468473417e-05
-1.280019809573683688e+03,-1.277228020750641090e-05
-1.279068628956680868e+03,-3.731460342228063056e-05
-1.278120307528904050e+03,-5.824822419057969729e-05
-1.277173195099618169e+03,-7.395752583293049886e-05
-1.276225438503879104e+03,-8.292029653030596472e-05
-1.275275154159652857e+03,-8.398006751771902828e-05
-1.274320369492612144e+03,-7.665010522133538107e-05
-1.273358908911705157e+03,-6.140213684112620499e-05
-1.272388459281468840e+03,-3.984925866844453749e-05
-1.271406944609131870e+03,-1.471840224314932361e-05
-1.270413128422018190e+03,1.044035268654166542e-05
-1.269407173442916474e+03,3.176664299030771983e-05
-1.268390845721265350e+03,4.571313337599040844e-05
-1.267367196450547908e+03,4.965667180989470208e-05
-1.266339815919423927e+03,4.239761384562918089e-05
-1.265311979184897382e+03,2.445735363677604797e-05
-1.264286054837892607e+03,-1.919805027498332296e-06
-1.263263392168344581e+03,-3.312032038001124537e-05
-1.262244632406640903e+03,-6.482512724863880786e-05
-1.261230170963613318e+03,-9.280680305049953044e-05
-1.260220458338829530e+03,-1.136226542087642055e-04
-1.259215979035735018e+03,-1.250267640765506249e-04
-1.258216982180772902e+03,-1.260595067989834833e-04
-1.257223202065770920e+03,-1.168869511127520658e-04
-1.256233804149651178e+03,-9.850066095828712085e-05
-1.255247636816843396e+03,-7.237294580586384868e-05
-1.254263669329998038e+03,-4.014447372254605431e-05
-1.253281378316670043e+03,-3.416654975886271411e-06
-1.252300875053085065e+03,3.629608150685349847e-05
-1.251322716074978871e+03,7.745412332059816623e-05
-1.250347514353873294e+03,1.182979162261650288e-04
-1.249375565893858948e+03,1.566980490711975817e-04
-1.248406679037479535e+03,1.901606302171146958e-04
-1.247440268091840835e+03,2.160203016652183943e-04
-1.246475627636607896e+03,2.317642252943638928e-04
-1.245512219192087059e+03,2.353861198847347882e-04
-1.244549814881754855e+03,2.256876719540633510e-04
-1.243588432551639698e+03,2.024944989211647747e-04
-1.242628104637196202e+03,1.667868616821978020e-04
-1.241668590793356998e+03,1.207387275933904393e-04
-1.240709147508393471e+03,6.763116389076612839e-05
-1.239748423431966785e+03,1.159530192570231638e-05
-1.238784495866240604e+03,-4.283071211893180386e-05
-1.237815032704587566e+03,-9.128482991357703114e-05
-1.236837558304701133e+03,-1.301935890395890423e-04
-1.235849800455452396e+03,-1.572677586201497960e-04
-1.234850076323529720e+03,-1.717501516962495023e-04
-1.233837637818364101e+03,-1.743522548590845339e-04
-1.232812868304403764e+03,-1.669133707437824412e-04
-1.231777238205027743e+03,-1.519010375490071111e-04
-1.230733000010630803e+03,-1.319061832676421040e-04
-1.229682707105918325e+03,-1.092593006744392771e-04
-1.228628720180857954e+03,-8.582643098518176190e-05
-1.227572869872537694e+03,-6.297329526054592033e-05
-1.226516365753227547e+03,-4.164114519006982258e-05
-1.225459921849040711e+03,-2.246640163040647834e-05
-1.224403975838051110e+03,-5.889157160123054309e-06
-1.223348863780052852e+03,7.780137398834533052e-06
-1.222294875425714508e+03,1.834110700824859532e-05
-1.221242209003850576e+03,2.571612347964660492e-05
-1.220190906523102285e+03,2.997003119717650448e-05
-1.219140846172992497e+03,3.131433753255468669e-05
-1.218091810766810568e+03,3.008711410427167377e-05
-1.217043588164329094e+03,2.671684597968903820e-05
-1.215996037001052855e+03,2.168760728173640043e-05
-1.214949080724373516e+03,1.551812066568797839e-05
-1.213902647843653995e+03,8.752770205511566920e-06
-1.212856613540625403e+03,1.950463304819313031e-06
-1.211810791138092327e+03,-4.342604270327107362e-06
-1.210764979599146272e+03,-9.638051661263056225e-06
-1.209719029144658862e+03,-1.355608652997434989e-05
-1.208672874074972015e+03,-1.586523715464729415e-05
-1.207626507661311507e+03,-1.650217175276678946e-05
-1.206579917134308289e+03,-1.557567276663753407e-05
-1.205533024526058625e+03,-1.336617276897781688e-05
-1.204485672044828334e+03,-1.032864871567104691e-05
-1.203437656207295504e+03,-7.095614906884448884e-06
-1.202388780175364673e+03,-4.467076314611574965e-06
-1.201338884172167582e+03,-3.372464028584496632e-06
-1.200287834774198473e+03,-4.796444337066137752e-06
-1.199235487749984941e+03,-9.671171937314010356e-06
-1.198181660041463374e+03,-1.874581199010720963e-05
-1.197126139993327570e+03,-3.244691672259232128e-05
-1.196068738115970064e+03,-5.074247205648156048e-05
-1.195009355518207485e+03,-7.302310657088260709e-05
-1.193948042889374847e+03,-9.801920257009928304e-05
-1.192885041035522363e+03,-1.237795862673619636e-04
-1.191820817312748204e+03,-1.477382069514216172e-04
-1.190756118629202092e+03,-1.668839006852442094e-04
-1.189692041440299136e+03,-1.780286635449368482e-04
-1.188630084009419761e+03,-1.781542127351680796e-04
-1.187572122066742395e+03,-1.648143632528645535e-04
-1.186520258239644591e+03,-1.365752406006473963e-04
-1.185476540860702471e+03,-9.346476933004552244e-05
-1.184442608450031003e+03,-3.736042382474037351e-05
-1.183419360290976329e+03,2.781651897587617881e-05
-1.182406756462488374e+03,9.626229125971450158e-05
-1.181403809476191782e+03,1.609157787546737571e-04
-1.180408764018723332e+03,2.145080165860163333e-04
-1.179419401837853911e+03,2.508144978780541879e-04
-1.178433380209605957e+03,2.657727560578638875e-04
-1.177448521562302176e+03,2.581503785497341616e-04
-1.176463006967909223e+03,2.296021039099534243e-04
-1.175475466107670400e+03,1.841581450689710174e-04
-1.174484983002399986e+03,1.273438734026845708e-04
-1.173491044317343267e+03,6.519037846289080522e-05
-1.172493451923890689e+03,3.361156057819537675e-06
-1.171492215636128776e+03,-5.346718293324295712e-05
-1.170487443787018492e+03,-1.019278893522025745e-04
-1.169479257270517792e+03,-1.400216681959001069e-04
-1.168467757462633017e+03,-1.669786969107886802e-04
-1.167453069698357467e+03,-1.830032249390470397e-04
-1.166435458717194479e+03,-1.889698595557935527e-04
-1.165415478921822114e+03,-1.861277487906749339e-04
-1.164394096653422139e+03,-1.758581740701734323e-04
-1.163372719422689215e+03,-1.595192438819338556e-04
-1.162353093563111543e+03,-1.383914169775685729e-04
-1.161337078354754794e+03,-1.137075016316801241e-04
-1.160326351861704325e+03,-8.671878026479628817e-05
-1.159322130810991439e+03,-5.873104431710587692e-05
-1.158324982048599168e+03,-3.105548487384419357e-05
-1.157334769265729847e+03,-4.862257473476269066e-06
-1.156350731426566426e+03,1.901667781283457559e-05
-1.155371649085999479e+03,4.024387833403399796e-05
-1.154396037138440306e+03,5.899719502466972400e-05
-1.153422311461347135e+03,7.580714719772506578e-05
-1.152448904121598844e+03,9.124068405698596940e-05
-1.151474331935581858e+03,1.055324731109918762e-04
-1.150497241700334371e+03,1.182956145568807586e-04
-1.149516455502903682e+03,1.284205655108768625e-04
-1.148531024479471171e+03,1.342069852889350712e-04
-1.147540280158184714e+03,1.336980151367942089e-04
-1.146543861532928986e+03,1.251300222116164874e-04
-1.145541700540793499e+03,1.073886070056377933e-04
-1.144533966908949878e+03,8.037122159160455599e-05
-1.143520995454047352e+03,4.518521953986729870e-05
-1.142503231881446254e+03,4.145757764296094630e-06
-1.141481227875998229e+03,-3.942476324288224002e-05
-1.140455692834420688e+03,-8.155823643861196922e-05
-1.139427577928153823e+03,-1.180987674792169991e-04
-1.138398143659617972e+03,-1.451843718713433681e-04
-1.137368957913308805e+03,-1.596949461493923873e-04
-1.136341791988451860e+03,-1.596361717262547992e-04
-1.135318419991826204e+03,-1.444458573267841264e-04
-1.134300366537797117e+03,-1.151989779486137629e-04
-1.133288671836325648e+03,-7.465658438936377550e-05
-1.132283741470894256e+03,-2.708266127093526606e-05
-1.131285321189031720e+03,2.222290878971233934e-05
-1.130292596133455390e+03,6.764799771699341198e-05
-1.129304375706004748e+03,1.041180930383656756e-04
-1.128319304248652543e+03,1.278717837841172758e-04
-1.127336040434386177e+03,1.369690378099590441e-04
-1.126353371077751262e+03,1.314259863073143954e-04
-1.125370256668936008e+03,1.129916487853497740e-04
-1.124385832242342985e+03,8.468116990913755217e-05
-1.123399397789262821e+03,5.022005460641756306e-05
-1.122410424892379979e+03,1.353340219905776079e-05
-1.121418585463248291e+03,-2.164283899363038903e-05
-1.120423785500674512e+03,-5.201572057924036264e-05
-1.119426173725618355e+03,-7.489073101995642409e-05
-1.118426097975711627e+03,-8.828755661244549655e-05
-1.117424001263491391e+03,-9.106553455676164477e-05
-1.116420276318986225e+03,-8.307100333768472050e-05
-1.115415120368370935e+03,-6.526854571609562970e-05
-1.114408439565482695e+03,-3.977948004756119086e-05
-1.113399840079034448e+03,-9.748858237104346806e-06
-1.112388714722471150e+03,2.099354487075009529e-05
-1.111374399483620664e+03,4.843849853870445195e-05
-1.110356348066256714e+03,6.896188878558384607e-05
-1.109334265955901856e+03,7.981760918550467854e-05
-1.108308161384456980e+03,7.945817304290336781e-05
-1.107278303612512900e+03,6.764685324825377198e-05
-1.106245116063558953e+03,4.538735407726263816e-05
-1.105209057864659144e+03,1.473015122287544868e-05
-1.104170551179928907e+03,-2.148454427387826884e-05
-1.103129991368146420e+03,-5.990382088440374478e-05
-1.102087840346522853e+03,-9.693333889938319484e-05
-1.101044765328485710e+03,-1.289901305695412867e-04
-1.100001760993144671e+03,-1.527366665605815472e-04
-1.098960193244181710e+03,-1.653106311686637219e-04
-1.097921727372259284e+03,-1.645749170851969678e-04
-1.096888143249718269e+03,-1.494033469198707798e-04
-1.095861080095784928e+03,-1.199801335029080149e-04
-1.094841778564345987e+03,-7.803443087799958569e-05
-1.093830889742162526e+03,-2.688671692981755822e-05
-1.092828399524613360e+03,2.880977660976325803e-05
-1.091833681330021363e+03,8.367145772330665066e-05
-1.090845653137678028e+03,1.324404893462292811e-04
-1.089862988719396071e+03,1.708835721696780753e-04
-1.088884325005056553e+03,1.964757677037269157e-04
-1.087908418115491486e+03,2.086711474169296917e-04
-1.086934224002904784e+03,2.087027402854685137e-04
-1.085960906649107073e+03,1.990107252814672970e-04
-1.084987798102262559e+03,1.825034855700669674e-04
-1.084014344065271644e+03,1.618772346490527877e-04
-1.083040064831870268e+03,1.391637676500990411e-04
-1.082064547284388482e+03,1.155766495968732873e-04
-1.081087465707961428e+03,9.162423640945024591e-05
-1.080108614457353497e+03,6.738532563615594502e-05
-1.079127929421339559e+03,4.281686795594473807e-05
-1.078145479718892375e+03,1.798344202766615217e-05
-1.077161423950797598e+03,-6.848767047576659155e-06
-1.076175941192332175e+03,-3.124731369553507753e-05
-1.075189159342866560e+03,-5.472108472812088170e-05
-1.074201107226665044e+03,-7.682093124312254528e-05
-1.073211709993250906e+03,-9.716616105656474315e-05
-1.072220832048571992e+03,-1.153696808830734330e-04
-1.071228353581806914e+03,-1.308869203555327590e-04
-1.070234252624988585e+03,-1.428584401566729029e-04
-1.069238660038493890e+03,-1.500357389268342130e-04
-1.068241862241801982e+03,-1.508651348590437724e-04
-1.067244243817677670e+03,-1.437579442421447052e-04
-1.066246183407213039e+03,-1.275091084844840795e-04
-1.065247934061724209e+03,-1.017609242390669135e-04
-1.064249526992500705e+03,-6.736723230284957136e-05
-1.063250732268322281e+03,-2.651754953887049463e-05
-1.062251092742671062e+03,1.746078691033537414e-05
-1.061250024042624773e+03,6.060447597186033211e-05
-1.060246951708130609e+03,9.899716016328413909e-05
-1.059241443929331126e+03,1.294455053638849404e-04
-1.058233299321549339e+03,1.499653072423431986e-04
-1.057222563792569645e+03,1.599653265805139109e-04
-1.056209473929594651e+03,1.601192953295476988e-04
-1.055194348524765019e+03,1.520071809646740557e-04
-1.054177466650738552e+03,1.376550354159243529e-04
-1.053158974189200080e+03,1.191024322252266104e-04
-1.052138849525643536e+03,9.809039397800079472e-05
-1.051116937281633682e+03,7.591047862574707805e-05
-1.050093034341122120e+03,5.340480789439814858e-05
-1.049066993729109527e+03,3.106955827030969075e-05
-1.048038806042088709e+03,9.197803380023607053e-06
-1.047008627385635691e+03,-1.199692533618980131e-05
-1.045976743634726063e+03,-3.231192741836744702e-05
-1.044943485434134118e+03,-5.154588679270218619e-05
-1.043909127571621184e+03,-6.952530671424003424e-05
-1.042873812881102140e+03,-8.612863630669004983e-05
-1.041837531735073981e+03,-1.012729980305812492e-04
-1.040800166885133876e+03,-1.148481482606642391e-04
-1.039761587864262538e+03,-1.266113045813135917e-04
-1.038721758776724755e+03,-1.360834336138894824e-04
-1.037680816049485202e+03,-1.425011166456361669e-04
-1.036639081872244333e+03,-1.448709698012762455e-04
-1.035597001550200730e+03,-1.421453360857484938e-04
-1.034555021039995381e+03,-1.334952084365006119e-04
-1.033513444752356236e+03,-1.186117354996253762e-04
-1.032472324522988629e+03,-9.793798557999120315e-05
-1.031431424069609420e+03,-7.273452647934159363e-05
-1.030390281157228401e+03,-4.492423737051979779e-05
-1.029348359137311263e+03,-1.673504643534189454e-05
-1.028305250083624514e+03,9.763227795562790816e-06
-1.027260873244706090e+03,3.308488986894948656e-05
-1.026215611099464468e+03,5.258111933181085484e-05
-1.025170341152823767e+03,6.844159931669576227e-05
-1.024126349969767944e+03,8.145096779523262670e-05
-1.023085148198136494e+03,9.258255495943135745e-05
-1.022048231437217282e+03,1.025578767175397399e-04
-1.021016844372569381e+03,1.115078833803199993e-04
-1.019991801831295788e+03,1.188433636556326798e-04
-1.018973402233904153e+03,1.233838295555664320e-04
-1.017961442498747374e+03,1.237176551433331873e-04
-1.016955317259034587e+03,1.186901623770894527e-04
-1.015954166685022528e+03,1.078664532767115890e-04
-1.014957030525941946e+03,9.181439596200706432e-05
-1.013962971999482761e+03,7.210580589041906956e-05
-1.012971150607369395e+03,5.102342254426059701e-05
-1.011980841839447862e+03,3.105524848462991268e-05
-1.010991418142960924e+03,1.432349572967521170e-05
-1.010002314961135767e+03,2.112895273262455520e-06
-1.009013005656033101e+03,-5.370049086635641277e-06
-1.008023000854381962e+03,-8.946791757145876119e-06
-1.007031874993012593e+03,-1.015299581593505639e-05
-1.006039310142241220e+03,-1.076594607892025406e-05
-1.005045138640760456e+03,-1.232044717822781423e-05
-1.004049364732264962e+03,-1.575559943499761829e-05
-1.003052151716133835e+03,-2.128534528841113805e-05
-1.002053772345252014e+03,-2.850973104122441314e-05
-1.001054532778317366e+03,-3.670701417449575757e-05
-1.000054690270120091e+03,-4.519253622744627281e-05
-9.990543882499603114e+02,-5.361341726384302172e-05
-9.980536281970985328e+02,-6.207229023036388261e-05
-9.970522871612026847e+02,-7.103124269375146640e-05
-9.960501759108404940e+02,-8.102198217155988467e-05
-9.950471196713526751e+02,-9.225688507330294266e-05
-9.940430357188733979e+02,-1.042755426967017189e-04
-9.930379822894650488e+02,-1.157592188587224733e-04
-9.920321611029634141e+02,-1.246020505319209843e-04
-9.910258694621223867e+02,-1.282563853393984242e-04
-9.900194135983063006e+02,-1.242901155939648650e-04
-9.890130073088681684e+02,-1.110259658477498164e-04
-9.880066854848828370e+02,-8.809363699862597793e-05
-9.870002593657212628e+02,-5.672950137836894901e-05
-9.859933294867057612e+02,-1.971227924912452627e-05
-9.849853563305235866e+02,1.908044339496628498e-05
-9.839757724908041610e+02,5.539742848759312269e-05
-9.829641081292737681e+02,8.543456833399630176e-05
-9.819500969379462276e+02,1.065357942967484192e-04
-9.809337345264231089e+02,1.176006879636012876e-04
-9.799152739254520839e+02,1.191197826974908135e-04
-9.788951597457985372e+02,1.128667806182697585e-04
-9.778739191584518267e+02,1.013616107837583895e-04
-9.768520396756216542e+02,8.725915625413805917e-05
-9.758298665567297121e+02,7.281473740510630791e-05
-9.748075461433293185e+02,5.953962993734262529e-05
-9.737850277242492893e+02,4.810135777569204008e-05
-9.727621191315826081e+02,3.845737332063180804e-05
-9.717385757174292849e+02,3.015118515750947898e-05
-9.707141935886595547e+02,2.266199700671454130e-05
-9.696888779652625772e+02,1.569375790427560776e-05
-9.686626663257336531e+02,9.318790957045183866e-06
-9.676357011246499269e+02,3.944652316942507046e-06
-9.666081631122448243e+02,1.324540000236964906e-07
-9.655801885699860350e+02,-1.658232924500821212e-06
-9.645517986923201761e+02,-1.301978506787332738e-06
-9.635228650383145350e+02,8.679192764639973691e-07
-9.624931227044017987e+02,4.090446646396187650e-06
-9.614622270600631282e+02,7.357430004576206081e-06
-9.604298355058498373e+02,9.685812366835687623e-06
-9.593956871557772956e+02,1.039193678844238881e-05
-9.583596539283954598e+02,9.277412115068302519e-06
-9.573217460502510221e+02,6.666156613284387785e-06
-9.562820699403267781e+02,3.281267342233866796e-06
-9.552407525130641943e+02,1.178418124663945026e-09
-9.541978578751053419e+02,-2.428729322647030250e-06
-9.531533257244105926e+02,-3.640361025325771711e-06
-9.521069547025825841e+02,-3.768766211009792294e-06
-9.510584402656286329e+02,-3.422670013699428380e-06
-9.500074589111908381e+02,-3.511752679131999034e-06
-9.489537749420300088e+02,-4.987769671761008823e-06
-9.478973375532957562e+02,-8.582053171181518338e-06
-9.468383372613261599e+02,-1.461909171651478295e-05
-9.457772019796111636e+02,-2.295702855502975722e-05
-9.447145311619500490e+02,-3.306287536949024209e-05
-9.436509851459901483e+02,-4.418827419267356871e-05
-9.425871608652907980e+02,-5.558309029485107030e-05
-9.415234900053877709e+02,-6.667539984342287852e-05
-9.404601892937289449e+02,-7.715847857706062602e-05
-9.393972773733577242e+02,-8.695488022569560339e-05
-9.383346530660600138e+02,-9.606732478634350404e-05
-9.372722111591704106e+02,-1.043649534620661145e-04
-9.362099604022945414e+02,-1.113793516174915981e-04
-9.351481074492921834e+02,-1.161886371816515912e-04
-9.340870799609538153e+02,-1.174479783072282529e-04
-9.330274798130183171e+02,-1.135866314990958877e-04
-9.319699776595297180e+02,-1.031447643964313520e-04
-9.309151768497431476e+02,-8.517868949949546596e-05
-9.298634835822539344e+02,-5.963135849545855101e-05
-9.288150185007240225e+02,-2.755686160307000654e-05
-9.277695933880734174e+02,8.887958376216919274e-06
-9.267267591258131461e+02,4.671409024603909659e-05
-9.256859122160470861e+02,8.258507816666404208e-05
-9.246464321042710708e+02,1.133974437059852416e-04
-9.236078146342092623e+02,1.368041856191410429e-04
-9.225697692746856546e+02,1.515466505045591700e-04
-9.215322583890215355e+02,1.575229806694893812e-04
-9.204954728065001746e+02,1.556030070406336815e-04
-9.194597541377423795e+02,1.472689692033599161e-04
-9.184254864138548555e+02,1.341980302348727702e-04
-9.173929851175544172e+02,1.179015564154519297e-04
-9.163624089305172902e+02,9.950540147329498767e-05
-9.153337103168790918e+02,7.970791685034332827e-05
-9.143066289406242504e+02,5.890098855446436341e-05
-9.132807199515847287e+02,3.739547378224103642e-05
-9.122554012020572145e+02,1.566572711848255054e-05
-9.112300018955891119e+02,-5.474816527785292715e-06
-9.102037992774912709e+02,-2.483261758083194547e-05
-9.091760383457284433e+02,-4.095150190548515128e-05
-9.081459393435969787e+02,-5.236347429247506573e-05
-9.071127046546436077e+02,-5.790567681648918101e-05
-9.060755386037326389e+02,-5.701409713662519327e-05
-9.050336900771401361e+02,-4.990958927188593165e-05
-9.039865192115072432e+02,-3.762288725194040884e-05
-9.029335790872170264e+02,-2.185258560705466982e-05
-9.018746952860964257e+02,-4.697232918275920855e-06
-9.008100223282217485e+02,1.166672323376046908e-05
-8.997400589014984007e+02,2.528483642597261578e-05
-8.986656128246474964e+02,3.464587312314346514e-05
-8.975877187507982171e+02,3.880066937638428537e-05
-8.965075240891840167e+02,3.738643798409844955e-05
-8.954261669780888724e+02,3.058366212262122536e-05
-8.943446714474046075e+02,1.903668055937344887e-05
-8.932638794891335010e+02,3.761301794581553592e-06
-8.921844286863263278e+02,-1.394981242924971878e-05
-8.911067709951283859e+02,-3.262428367578663495e-05
-8.900312178781092598e+02,-5.071571075921747085e-05
-8.889579915850356429e+02,-6.672358674867948721e-05
-8.878872637828458210e+02,-7.932765775868799208e-05
-8.868191701890283412e+02,-8.752826832475349515e-05
-8.857538002413568847e+02,-9.077457683679396989e-05
-8.846911710520467977e+02,-8.905474574148294800e-05
-8.836312012789868504e+02,-8.291994819789882964e-05
-8.825737005365575669e+02,-7.342078266162383620e-05
-8.815183845075987392e+02,-6.195171638790748184e-05
-8.804649167972486339e+02,-5.002340615479465710e-05
-8.794129685254114293e+02,-3.900650616661271877e-05
-8.783622800371221047e+02,-2.990432830114516386e-05
-8.773127076333614696e+02,-2.320863353329794088e-05
-8.762642418690444401e+02,-1.887249205316765579e-05
-8.752169922206999217e+02,-1.640298155211489272e-05
-8.741711428220290827e+02,-1.504472450630213061e-05
-8.731268922465160358e+02,-1.400255201555455299e-05
-8.720843948164734911e+02,-1.264385873159463289e-05
-8.710437197410292356e+02,-1.062976036707530396e-05
-8.700048385270359859e+02,-7.946148464765009320e-06
-8.689676424274889541e+02,-4.835121593248427526e-06
-8.679319824068377329e+02,-1.655898745565381044e-06
-8.668977180717704414e+02,1.276296294672620886e-06
-8.658647603435071005e+02,3.820897031564749105e-06
-8.648330950578467764e+02,6.072395860783942013e-06
-8.638027812029404231e+02,8.335615266856448961e-06
-8.627739255194697989e+02,1.102967268275111604e-05
-8.617466418923754645e+02,1.455750972932499722e-05
-8.607210079307810702e+02,1.918812547134686751e-05
-8.596970311540418379e+02,2.499324331289816265e-05
-8.586746333431893845e+02,3.186088971834551695e-05
-8.576536553650757924e+02,3.958122933322427841e-05
-8.566338782760523145e+02,4.797353884209717241e-05
-8.556150519101497594e+02,5.700617340011282719e-05
-8.545969205771120869e+02,6.685990860113630980e-05
-8.535792369843720735e+02,7.790032807314984677e-05
-8.525617599072935491e+02,9.055265648592574347e-05
-8.515442367639622034e+02,1.051042297150269503e-04
-8.505263766906041383e+02,1.214859806756033253e-04
-8.495078224607234461e+02,1.390968627380055589e-04
-8.484881300151167807e+02,1.567298001362951482e-04
-8.474667616399136705e+02,1.726352428966352627e-04
-8.464430948850384766e+02,1.847243525999683899e-04
-8.454164458514497937e+02,1.908775835121061151e-04
-8.443861025927113815e+02,1.892963541108384285e-04
-8.433513631690831289e+02,1.788237130980846153e-04
-8.423115739709232912e+02,1.591673670523779287e-04
-8.412661656964604617e+02,1.309821577868319406e-04
-8.402146859471561129e+02,9.580151301046822582e-05
-8.391568281907889286e+02,5.583934387354888351e-05
-8.380924561734648250e+02,1.370743445170243846e-05
-8.370216214649462927e+02,-2.789607029196958712e-05
-8.359445699828985425e+02,-6.647462365932959747e-05
-8.348617328527373047e+02,-9.995920746973290449e-05
-8.337736988829755092e+02,-1.268531684084761428e-04
-8.326811692227628328e+02,-1.462955712198033725e-04
-8.315848991200292630e+02,-1.580557002729351425e-04
-8.304856359897871698e+02,-1.624766009556728600e-04
-8.293840652092194432e+02,-1.603841784289236692e-04
-8.282807742751664364e+02,-1.529737954307831577e-04
-8.271762420456869904e+02,-1.416823946095265496e-04
-8.260708533111049974e+02,-1.280532650497979616e-04
-8.249649322677821601e+02,-1.136024943662228726e-04
-8.238587836687819390e+02,-9.969861461954017845e-05
-8.227527288481271626e+02,-8.746719028046612851e-05
-8.216471261784914759e+02,-7.772864016272813706e-05
-8.205423710064791294e+02,-7.097115989254550162e-05
-8.194388768272007155e+02,-6.735368692621063300e-05
-8.183370452661355330e+02,-6.672924941885922771e-05
-8.172372351707754206e+02,-6.867850011459511776e-05
-8.161397402220812864e+02,-7.254666996998879506e-05
-8.150447810408320493e+02,-7.748287069595095444e-05
-8.139525118250264768e+02,-8.248615147558561067e-05
-8.128630365760756149e+02,-8.646572339335051750e-05
-8.117764266954325194e+02,-8.832197513184911197e-05
-8.106927308946264930e+02,-8.705013618925505191e-05
-8.096119732592280798e+02,-8.186060263021262371e-05
-8.085341401408024922e+02,-7.230089544697258850e-05
-8.074591620349897312e+02,-5.835667514717651614e-05
-8.063868988961489777e+02,-4.050628921972824630e-05
-8.053171352348080063e+02,-1.970750753829605815e-05
-8.042495915955943246e+02,2.692962037608429827e-06
-8.031839532834791271e+02,2.511914472700504315e-05
-8.021199117458814953e+02,4.596870208231465299e-05
-8.010572094301363677e+02,6.382087685532049901e-05
-7.999956748948867471e+02,7.760939823313096908e-05
-7.989352411542553227e+02,8.672958509026149391e-05
-7.978759437745171681e+02,9.106600156592977097e-05
-7.968178999726879965e+02,9.094591302441642437e-05
-7.957612757268224186e+02,8.703857937640159374e-05
-7.947062467222527857e+02,8.022760293196351403e-05
-7.936529631000269092e+02,7.148274734912777803e-05
-7.926015248338785568e+02,6.175096366253380036e-05
-7.915519697649823456e+02,5.187706041559718548e-05
-7.905042766560412701e+02,4.255568018529945013e-05
-7.894583788305636745e+02,3.431006967576834417e-05
-7.884141788373746067e+02,2.749016555228553672e-05
-7.873715577257985387e+02,2.228234733422677365e-05
-7.863303797451685568e+02,1.872517457554542705e-05
-7.852904987492843247e+02,1.672869533873125482e-05
-7.842517668247274969e+02,1.609795390716678296e-05
-7.832140347692533169e+02,1.656223364985018814e-05
-7.821771490963290034e+02,1.780972097500247957e-05
-7.811409519994984976e+02,1.952426786971696236e-05
-7.801052905439634060e+02,2.141912357561420149e-05
-7.790700296382410670e+02,2.326278225059233019e-05
-7.780350470119288957e+02,2.489373896215658577e-05
-7.770002211327359873e+02,2.622342366685331499e-05
-7.759654232524792405e+02,2.722993303771026449e-05
-7.749305099889862731e+02,2.794841831643028670e-05
-7.738953119930583853e+02,2.846489796524914555e-05
-7.728596184893822283e+02,2.891767955214570625e-05
-7.718231697447973829e+02,2.950575233157031198e-05
-7.707856567954715956e+02,3.049873166336830103e-05
-7.697467215024801135e+02,3.223982189525361136e-05
-7.687059591306669972e+02,3.513290282311584966e-05
-7.676629246292562812e+02,3.960808282579617300e-05
-7.666171437273151241e+02,4.606649815653095480e-05
-7.655681232830080489e+02,5.481247452180499063e-05
-7.645153607473333750e+02,6.598654960318730319e-05
-7.634583604119829943e+02,7.951470036997277616e-05
-7.623966590679448245e+02,9.508716820918198176e-05
-7.613298547642805261e+02,1.121746366471119012e-04
-7.602576270808547179e+02,1.300809265403559149e-04
-7.591797541560596301e+02,1.480222736036515758e-04
-7.580961258001608485e+02,1.652171061791550685e-04
-7.570067506074109360e+02,1.809692118475838087e-04
-7.559117569239441536e+02,1.947308653297365232e-04
-7.548113831973860215e+02,2.061387107116597142e-04
-7.537059640882824851e+02,2.150215283654852887e-04
-7.525959152813525179e+02,2.213838629065879718e-04
-7.514817227346378559e+02,2.253726824207866511e-04
-7.503639355605670289e+02,2.272364954456139148e-04
-7.492431612361303905e+02,2.272873743610421464e-04
-7.481200544599166733e+02,2.258743881976807465e-04
-7.469952926206726715e+02,2.233716155099042344e-04
-7.458695551628261455e+02,2.201781478869159752e-04
-7.447435018759099421e+02,2.167245536199769091e-04
-7.436177448515903734e+02,2.134796669586796710e-04
-7.424928178427627472e+02,2.109509833152442028e-04
-7.413691445050020548e+02,2.096718163409156343e-04
-7.402470192014576469e+02,2.101721617019556784e-04
-7.391266035375692809e+02,2.129376097947830121e-04
-7.380079303090161602e+02,2.183634482225364347e-04
-7.368908887800705543e+02,2.267047262536265901e-04
-7.357752195659227255e+02,2.380198023463645451e-04
-7.346605763862771710e+02,2.521178409472212543e-04
-7.335465621398499252e+02,2.685360459419141644e-04
-7.324327223207446877e+02,2.865652326037681336e-04
-7.313185717523234644e+02,3.053161167813783251e-04
-7.302036374773251737e+02,3.238013705536097408e-04
-7.290875064019953697e+02,3.410149241229937841e-04
-7.279698903038972730e+02,3.560068345122825392e-04
-7.268506469566982560e+02,3.679557350425081931e-04
-7.257297350026469758e+02,3.762286107189084859e-04
-7.246072233326999594e+02,3.804132635879596373e-04
-7.234833028528089471e+02,3.803226210444476886e-04
-7.223582476411075959e+02,3.759805658993738446e-04
-7.212323944101655115e+02,3.675951816096742052e-04
-7.201061305130320989e+02,3.555232839756876416e-04
-7.189798693411698878e+02,3.402344668179333440e-04
-7.178540141802781136e+02,3.222798032527490059e-04
-7.167289323915274508e+02,3.022610372579060821e-04
-7.156049553666372276e+02,2.807961013982815217e-04
-7.144823848823741628e+02,2.584866717741746362e-04
-7.133614873615217675e+02,2.358994257356178739e-04
-7.122424918279526764e+02,2.135686348341800963e-04
-7.111255791577984837e+02,1.920158924914102544e-04
-7.100108515471714554e+02,1.717679203437395027e-04
-7.088983214371763779e+02,1.533489783302253268e-04
-7.077879280539260662e+02,1.372415581761433228e-04
-7.066795518274103642e+02,1.238347660976053778e-04
-7.055730241933737261e+02,1.133885443163660340e-04
-7.044681343011933450e+02,1.060258212599506994e-04
-7.033646304324283847e+02,1.017384322704858118e-04
-7.022622286691340605e+02,1.003799218472210174e-04
-7.011606489397174755e+02,1.016352162765581709e-04
-7.000596717443419266e+02,1.049907497194713151e-04
-6.989591683373206479e+02,1.097405328959837588e-04
-6.978591034441516285e+02,1.150362368978801386e-04
-6.967595378657606489e+02,1.199532105586814066e-04
-6.956606308914073225e+02,1.235399889002493509e-04
-6.945626439251905140e+02,1.248487030057984532e-04
-6.934659346346246593e+02,1.229746528940660734e-04
-6.923709246812348965e+02,1.171321434680744865e-04
-6.912780429028947538e+02,1.067589594149115134e-04
-6.901876725496285871e+02,9.160813960418627837e-05
-6.891001252736117522e+02,7.178970918302316525e-05
-6.880156390302348655e+02,4.776149330333275179e-05
-6.869343742521574541e+02,2.029283201836947558e-05
-6.858563952115633811e+02,-9.589277180739355205e-06
-6.847816607862139335e+02,-4.068876919551473782e-05
-6.837100370853529512e+02,-7.177651916999777605e-05
-6.826413234863448452e+02,-1.017511595129752116e-04
-6.815752695020985357e+02,-1.297792923680158976e-04
-6.805115747932338763e+02,-1.553858538544179604e-04
-6.794498926692864416e+02,-1.784971478088107999e-04
-6.783898483121323579e+02,-1.994491459102266169e-04
-6.773310641981159961e+02,-2.189600910836639173e-04
-6.762731805377101182e+02,-2.380581950262101098e-04
-6.752158645247858431e+02,-2.579692786229882163e-04
-6.741588131936158561e+02,-2.799900452052576493e-04
-6.731017588661985656e+02,-3.053748584804639836e-04
-6.720444760374963380e+02,-3.352452044183843122e-04
-6.709867754033979281e+02,-3.705145583439224308e-04
-6.699284760005240287e+02,-4.118245363827467372e-04
-6.688693740089374842e+02,-4.595008529005324823e-04
-6.678092197343362386e+02,-5.135396615540085453e-04
-6.667476989736742325e+02,-5.736239932780403230e-04
-6.656844247683378626e+02,-6.391596513426554133e-04
-6.646189405330459294e+02,-7.093194811917305888e-04
-6.635507264704434647e+02,-7.830922562968968895e-04
-6.624792194095996365e+02,-8.593391662809145813e-04
-6.614038467257518050e+02,-9.368607344280130596e-04
-6.603240627380409933e+02,-1.014470871408141781e-03
-6.592393938359061849e+02,-1.091068458000604181e-03
-6.581494785812282089e+02,-1.165695077484483685e-03
-6.570540943666570683e+02,-1.237570902992911684e-03
-6.559531759377489379e+02,-1.306106222118060510e-03
-6.548468230299820334e+02,-1.370890542908831866e-03
-6.537352914615182726e+02,-1.431664640365887513e-03
-6.526189695669278308e+02,-1.488284350780946048e-03
-6.514983483025165469e+02,-1.540687886125341076e-03
-6.503739812938854357e+02,-1.588879439562673876e-03
-6.492464405941090035e+02,-1.632939156131524945e-03
-6.481162730687699423e+02,-1.673060853121408672e-03
-6.469839610496486557e+02,-1.709604672307608007e-03
-6.458499023609134611e+02,-1.743140001559748868e-03
-6.447144152205549972e+02,-1.774454456895997777e-03
-6.435777536038644939e+02,-1.804517632905389612e-03
-6.424401228867697000e+02,-1.834403477355670041e-03
-6.413017017520901391e+02,-1.865184040185635401e-03
-6.401626630147070500e+02,-1.897810260733138847e-03
-6.390231883716014636e+02,-1.932996740253741094e-03
-6.378834821668513086e+02,-1.971128054689427408e-03
-6.367437736496131038e+02,-2.012200581628729133e-03
-6.356043070302774822e+02,-2.055805322541806590e-03
-6.344653337103525246e+02,-2.101150583177821551e-03
-6.333270999369150331e+02,-2.147123305858527221e-03
-6.321898290968350693e+02,-2.192388209562781600e-03
-6.310537104545769580e+02,-2.235517283294334839e-03
-6.299188866508446836e+02,-2.275132617853840595e-03
-6.287854506037999727e+02,-2.310045543499975214e-03
-6.276534568885034560e+02,-2.339385167008027448e-03
-6.265229293941330297e+02,-2.362710307888992150e-03
-6.253938686021934927e+02,-2.380084050206381346e-03
-6.242662722606362422e+02,-2.392086195451355052e-03
-6.231401621111893974e+02,-2.399757935032300043e-03
-6.220155990996400988e+02,-2.404485564397885675e-03
-6.208926916111007586e+02,-2.407825986430633947e-03
-6.197716092974144431e+02,-2.411292441941062081e-03
-6.186525921335316980e+02,-2.416156584000306480e-03
-6.175359349348580054e+02,-2.423323375046244291e-03
-6.164219587973968828e+02,-2.433283464188848444e-03
-6.153109902531173248e+02,-2.446113151984848078e-03
-6.142033436938036175e+02,-2.461509679851642610e-03
-6.130992946572492883e+02,-2.478863405653883301e-03
-6.119990555574260043e+02,-2.497344887432752149e-03
-6.109027666424053677e+02,-2.515973172480077437e-03
-6.098104954665415107e+02,-2.533662650689742432e-03
-6.087222359943118590e+02,-2.549274784559768525e-03
-6.076379090852201443e+02,-2.561692610633356341e-03
-6.065573693338652674e+02,-2.569918878697360128e-03
-6.054804130853123070e+02,-2.573199361482042622e-03
-6.044067850070563281e+02,-2.571168461755969810e-03
-6.033361828130166487e+02,-2.563986527833979519e-03
-6.022682651499638951e+02,-2.552417308527002091e-03
-6.012026666860122077e+02,-2.537809396651948945e-03
-6.001390124698083355e+02,-2.521975237242936319e-03
-5.990769289890205300e+02,-2.506975632696663986e-03
-5.980160583621330943e+02,-2.494835490267242970e-03
-5.969560724000720029e+02,-2.487254158270983499e-03
-5.958966768707923620e+02,-2.485386453746202089e-03
-5.948376043560095923e+02,-2.489724436822394246e-03
-5.937786051698036545e+02,-2.500059938945899118e-03
-5.927194402680019039e+02,-2.515515317223543726e-03
-5.916598690557242435e+02,-2.534654959429143237e-03
-5.905996318293573495e+02,-2.555663820892132600e-03
-5.895384356821581378e+02,-2.576535372763054822e-03
-5.884759520040346388e+02,-2.595232154621636943e-03
-5.874118193341189453e+02,-2.609846129655197470e-03
-5.863456445423912555e+02,-2.618793019590921669e-03
-5.852770076452243302e+02,-2.621014722342666654e-03
-5.842054778764122602e+02,-2.616133955867443878e-03
-5.831306378943952495e+02,-2.604540068281614110e-03
-5.820521065981714628e+02,-2.587405362260075323e-03
-5.809695607897990612e+02,-2.566602720309359761e-03
-5.798827639043282716e+02,-2.544496037543859772e-03
-5.787915979622740679e+02,-2.523640241214542002e-03
-5.776960816499505427e+02,-2.506468259740244047e-03
-5.765963780313284133e+02,-2.495007633357815887e-03
-5.754927988217847314e+02,-2.490641959057685300e-03
-5.743858006306743391e+02,-2.493962678993663553e-03
-5.732759667544336253e+02,-2.504760431907442943e-03
-5.721639734206975163e+02,-2.522131232191731059e-03
-5.710505563063277350e+02,-2.544622972791352536e-03
-5.699364840518895790e+02,-2.570396776384751159e-03
-5.688225242648767335e+02,-2.597421234953416029e-03
-5.677094037976062282e+02,-2.623667244581288048e-03
-5.665977843330962287e+02,-2.647237777098741893e-03
-5.654882524058346007e+02,-2.666445990813553959e-03
-5.643813055845531608e+02,-2.679919779726988062e-03
-5.632773367898895458e+02,-2.686742532955284715e-03
-5.621766322028978493e+02,-2.686556439956532243e-03
-5.610793808504927256e+02,-2.679587396788321585e-03
-5.599856826944686645e+02,-2.666606987382503201e-03
-5.588955531738375839e+02,-2.648816216105152020e-03
-5.578089362530183735e+02,-2.627610639823347791e-03
-5.567257239324865168e+02,-2.604268715509799274e-03
-5.556457663649955521e+02,-2.579686560856138747e-03
-5.545688701465910526e+02,-2.554235233172126758e-03
-5.534947974042113401e+02,-2.527732265760066713e-03
-5.524232649709782663e+02,-2.499524891575646574e-03
-5.513539399107797863e+02,-2.468702343552697277e-03
-5.502864254893761427e+02,-2.434382518088366604e-03
-5.492202538566874637e+02,-2.395963641338661951e-03
-5.481549000415466253e+02,-2.353321472355503468e-03
-5.470897873712179944e+02,-2.307014247234741387e-03
-5.460242938430295681e+02,-2.258458205764485392e-03
-5.449577711574253271e+02,-2.209912755803459389e-03
-5.438895811925748376e+02,-2.164197515551963182e-03
-5.428191368441682698e+02,-2.124243008789664794e-03
-5.417459293993595111e+02,-2.092608006273018271e-03
-5.406695613315977198e+02,-2.071043959612245411e-03
-5.395897756790878930e+02,-2.060218464047645307e-03
-5.385064795191227631e+02,-2.059696062445830807e-03
-5.374197258590776300e+02,-2.068064872162167240e-03
-5.363297027622427322e+02,-2.082978982672037578e-03
-5.352367468715528958e+02,-2.101148210645517687e-03
-5.341413095040161352e+02,-2.118577496587610402e-03
-5.330439181220209548e+02,-2.131158067735476700e-03
-5.319451215306851282e+02,-2.135303081506515800e-03
-5.308454579762328649e+02,-2.128298098085313131e-03
-5.297454493884350768e+02,-2.108382964690643565e-03
-5.286455597278085179e+02,-2.074755402999456898e-03
-5.275461785293133516e+02,-2.027568304675981918e-03
-5.264476176331284023e+02,-1.967922359348282021e-03
-5.253501181525813308e+02,-1.897837749412302055e-03
-5.242538366881308320e+02,-1.820034946429515375e-03
-5.231588442162321826e+02,-1.737355930728897921e-03
-5.220651972469141811e+02,-1.652076757277325201e-03
-5.209729309682868461e+02,-1.565625148305410880e-03
-5.198820467719216367e+02,-1.478802634437706995e-03
-5.187925267907269244e+02,-1.392114871848872679e-03
-5.177043307020526299e+02,-1.305915762053254858e-03
-5.166174284156621752e+02,-1.220449344332028138e-03
-5.155317782899168151e+02,-1.135943910939247363e-03
-5.144473285543207339e+02,-1.052745320921492618e-03
-5.133640452959785989e+02,-9.714243361658895333e-04
-5.122818846935120973e+02,-8.927785414590298438e-04
-5.112008071780137470e+02,-8.175873128822905419e-04
-5.101207822791736248e+02,-7.461455002291656315e-04
-5.090417995701183713e+02,-6.779341026034002137e-04
-5.079638819664527318e+02,-6.117613149053252857e-04
-5.068870264089192119e+02,-5.462281969263176485e-04
-5.058112208089305000e+02,-4.801007980663117266e-04
-5.047364520716097331e+02,-4.124756703435627603e-04
-5.036626785912835658e+02,-3.429476215629175310e-04
-5.025898515902869690e+02,-2.718324595292430628e-04
-5.015178877022702864e+02,-2.001630814035629822e-04
-5.004466746292918629e+02,-1.292408315233796142e-04
-4.993761147886359026e+02,-6.002092231360213779e-05
-4.983061205337378965e+02,7.151675801042639064e-06
-4.972365920143901121e+02,7.235089945272024116e-05
-4.961674204965395347e+02,1.357557645012115401e-04
-4.950984972397947672e+02,1.974845511110560100e-04
-4.940297101717405326e+02,2.576170590491449921e-04
-4.929609363567645346e+02,3.163571575583689331e-04
-4.918920552393192906e+02,3.741223809279135685e-04
-4.908229736022458383e+02,4.312467087813555856e-04
-4.897535867307701096e+02,4.874417849176635505e-04
-4.886837547490683846e+02,5.416860531572443302e-04
-4.876133476176204340e+02,5.928101773243554329e-04
-4.865422837207436828e+02,6.401743615143850241e-04
-4.854704962679844016e+02,6.838448943254106776e-04
-4.843979194599356788e+02,7.244139352226406812e-04
-4.833245107320057627e+02,7.628111851664909305e-04
-4.822502483870260335e+02,8.000990414876968208e-04
-4.811751132230292001e+02,8.372103823094863848e-04
-4.800990673122685166e+02,8.748246343106222140e-04
-4.790220886449083650e+02,9.134491141688007038e-04
-4.779441648582574089e+02,9.534948835348700923e-04
-4.768652700867070280e+02,9.952193422330347580e-04
-4.757853811926877938e+02,1.038613417210011627e-03
-4.747044813038218081e+02,1.083315749319305448e-03
-4.736225505682504604e+02,1.128654912258481849e-03
-4.725395618899864871e+02,1.173933681465267080e-03
-4.714555064592860845e+02,1.218789352537828644e-03
-4.703704141016201561e+02,1.263236996626020256e-03
-4.692843162757226878e+02,1.307358641428380463e-03
-4.681972265944104379e+02,1.351081101592177015e-03
-4.671091814773087663e+02,1.394283614376031454e-03
-4.660202318134149095e+02,1.436971529147028489e-03
-4.649304284991013105e+02,1.479274930886876520e-03
-4.638398203102412936e+02,1.521382074738781296e-03
-4.627484530939236151e+02,1.563555214495246978e-03
-4.616563822988453580e+02,1.606159163646343237e-03
-4.605636486630825743e+02,1.649587214604659232e-03
-4.594702871574735923e+02,1.694110506284698166e-03
-4.583763270639112761e+02,1.739781854023901651e-03
-4.572817719917741215e+02,1.786482202010296338e-03
-4.561866293436857518e+02,1.834049852995262237e-03
-4.550909121915522633e+02,1.882300507212688679e-03
-4.539946271954834742e+02,1.930849000244090445e-03
-4.528977793470793358e+02,1.978939512117500622e-03
-4.518003910901368840e+02,2.025662029039141006e-03
-4.507025113852506024e+02,2.070975967051909110e-03
-4.496041984966107634e+02,2.116881824615801135e-03
-4.485055398280989039e+02,2.166025838456761728e-03
-4.474069485655876974e+02,2.216722122658413337e-03
-4.463085715489798417e+02,2.260401303535147094e-03
-4.452097851921089955e+02,2.288447964014711684e-03
-4.441108702090277234e+02,2.302566825266541117e-03
-4.430129406890529253e+02,2.314277068670740969e-03
-4.419165847075580587e+02,2.332229304097689204e-03
-4.408219199372967410e+02,2.352878786240230127e-03
-4.397289180827871178e+02,2.365642625003613799e-03
-4.386377954880095444e+02,2.365921459538517478e-03
-4.375491596168349133e+02,2.361468346537877634e-03
-4.364638739276006163e+02,2.365902753980490478e-03
-4.353825041009549182e+02,2.386817264249399551e-03
-4.343049098483792818e+02,2.420790672107406977e-03
-4.332307260779529656e+02,2.459036593629432884e-03
-4.321599944391323334e+02,2.496088460498447573e-03
-4.310925346388569324e+02,2.533199311836950660e-03
-4.300280137252886448e+02,2.575247763571044193e-03
-4.289662893469957226e+02,2.624667772722270517e-03
-4.279066958571357304e+02,2.677179534328390578e-03
-4.268481867304444108e+02,2.723172109153219281e-03
-4.257899004574684341e+02,2.753874460917049224e-03
-4.247311449327724517e+02,2.766754600205481845e-03
-4.236713551405695171e+02,2.765620224019867211e-03
-4.226102125610422604e+02,2.755832154822772384e-03
-4.215473838798260999e+02,2.739084212366545493e-03
-4.204823574767274863e+02,2.712696149495317718e-03
-4.194147383969841485e+02,2.674161008986339436e-03
-4.183445730108152816e+02,2.625862853190295831e-03
-4.172722984181044126e+02,2.574460325848570118e-03
-4.161983785009097119e+02,2.525714409516196211e-03
-4.151231037148108953e+02,2.480719766232182457e-03
-4.140467229618520832e+02,2.437396255070589744e-03
-4.129696370022070937e+02,2.394956726803342505e-03
-4.118924604352802135e+02,2.356206440219040053e-03
-4.108159021974640837e+02,2.325403878870560288e-03
-4.097405268519992774e+02,2.304260222025132036e-03
-4.086666311988955727e+02,2.290383960965854636e-03
-4.075943922969831874e+02,2.279643574421714655e-03
-4.065240713599659443e+02,2.269821123503737176e-03
-4.054560265158943935e+02,2.261931060994544062e-03
-4.043905944604820206e+02,2.258363014593669799e-03
-4.033279659969584827e+02,2.260258490053006653e-03
-4.022681336049475362e+02,2.266928290403421448e-03
-4.012110047997088600e+02,2.277548268899625122e-03
-4.001565671642889015e+02,2.292770769436464594e-03
-3.991048427074443339e+02,2.314263832330081590e-03
-3.980556845796530752e+02,2.343025983073611547e-03
-3.970087304995660702e+02,2.378825646616396054e-03
-3.959635647481733827e+02,2.421284028822542986e-03
-3.949198190944965177e+02,2.470746427006485953e-03
-3.938770675788957760e+02,2.527600031641125122e-03
-3.928346879835763730e+02,2.591081706356416787e-03
-3.917919017502694601e+02,2.659244529020744156e-03
-3.907479294914625711e+02,2.729926254547187289e-03
-3.897020428154981460e+02,2.801205514020300037e-03
-3.886534806630787102e+02,2.870813585579505296e-03
-3.876013994022371776e+02,2.935575630049250349e-03
-3.865449606371772688e+02,2.991822414341301604e-03
-3.854834649568332452e+02,3.036257425947758506e-03
-3.844163908418197479e+02,3.066195848805667104e-03
-3.833433347495570729e+02,3.079089183187902045e-03
-3.822639849689542757e+02,3.072236509413430166e-03
-3.811782101499132978e+02,3.043212377705275043e-03
-3.800861643954741567e+02,2.990515719223820271e-03
-3.789882846538363310e+02,2.913753171759958516e-03
-3.778852242569805640e+02,2.813402577238767639e-03
-3.767778483039530215e+02,2.690661790106756070e-03
-3.756672828480189423e+02,2.547518720268563460e-03
-3.745549081964817333e+02,2.386723179182309498e-03
-3.734422712176453274e+02,2.211498740642177472e-03
-3.723309980051477055e+02,2.025265906826500227e-03
-3.712227565023111993e+02,1.831688544408001905e-03
-3.701192328779316085e+02,1.634991085485008747e-03
-3.690220908916329563e+02,1.440208085153348461e-03
-3.679329077685238758e+02,1.253087751139970486e-03
-3.668530889591223172e+02,1.079641840597268549e-03
-3.657837817624995864e+02,9.255677822717485416e-04
-3.647258198914639138e+02,7.958136265015080396e-04
-3.636797176974553167e+02,6.943956242326238112e-04
-3.626456981564619468e+02,6.243421941252296241e-04
-3.616237225232311516e+02,5.875456942207125726e-04
-3.606134953414656934e+02,5.844626349465079172e-04
-3.596144661541551955e+02,6.138487036034860839e-04
-3.586258747123877697e+02,6.727579608302854076e-04
-3.576468317088197182e+02,7.568271883514729372e-04
-3.566763818055620163e+02,8.606801143077705578e-04
-3.557135318796022148e+02,9.783332268177688442e-04
-3.547572823551416832e+02,1.103622729752001732e-03
-3.538066797014799363e+02,1.230665211233292937e-03
-3.528608561643190455e+02,1.354255399669338812e-03
-3.519190380863635710e+02,1.470098283376199653e-03
-3.509805447679496524e+02,1.574886408896394125e-03
-3.500447932289376354e+02,1.666301406809992617e-03
-3.491113032971803136e+02,1.742976205783525233e-03
-3.481796922434211297e+02,1.804400617690966359e-03
-3.472496591477482184e+02,1.850767198536806477e-03
-3.463209690258080968e+02,1.882796858845435257e-03
-3.453934404290592397e+02,1.901588786964716329e-03
-3.444669356426709896e+02,1.908507342983618328e-03
-3.435413526041459136e+02,1.905090838103742131e-03
-3.426166167604962993e+02,1.892962647455622739e-03
-3.416926761366403866e+02,1.873734261977507776e-03
-3.407694967448344414e+02,1.848902722324877569e-03
-3.398470520493844447e+02,1.819757134546720742e-03
-3.389253191995541101e+02,1.787312595396534478e-03
-3.380042797939411230e+02,1.752283719756467630e-03
-3.370839129394137785e+02,1.715103734339927782e-03
-3.361641952028996911e+02,1.675985405202517218e-03
-3.352451122116632973e+02,1.634997617930578897e-03
-3.343266674540612939e+02,1.592118074681640868e-03
-3.334088736015559675e+02,1.547247791652727822e-03
-3.324917349709498922e+02,1.500214083569107728e-03
-3.315752502934399786e+02,1.450794318393624441e-03
-3.306594213074480422e+02,1.398763226864904383e-03
-3.297442449359982675e+02,1.343947069244810040e-03
-3.288297137429440227e+02,1.286270866640093621e-03
-3.279158286324153551e+02,1.225786510588131430e-03
-3.270026044076340668e+02,1.162668467193640927e-03
-3.260900600970732626e+02,1.097177258793662676e-03
-3.251782054132581834e+02,1.029610099079832693e-03
-3.242670447532955222e+02,9.602592506655766025e-04
-3.233565827106232859e+02,8.893849824557452377e-04
-3.224468176503586960e+02,8.172024158650242204e-04
-3.215377413873650312e+02,7.438822463999365505e-04
-3.206293494659589101e+02,6.695625104831634013e-04
-3.197216461788037805e+02,5.943634029559426895e-04
-3.188146309624218588e+02,5.183986023011333310e-04
-3.179082869507035412e+02,4.417816943785750155e-04
-3.170025882610830763e+02,3.646265059429165244e-04
-3.160975047473107793e+02,2.870376296862076049e-04
-3.151930049116701298e+02,2.090896227577342462e-04
-3.142890636621321505e+02,1.307996247891326407e-04
-3.133856618621892949e+02,5.210242802959048718e-05
-3.124827805438807218e+02,-2.716346215417787669e-05
-3.115803981150073696e+02,-1.072542878690432866e-04
-3.106784918758276604e+02,-1.885042077819493980e-04
-3.097770355726066214e+02,-2.712961091890805465e-04
-3.088759994631556083e+02,-3.560238557827638973e-04
-3.079753638491640686e+02,-4.430503222606732875e-04
-3.070751197541150646e+02,-5.326661223984075974e-04
-3.061752611646214746e+02,-6.250541503842212392e-04
-3.052757885713882615e+02,-7.202654440855401404e-04
-3.043766998848550429e+02,-8.182113884437434287e-04
-3.034779811026377274e+02,-9.186730743652800520e-04
-3.025796097661067847e+02,-1.021322343727422899e-03
-3.016815565242019943e+02,-1.125747674725514685e-03
-3.007838043628814830e+02,-1.231484639523577028e-03
-2.998863560377146200e+02,-1.338058218204069005e-03
-2.989892197167802692e+02,-1.445043207536427085e-03
-2.980924081156203442e+02,-1.552138803205064740e-03
-2.971959261960573713e+02,-1.659240604901408888e-03
-2.962997622882143673e+02,-1.766483234580381060e-03
-2.954038980294953944e+02,-1.874226521557910896e-03
-2.945083120302283533e+02,-1.982975063835199815e-03
-2.936129968711035758e+02,-2.093251854363339590e-03
-2.927179691710479119e+02,-2.205473079928126513e-03
-2.918232575333159957e+02,-2.319869348139878482e-03
-2.909288969018114130e+02,-2.436466377630339738e-03
-2.900349138640187334e+02,-2.555103060629677035e-03
-2.891413252906210118e+02,-2.675453458363482966e-03
-2.882481501324725173e+02,-2.797029416017955249e-03
-2.873554021806172614e+02,-2.919157584553827567e-03
-2.864631010207422150e+02,-3.040953296398974260e-03
-2.855712852964397257e+02,-3.161345318591650758e-03
-2.846799982335988943e+02,-3.279190127982616228e-03
-2.837892709601646857e+02,-3.393445423883886900e-03
-2.828991201764044376e+02,-3.503329633034652814e-03
-2.820095564820272784e+02,-3.608417359775469881e-03
-2.811205860276749604e+02,-3.708647580066435235e-03
-2.802322084811061131e+02,-3.804220681594030432e-03
-2.793444311161686073e+02,-3.895402695718571794e-03
-2.784572846442112564e+02,-3.982353459703736123e-03
-2.775708164470206043e+02,-4.065113661442052578e-03
-2.766850681991096508e+02,-4.143746587897656139e-03
-2.758000601689340101e+02,-4.218486466517548140e-03
-2.749158032829309946e+02,-4.289769695886576362e-03
-2.740323113368269219e+02,-4.358147700542133567e-03
-2.731495948857900089e+02,-4.424135141999716719e-03
-2.722676708777972863e+02,-4.488055938417214071e-03
-2.713865767107125180e+02,-4.549994266753813396e-03
-2.705063590153705491e+02,-4.609943582242081832e-03
-2.696270544396805917e+02,-4.668088139942105572e-03
-2.687486810593720747e+02,-4.725007104027090579e-03
-2.678712440564245298e+02,-4.781641759880098617e-03
-2.669947470046475360e+02,-4.839038701837269224e-03
-2.661191974649231611e+02,-4.897992586193741435e-03
-2.652446146781531411e+02,-4.958733795284692158e-03
-2.643710369785339367e+02,-5.020811324349076267e-03
-2.634985187579458739e+02,-5.083274740356615896e-03
-2.626271176444882371e+02,-5.145090929971933395e-03
-2.617568781160111939e+02,-5.205557577776140712e-03
-2.608878334666296723e+02,-5.264501168881336422e-03
-2.600200160634740314e+02,-5.322233240773769844e-03
-2.591534524101714396e+02,-5.379338694888294477e-03
-2.582881632307681343e+02,-5.436347245987141474e-03
-2.574241755367743849e+02,-5.493381660537803579e-03
-2.565615271157898860e+02,-5.549969093019194860e-03
-2.557002595671891640e+02,-5.605128515707050001e-03
-2.548404079399749946e+02,-5.657640994740446502e-03
-2.539820013233319003e+02,-5.706344492490984105e-03
-2.531250691525961543e+02,-5.750398492861726572e-03
-2.522696351076874635e+02,-5.789480503196132825e-03
-2.514157107726943252e+02,-5.823791807086958934e-03
-2.505633060681510642e+02,-5.853842949662385782e-03
-2.497124404153882153e+02,-5.880236606220693059e-03
-2.488631351507004013e+02,-5.903669970135112278e-03
-2.480154002168359568e+02,-5.925077297574933392e-03
-2.471692371853804957e+02,-5.945655796300336644e-03
-2.463246476098366315e+02,-5.966659083313686704e-03
-2.454816334435429894e+02,-5.989018620588389304e-03
-2.446401977059009596e+02,-6.012916179222997648e-03
-2.438003547522717440e+02,-6.037531261634305861e-03
-2.429621329222965755e+02,-6.061237107273035642e-03
-2.421255578632137428e+02,-6.082232277583428381e-03
-2.412906384772162767e+02,-6.099170072289872117e-03
-2.404573708030249293e+02,-6.111347807783554936e-03
-2.396257502748313755e+02,-6.118474972315239221e-03
-2.387957736990177580e+02,-6.120371154623273705e-03
-2.379674378093679081e+02,-6.116843181441960695e-03
-2.371407402629354237e+02,-6.107757904965421293e-03
-2.363156799733465050e+02,-6.093243429310744863e-03
-2.354922554201326932e+02,-6.073909026723780039e-03
-2.346704593851659695e+02,-6.050883942796706980e-03
-2.338502823847668708e+02,-6.025535784610085502e-03
-2.330317243083393635e+02,-5.999030092441612338e-03
-2.322147958119335556e+02,-5.972110599216058809e-03
-2.313995141042962302e+02,-5.945297724415614729e-03
-2.305858965923692097e+02,-5.919298912464021796e-03
-2.297739561494462350e+02,-5.895240948896453108e-03
-2.289637068360241585e+02,-5.874526913792792876e-03
-2.281551674964320284e+02,-5.858431088265074818e-03
-2.273483623880356959e+02,-5.847686955479267264e-03
-2.265433237848523049e+02,-5.842282858211745450e-03
-2.257400902730074108e+02,-5.841557800909964911e-03
-2.249387016643329957e+02,-5.844516969519393708e-03
-2.241391939410230236e+02,-5.850140186817691726e-03
-2.233415990488504690e+02,-5.857492933802069257e-03
-2.225459474248753793e+02,-5.865668934447188995e-03
-2.217522698601004265e+02,-5.873753777453734858e-03
-2.209605964009898571e+02,-5.880902936379240123e-03
-2.201709524699750773e+02,-5.886422637347177300e-03
-2.193833606458784971e+02,-5.889738348314450464e-03
-2.185978464151820901e+02,-5.890361808131217534e-03
-2.178144361391098585e+02,-5.887995573498683473e-03
-2.170331506973725482e+02,-5.882841146087260976e-03
-2.162540080254877353e+02,-5.875768785622035272e-03
-2.154770237819164720e+02,-5.868027987632366133e-03
-2.147022077573908234e+02,-5.860657023529692103e-03
-2.139295695389121192e+02,-5.854322506269683639e-03
-2.131591266363716102e+02,-5.851311960013988976e-03
-2.123909045896309351e+02,-5.857859699704445408e-03
-2.116249338383886709e+02,-5.880903927466177468e-03
-2.108608555702144827e+02,-5.920165802210108040e-03
-2.100990797725316099e+02,-5.965663764727935012e-03
-2.093400239012857469e+02,-6.003989584820488418e-03
-2.085829378353667778e+02,-6.023927329852809230e-03
-2.078285533037170296e+02,-6.018657418685670508e-03
-2.070768920004269944e+02,-5.990302055221195104e-03
-2.063272208219374306e+02,-5.952754361800644337e-03
-2.055802614470277945e+02,-5.925845756244032571e-03
-2.048353062304651644e+02,-5.921875530329200749e-03
-2.040923637865532214e+02,-5.933324791045067360e-03
-2.033520783122287980e+02,-5.937492534452377263e-03
-2.026141399639473661e+02,-5.919874692218348930e-03
-2.018790400953310780e+02,-5.891164267162766685e-03
-2.011458949781586227e+02,-5.875013572579737206e-03
-2.004146641332622778e+02,-5.880345466263691215e-03
-1.996861080712378396e+02,-5.893064708219461316e-03
-1.989596967835059047e+02,-5.894471175155514310e-03
-1.982359314219831674e+02,-5.880727312467650368e-03
-1.975145873359094253e+02,-5.862058157189728967e-03
-1.967952081467575454e+02,-5.845823061701321995e-03
-1.960783320810328405e+02,-5.826480291657893350e-03
-1.953639576472910733e+02,-5.795571911537863649e-03
-1.946519346920469218e+02,-5.756877100969204873e-03
-1.939422994863109011e+02,-5.727456764431869060e-03
-1.932348248034871290e+02,-5.724326655265139091e-03
-1.925295183443377880e+02,-5.750493053965770839e-03
-1.918266287615946339e+02,-5.791923765019007381e-03
-1.911261708517115210e+02,-5.826218633881622734e-03
-1.904283727446169223e+02,-5.836357694395179728e-03
-1.897332872615964448e+02,-5.820769178574553525e-03
-1.890407144236014574e+02,-5.793778289109884766e-03
-1.883506803493320376e+02,-5.776837562151633347e-03
-1.876630748124802039e+02,-5.785628619178829861e-03
-1.869778519503729513e+02,-5.819632278699879945e-03
-1.862952424436795127e+02,-5.861035484921636382e-03
-1.856154065434260474e+02,-5.885406229729821248e-03
-1.849384582631399496e+02,-5.877247510642311795e-03
-1.842644134458066674e+02,-5.839534858669907270e-03
-1.835931594954451782e+02,-5.791620256413798108e-03
-1.829246008258775760e+02,-5.757910427257784472e-03
-1.822586659744831934e+02,-5.754184441964087585e-03
-1.815953933839290073e+02,-5.778726052433323830e-03
-1.809349197989351978e+02,-5.813223960313853786e-03
-1.802773875753269124e+02,-5.834060167131318621e-03
-1.796229501827070862e+02,-5.828062598798392988e-03
-1.789716023287090252e+02,-5.800566247637407163e-03
-1.783231613554586090e+02,-5.766938302500393757e-03
-1.776775519941476489e+02,-5.735391361282924858e-03
-1.770348856471314036e+02,-5.700666759069153086e-03
-1.763952780706611065e+02,-5.655552271372822973e-03
-1.757586694926585267e+02,-5.604023917384640986e-03
-1.751248906910351195e+02,-5.558023533123298589e-03
-1.744938810072420097e+02,-5.522456393499733038e-03
-1.738657286338361132e+02,-5.488810605855935082e-03
-1.732405437147488101e+02,-5.446020151261993583e-03
-1.726183085163830526e+02,-5.394346557509543255e-03
-1.719988715053374619e+02,-5.344085201654114568e-03
-1.713821319903247229e+02,-5.300976929330743215e-03
-1.707681601085370460e+02,-5.258368148320420425e-03
-1.701570832074066004e+02,-5.207649956023128676e-03
-1.695488725848253466e+02,-5.153263922000662391e-03
-1.689433385714092708e+02,-5.110826947958438914e-03
-1.683403679799059773e+02,-5.089052116633267439e-03
-1.677400667074259104e+02,-5.078608447147576858e-03
-1.671426132104673172e+02,-5.062069557784776470e-03
-1.665480166059709575e+02,-5.031163894413004552e-03
-1.659561388264972379e+02,-4.990390335314092395e-03
-1.653669323455216897e+02,-4.947681808063980960e-03
-1.647804580410026460e+02,-4.908685368019235183e-03
-1.641967014599238723e+02,-4.879733039183198166e-03
-1.636155672322597070e+02,-4.868539101495597370e-03
-1.630370189587357572e+02,-4.876926331648018254e-03
-1.624611273755039633e+02,-4.895225866594203092e-03
-1.618880055188060112e+02,-4.908604256027609275e-03
-1.613177195929621917e+02,-4.910971646133817543e-03
-1.607502340842604269e+02,-4.911680190249513925e-03
-1.601854473074651537e+02,-4.926480512669794212e-03
-1.596233277322551487e+02,-4.960974218387158123e-03
-1.590639927693381139e+02,-5.003854247454138197e-03
-1.585076032917346822e+02,-5.037004595697947007e-03
-1.579542102975426303e+02,-5.051072032206894470e-03
-1.574037647446592700e+02,-5.050689594379388289e-03
-1.568562303382056768e+02,-5.046991248040950430e-03
-1.563116073180075318e+02,-5.047832264317393854e-03
-1.557699104754510131e+02,-5.054721006255921863e-03
-1.552311722978971602e+02,-5.066075282865760941e-03
-1.546954134460649755e+02,-5.080599465809741352e-03
-1.541626247295384076e+02,-5.096371396933024357e-03
-1.536328178078150302e+02,-5.107995656045725280e-03
-1.531060576569698810e+02,-5.108358372372345975e-03
-1.525823930473938788e+02,-5.096175158527310733e-03
-1.520617812611870647e+02,-5.080844661527690424e-03
-1.515441260071349348e+02,-5.076333361535701263e-03
-1.510293888202436108e+02,-5.088432783875438889e-03
-1.505176398773718631e+02,-5.108859434769770849e-03
-1.500089773713189629e+02,-5.122553435381295428e-03
-1.495034308408688730e+02,-5.120068235399589766e-03
-1.490009644760814922e+02,-5.103216716340609922e-03
-1.485015320799583662e+02,-5.081635836077054956e-03
-1.480051084427337571e+02,-5.066429227182925148e-03
-1.475116735200863332e+02,-5.065324598723063704e-03
-1.470212004119185849e+02,-5.078869283474872660e-03
-1.465337021274868050e+02,-5.098536679731792420e-03
-1.460492536315147447e+02,-5.111102440628758486e-03
-1.455679191553073224e+02,-5.109151686531665862e-03
-1.450896628067665688e+02,-5.098456227686587808e-03
-1.446143848604463926e+02,-5.093677797375513287e-03
-1.441420424071049240e+02,-5.106270730310950162e-03
-1.436726702952822166e+02,-5.136319147056620654e-03
-1.432063179149217831e+02,-5.173751659499104504e-03
-1.427430210337366816e+02,-5.204805340446250900e-03
-1.422828255839582994e+02,-5.218492737047799451e-03
-1.418257644677585461e+02,-5.211090417472581497e-03
-1.413718063900744539e+02,-5.187170796176359712e-03
-1.409208966687448594e+02,-5.156264498320405586e-03
-1.404730029256803618e+02,-5.127787651095146518e-03
-1.400281086966219561e+02,-5.108365125121028250e-03
-1.395862002606177157e+02,-5.102150210685656162e-03
-1.391472670520646204e+02,-5.111319602114505409e-03
-1.387113147183709998e+02,-5.135030562372279450e-03
-1.382783687462045918e+02,-5.168370966773122750e-03
-1.378484794688023953e+02,-5.203647631454856766e-03
-1.374216940472764463e+02,-5.233819397795126498e-03
-1.369980340811814870e+02,-5.255264120108441364e-03
-1.365775077151100731e+02,-5.267704452884611546e-03
-1.361601229008213352e+02,-5.272117162435399976e-03
-1.357458871210363043e+02,-5.269064857151701566e-03
-1.353348041073857644e+02,-5.258750045714460399e-03
-1.349268757594036856e+02,-5.242087960149077741e-03
-1.345220898772690532e+02,-5.221256834265238997e-03
-1.341204266637227818e+02,-5.199117878892788903e-03
-1.337218761217025076e+02,-5.178500447547961308e-03
-1.333264323445412458e+02,-5.162374421065063848e-03
-1.329340829972350946e+02,-5.153994334504291737e-03
-1.325448126177460892e+02,-5.155174280549234232e-03
-1.321586170870803869e+02,-5.163194357664794773e-03
-1.317755224975173007e+02,-5.169901246502680431e-03
-1.313955685491050644e+02,-5.165660735162336259e-03
-1.310187675251885651e+02,-5.145902903090516373e-03
-1.306450844040890900e+02,-5.114728245848423893e-03
-1.302744681810685279e+02,-5.082363662532608101e-03
-1.299068738126004519e+02,-5.058297159626512322e-03
-1.295422671495594784e+02,-5.044941673026346295e-03
-1.291806554392053954e+02,-5.036369930923976536e-03
-1.288220688939183276e+02,-5.023191942211671299e-03
-1.284665090289893215e+02,-4.999553386042790079e-03
-1.281139363963712015e+02,-4.966425965388684798e-03
-1.277643115153863818e+02,-4.929368031778707214e-03
-1.274176028226925297e+02,-4.893764228410293383e-03
-1.270737713110633962e+02,-4.861380801087054546e-03
-1.267328026145671345e+02,-4.830377880817850363e-03
-1.263946986435066719e+02,-4.798548287109688157e-03
-1.260594319818313664e+02,-4.766711583193125601e-03
-1.257269543160151102e+02,-4.738846058364076276e-03
-1.253972428663673639e+02,-4.719129056557422666e-03
-1.250702880192164912e+02,-4.708785250756730538e-03
-1.247460715229380526e+02,-4.704743802185081328e-03
-1.244246062347038588e+02,-4.700737259817638729e-03
-1.241059161240438726e+02,-4.690519447714236109e-03
-1.237899894618917500e+02,-4.671025606243531594e-03
-1.234767991942093772e+02,-4.643190107086172559e-03
-1.231663324306898346e+02,-4.610871471190539604e-03
-1.228585672331287100e+02,-4.579422078090729722e-03
-1.225534600876326294e+02,-4.553980418815164848e-03
-1.222509953303611496e+02,-4.537578853395446768e-03
-1.219511780073296734e+02,-4.530127854174740600e-03
-1.216539999005925807e+02,-4.528463196864403184e-03
-1.213594647394451158e+02,-4.527022960191748498e-03
-1.210675992101017044e+02,-4.519690389042282583e-03
-1.207784112947814350e+02,-4.502721346237721113e-03
-1.204918807773055391e+02,-4.476683119402298343e-03
-1.202079918505944249e+02,-4.445752048068087568e-03
-1.199267190966749865e+02,-4.415030513571290005e-03
-1.196480337425220597e+02,-4.387888876689822679e-03
-1.193719300717327343e+02,-4.365385261961319228e-03
-1.190984079548696570e+02,-4.348401280395877526e-03
-1.188274570943015505e+02,-4.340245899449691330e-03
-1.185590576604737976e+02,-4.346110779428711927e-03
-1.182932013505540709e+02,-4.368431209979397462e-03
-1.180299051973719315e+02,-4.401646201889343295e-03
-1.177692181542423384e+02,-4.431491886471237637e-03
-1.175112052613839069e+02,-4.440871247722718088e-03
-1.172558932807739041e+02,-4.418989768509649918e-03
-1.170032657339774147e+02,-4.367587031437073462e-03
-1.167532688531927647e+02,-4.300095606107549873e-03
-1.165058183787260901e+02,-4.234545013658308141e-03
-1.162608547264739371e+02,-4.185341709165138480e-03
-1.160183563203446226e+02,-4.159070460032056674e-03
-1.157783142925921567e+02,-4.154898050170245313e-03
-1.155407218934563645e+02,-4.166470860914546492e-03
-1.153056012194433748e+02,-4.183478720401563947e-03
-1.150729883715897444e+02,-4.193754703791729814e-03
-1.148428903584976126e+02,-4.186729209045492867e-03
-1.146153169309763769e+02,-4.157518942838802495e-03
-1.143902552315792036e+02,-4.109530548219672043e-03
-1.141676377668283777e+02,-4.052936011725658677e-03
-1.139474012780213457e+02,-3.999050018986800500e-03
-1.137295141245432291e+02,-3.954754276419093773e-03
-1.135139518730954080e+02,-3.920777537757985133e-03
-1.133006938514495943e+02,-3.893417042645095933e-03
-1.130897334364055666e+02,-3.867232709574908341e-03
-1.128810585375000244e+02,-3.837465226593741573e-03
-1.126746509338215958e+02,-3.801983033205009153e-03
-1.124704896218770784e+02,-3.762302134928761661e-03
-1.122685340109155874e+02,-3.723024933423038207e-03
-1.120687486458657247e+02,-3.689616745509718358e-03
-1.118711089875823887e+02,-3.665283588060230368e-03
-1.116755872374437359e+02,-3.648404349087198007e-03
-1.114821854770329850e+02,-3.632371007183434093e-03
-1.112909167352562463e+02,-3.608640125482479640e-03
-1.111017664465715740e+02,-3.571269607139217119e-03
-1.109147078905188835e+02,-3.520240793027270589e-03
-1.107297071820094487e+02,-3.462328669288573541e-03
-1.105467095581366550e+02,-3.409257247299469704e-03
-1.103656549850941673e+02,-3.373003776030993658e-03
-1.101865079666903995e+02,-3.359782461277787628e-03
-1.100092618822517636e+02,-3.366389684078656581e-03
-1.098339425110130065e+02,-3.381711685022473560e-03
-1.096605804069831720e+02,-3.392503896465160623e-03
-1.094891828994066429e+02,-3.389935816336599184e-03
-1.093197524684285895e+02,-3.373546605551597851e-03
-1.091522659157966189e+02,-3.350442263880404423e-03
-1.089866691299105383e+02,-3.329532828412244683e-03
-1.088229408496198403e+02,-3.314405421403996202e-03
-1.086610910444592406e+02,-3.300637437046263258e-03
-1.085011244464010645e+02,-3.279805356684905356e-03
-1.083430424832624652e+02,-3.246567219099991738e-03
-1.081868193196789747e+02,-3.203170918803441292e-03
-1.080324052602034186e+02,-3.158337735759003846e-03
-1.078797569756035841e+02,-3.121739171249288732e-03
-1.077288389553129946e+02,-3.098330213450157990e-03
-1.075796459527709885e+02,-3.086609081865825891e-03
-1.074321888399826292e+02,-3.081230054967722554e-03
-1.072864610692002003e+02,-3.076527165800493901e-03
-1.071424539177186261e+02,-3.067933791180971551e-03
-1.070001666212456257e+02,-3.052140050358745013e-03
-1.068595983501303266e+02,-3.028091811930547651e-03
-1.067207276612187741e+02,-2.998046634992168960e-03
-1.065835173957959796e+02,-2.966309112924977835e-03
-1.064479427450413311e+02,-2.935984981334892677e-03
-1.063139882720680163e+02,-2.906807150285705722e-03
-1.061816432010430731e+02,-2.875840926990179229e-03
-1.060508934148680282e+02,-2.839985789039969379e-03
-1.059217160888559590e+02,-2.798215633755856985e-03
-1.057940878840912546e+02,-2.752290320509858355e-03
-1.056679718201748841e+02,-2.705654827544391131e-03
-1.055433301705020597e+02,-2.661320419542674478e-03
-1.054201433018331926e+02,-2.620398830508635299e-03
-1.052983900706842633e+02,-2.582125240855116018e-03
-1.051780456750683186e+02,-2.544525316423120083e-03
-1.050590895277419605e+02,-2.505199665920399606e-03
-1.049415054199097028e+02,-2.463072133741266503e-03
-1.048252763881858698e+02,-2.420811023887615120e-03
-1.047103615391563523e+02,-2.385016713094932281e-03
-1.045967143356108693e+02,-2.362233201612217413e-03
-1.044843218276949131e+02,-2.353564142093429300e-03
-1.043731913040993788e+02,-2.352844696197557272e-03
-1.042633364364292703e+02,-2.349991521597531718e-03
-1.041547692976965465e+02,-2.336742304374549595e-03
-1.040474807953461607e+02,-2.310785918860420139e-03
-1.039414459585558319e+02,-2.275966939125135223e-03
-1.038366318856295010e+02,-2.238821415207883480e-03
-1.037330053265281151e+02,-2.203909785605025467e-03
-1.036305496605966425e+02,-2.171282276135968331e-03
-1.035292597738475422e+02,-2.137875267847958241e-03
-1.034291240016064819e+02,-2.101288882437027730e-03
-1.033301168122690399e+02,-2.062437714464647031e-03
-1.032322064198769880e+02,-2.025279157285387027e-03
-1.031353680620515263e+02,-1.994884781210080719e-03
-1.030395839770761768e+02,-1.975606676970528656e-03
-1.029448348480704425e+02,-1.969409916271968545e-03
-1.028511123535821952e+02,-1.974200058443591720e-03
-1.027584314626714388e+02,-1.983385675536721449e-03
-1.026668104417266392e+02,-1.987701391106563072e-03
-1.025762580939169482e+02,-1.978262667516090308e-03
-1.024867741030050183e+02,-1.949178469404966481e-03
-1.023983452487893402e+02,-1.899305050453024358e-03
-1.023109434590179916e+02,-1.833199828956648967e-03
-1.022245198794919219e+02,-1.760462130779994654e-03
-1.021390169677390674e+02,-1.692729673176558139e-03
-1.020543868667627549e+02,-1.639438337192303816e-03
-1.019705972996043215e+02,-1.604760707627865806e-03
-1.018876375865660435e+02,-1.587023717755006594e-03
-1.018055035547150453e+02,-1.579819062587024640e-03
-1.017241946874611358e+02,-1.573796563524670639e-03
-1.016437254546144828e+02,-1.559457176025833437e-03
-1.015641028428527335e+02,-1.530551527859891217e-03
-1.014853020767809113e+02,-1.486155021665961197e-03
-1.014072873408729265e+02,-1.429367651237597667e-03
-1.013300315860854255e+02,-1.363661118891177672e-03
-1.012534942344370137e+02,-1.289843687907621644e-03
-1.011776317631701971e+02,-1.206631794471831531e-03
-1.011024172866599855e+02,-1.119510348930444427e-03
-1.010278271892024264e+02,-1.050942455180198460e-03
