-1.127387152777556366e+03,0.000000000000000000e+00
-1.126844618055333967e+03,0.000000000000000000e+00
-1.126302083333111796e+03,0.000000000000000000e+00
-1.125759548610889397e+03,0.000000000000000000e+00
-1.125217013888667225e+03,0.000000000000000000e+00
-1.124674479166444826e+03,0.000000000000000000e+00
-1.124131944444222427e+03,0.000000000000000000e+00
-1.123589409722000255e+03,0.000000000000000000e+00
-1.123046874999777856e+03,0.000000000000000000e+00
-1.122504378937415822e+03,1.065703081337687763e-10
-1.121847511662050238e+03,-6.623759341017887436e-06
-1.121076192292325004e+03,-1.961373268244415158e-05
-1.120419201035665310e+03,-2.546725721419562660e-05
-1.119876622046753710e+03,-2.445810014517491027e-05
-1.119334084615215261e+03,-2.347899525911856244e-05
-1.118791547257122147e+03,-2.252767656862886270e-05
-1.118249009982359212e+03,-2.160579446464083730e-05
-1.117706482320551686e+03,-2.071197802155921863e-05
-1.117138922817864341e+03,-2.131911067682068506e-05
-1.116496194568571809e+03,-2.633439180055319184e-05
-1.115803316106268994e+03,-3.413341687075188702e-05
-1.115160513065604619e+03,-3.869883156149001024e-05
-1.114592880933498236e+03,-3.865060511643036989e-05
-1.114050331649632881e+03,-3.710969311843115293e-05
-1.113507792665641091e+03,-3.561647696770364746e-05
-1.112965253850641375e+03,-3.417102620861811602e-05
-1.112422717484909299e+03,-3.277902673737287387e-05
-1.111873693202224786e+03,-3.177686660471579216e-05
-1.111292189585584765e+03,-3.245606654544985759e-05
-1.110652194462313219e+03,-3.603512312988499389e-05
-1.109979682717867036e+03,-4.107682596288242394e-05
-1.109339640159141481e+03,-4.428662512268033424e-05
-1.108758081078167834e+03,-4.445512276074481406e-05
-1.108209029461317414e+03,-4.299574702937292159e-05
-1.107666487737303669e+03,-4.127466359804543572e-05
-1.107123949317571714e+03,-3.964634076591977419e-05
-1.106580229553329900e+03,-3.820204521609582571e-05
-1.106028221741340758e+03,-3.740889102932243304e-05
-1.105452515046819144e+03,-3.826764036762853038e-05
-1.104843612626704044e+03,-4.134843665237752930e-05
-1.104218095631630149e+03,-4.542496665482786966e-05
-1.103609154616821570e+03,-4.818538104078839979e-05
-1.103033399517041062e+03,-4.855820325833093420e-05
-1.102481361855164323e+03,-4.730759071147616623e-05
-1.101937632325024879e+03,-4.556820680789996914e-05
-1.101395092223248412e+03,-4.383883664971222061e-05
-1.100852292969079372e+03,-4.218807738709529076e-05
-1.100307152092286969e+03,-4.073309904928379410e-05
-1.099752897109078049e+03,-3.991075812059818873e-05
-1.099179101568075339e+03,-4.038593870436812949e-05
-1.098581847042490153e+03,-4.237919111194088373e-05
-1.097973634034251972e+03,-4.502789920923788713e-05
-1.097376353444065444e+03,-4.688832251353858283e-05
-1.096802522924935829e+03,-4.716999395526499939e-05
-1.096248242845092363e+03,-4.616081563657559172e-05
-1.095703039635203368e+03,-4.457892397446983068e-05
-1.095159615364001183e+03,-4.293876121330697515e-05
-1.094613647650092844e+03,-4.158333306580885846e-05
-1.094059673843976952e+03,-4.098235573124497932e-05
-1.093491395234575521e+03,-4.166457570065063010e-05
-1.092907659057259707e+03,-4.369126542780321643e-05
-1.092317043060197875e+03,-4.626561771470250051e-05
-1.091733283012860056e+03,-4.815285810089164897e-05
-1.091164971088276843e+03,-4.861248328325018520e-05
-1.090610959349451832e+03,-4.779968345580698497e-05
-1.090064814124705890e+03,-4.633455163993716042e-05
-1.089520576685555170e+03,-4.476840018696748302e-05
-1.088973696957507627e+03,-4.350125604180021810e-05
-1.088419360504431552e+03,-4.293355440054824612e-05
-1.087853218575348592e+03,-4.340461190466271546e-05
-1.087275265236079349e+03,-4.486346283361086762e-05
-1.086692242729139707e+03,-4.668736439672471761e-05
-1.086114271670251810e+03,-4.800346262712196221e-05
-1.085548103985444868e+03,-4.826794437473580501e-05
-1.084993744328632374e+03,-4.752949198660871843e-05
-1.084446883761728941e+03,-4.619940825456581024e-05
-1.083903111953912230e+03,-4.468901464438346238e-05
-1.083359676628886973e+03,-4.328257376950972457e-05
-1.082814750476474046e+03,-4.223624072707821142e-05
-1.082266507095971519e+03,-4.186065025724161615e-05
-1.081713503731421724e+03,-4.240185678128227664e-05
-1.081156007534485980e+03,-4.377780373765460808e-05
-1.080596633093774471e+03,-4.546374343661341300e-05
-1.080039120638471786e+03,-4.673931790488694560e-05
-1.079486081827652470e+03,-4.712275272211741139e-05
-1.078937711995502468e+03,-4.659883892088600987e-05
-1.078392219472300894e+03,-4.549410856924396285e-05
-1.077846822973778217e+03,-4.422444601637209871e-05
-1.077298184185184255e+03,-4.316021882111442665e-05
-1.076742747707376793e+03,-4.260001058575824118e-05
-1.076178129095424310e+03,-4.271007743028576442e-05
-1.075605220177473939e+03,-4.340637562716409548e-05
-1.075028868327603050e+03,-4.432382556540659380e-05
-1.074455529079875078e+03,-4.498452155221599469e-05
-1.073889079125684020e+03,-4.507277593379654945e-05
-1.073327833124759081e+03,-4.460281504137242337e-05
-1.072764801681359586e+03,-4.386459446781287852e-05
-1.072191052422627763e+03,-4.322417581636983641e-05
-1.071600681865594879e+03,-4.292419037987826869e-05
-1.070995014121310533e+03,-4.297523015228676968e-05
-1.070383134063213447e+03,-4.317222488392502555e-05
-1.069777558031299122e+03,-4.322300772852116779e-05
-1.069187691883039179e+03,-4.291459840821687521e-05
-1.068615806985582367e+03,-4.221345528687692195e-05
-1.068057812550292056e+03,-4.125235144591954395e-05
-1.067506883072925348e+03,-4.025178117483818596e-05
-1.066956648646816802e+03,-3.944584949788776385e-05
-1.066402660615119657e+03,-3.902431982005793998e-05
-1.065842895980747699e+03,-3.906843542011984027e-05
-1.065277991798161793e+03,-3.949381064405343977e-05
-1.064710787418740210e+03,-4.005863392109176857e-05
-1.064144579899596238e+03,-4.047043704602515390e-05
-1.063580548462666684e+03,-4.053922930680187164e-05
-1.063015827368291866e+03,-4.027487248148275967e-05
-1.062443706696915569e+03,-3.986474421679986335e-05
-1.061856462178909624e+03,-3.955358596208213839e-05
-1.061249814108679629e+03,-3.950372973182680880e-05
-1.060626569651112959e+03,-3.971116706580346545e-05
-1.059996740682130394e+03,-4.001556856980670318e-05
-1.059373335400380938e+03,-4.019399946209034624e-05
-1.058766129694702840e+03,-4.008342713301971116e-05
-1.058177280151731338e+03,-3.966001203004054787e-05
-1.057601129289162373e+03,-3.903730336762833986e-05
-1.057027618626091225e+03,-3.840033360180683530e-05
-1.056447049347646953e+03,-3.791935700991899694e-05
-1.055854113338554043e+03,-3.768137553095129988e-05
-1.055249858386314600e+03,-3.765936924526869234e-05
-1.054640830100933954e+03,-3.773174626076070126e-05
-1.054035591727791825e+03,-3.775102679348663059e-05
-1.053440283600697512e+03,-3.762695963693829526e-05
-1.052855693525929382e+03,-3.737704163953026182e-05
-1.052277454647670311e+03,-3.711606415546242488e-05
-1.051699018705280423e+03,-3.698908643823273223e-05
-1.051115485319534855e+03,-3.708553095727040727e-05
-1.050526136453177969e+03,-3.738268825603796586e-05
-1.049934473479802136e+03,-3.775063335265116393e-05
-1.049345988400119722e+03,-3.801625936272756690e-05
-1.048765072732045155e+03,-3.804915320593238448e-05
-1.048192776328327909e+03,-3.782106248184646802e-05
-1.047626449707460779e+03,-3.741094645182130307e-05
-1.047061179720324617e+03,-3.696031567468338608e-05
-1.046492115463403707e+03,-3.660613971945281264e-05
-1.045916583328092429e+03,-3.642322257135788277e-05
-1.045335115945664938e+03,-3.639893033646757203e-05
-1.044750965531694874e+03,-3.644926500623313359e-05
-1.044168309608845902e+03,-3.646847084315396614e-05
-1.043590035060241235e+03,-3.638744778822200487e-05
-1.043016287421717152e+03,-3.621013926480287637e-05
-1.042444581362713734e+03,-3.600811480097831918e-05
-1.041871371259075204e+03,-3.587619170630773624e-05
-1.041294153176899044e+03,-3.587497339196943358e-05
-1.040712911211896653e+03,-3.599387881081383966e-05
-1.040130138563731634e+03,-3.615368018294873309e-05
-1.039549479742322774e+03,-3.624538538193888826e-05
-1.038973784007683662e+03,-3.618343744626884018e-05
-1.038403621470160488e+03,-3.594435613596402845e-05
-1.037836986301381330e+03,-3.557322294511777727e-05
-1.037270252439827573e+03,-3.515720337077254953e-05
-1.036699853565897001e+03,-3.478300314441185037e-05
-1.036123882168114278e+03,-3.450200010135517914e-05
-1.035542877205437890e+03,-3.431539130627214718e-05
-1.034959433254199666e+03,-3.418366976148945469e-05
-1.034376810984738768e+03,-3.405609834139511349e-05
-1.033797248152684688e+03,-3.390433578331908393e-05
-1.033220865930000855e+03,-3.374212032003498507e-05
-1.032645763394031974e+03,-3.361852838335011029e-05
-1.032069231890902984e+03,-3.358896236704822513e-05
-1.031489392233067520e+03,-3.368121619384822907e-05
-1.030906336102069645e+03,-3.387336342530744560e-05
-1.030322154524952794e+03,-3.409629241168943281e-05
-1.029739867377661085e+03,-3.426166634845628778e-05
-1.029161859320280200e+03,-3.430076187527220100e-05
-1.028588655777539088e+03,-3.419295715456627249e-05
-1.028018645001960977e+03,-3.396986074655217180e-05
-1.027448839929381620e+03,-3.369682568532539335e-05
-1.026876271028371548e+03,-3.344249677184052416e-05
-1.026299338332987190e+03,-3.324992583486618969e-05
-1.025718503427460519e+03,-3.312209362338336405e-05
-1.025136017774083484e+03,-3.302755706702242833e-05
-1.024554827450359880e+03,-3.292223405004790493e-05
-1.023977176943682593e+03,-3.277503823895244750e-05
-1.023403572091091291e+03,-3.258536305228432184e-05
-1.022832579306485400e+03,-3.238617123368925377e-05
-1.022261530551384567e+03,-3.223038089750218660e-05
-1.021687781640485241e+03,-3.216594868238331628e-05
-1.021109932592342602e+03,-3.221181190671273953e-05
-1.020528454066930976e+03,-3.234647041328031492e-05
-1.019945444199012513e+03,-3.251473108534241874e-05
-1.019363641702298764e+03,-3.264861945240227215e-05
-1.018785165372382494e+03,-3.269358053170634548e-05
-1.018210571837184943e+03,-3.262920755808806916e-05
-1.017638659896624517e+03,-3.247404698480949037e-05
-1.017067086323581066e+03,-3.227321379029035597e-05
-1.016493479916564752e+03,-3.207654424297601281e-05
-1.015916525790416131e+03,-3.191643314082170946e-05
-1.015336524937376112e+03,-3.180189678264611075e-05
-1.014755187374241132e+03,-3.171866762574637733e-05
-1.014174773035381122e+03,-3.163511650416950260e-05
-1.013596993189129307e+03,-3.152996477240321838e-05
-1.013022190130991476e+03,-3.140741986484840709e-05
-1.012449172280947664e+03,-3.129378500776880401e-05
-1.011875765361522213e+03,-3.122851375270130347e-05
-1.011299803580450657e+03,-3.124658691788795295e-05
-1.010720084909706316e+03,-3.136101252021461505e-05
-1.010136840661682868e+03,-3.155377856778329715e-05
-1.009551508283870248e+03,-3.178180683072184820e-05
-1.008965939044839843e+03,-3.199405045339887010e-05
-1.008381455273421238e+03,-3.215072683637743012e-05
-1.007798247252764781e+03,-3.223609705838015316e-05
-1.007215417477941514e+03,-3.226013816082229368e-05
-1.006631629222284118e+03,-3.224963116554846465e-05
-1.006045987558591719e+03,-3.223030555776773554e-05
-1.005458657383294508e+03,-3.221194069258359605e-05
-1.004870872486845201e+03,-3.218844821795130429e-05
-1.004284325645550894e+03,-3.214673640616894090e-05
-1.003700263943754408e+03,-3.207692351736568526e-05
-1.003118767549866448e+03,-3.198127103143377781e-05
-1.002538591736902504e+03,-3.187767374512873175e-05
-1.001957663601002082e+03,-3.179490242199989325e-05
-1.001373999028589310e+03,-3.175845151304201863e-05
-1.000786600459122496e+03,-3.177677194710071262e-05
-1.000195903908457240e+03,-3.183887249402772568e-05
-9.996035560444985322e+02,-3.191936817081852951e-05
-9.990116181475993926e+02,-3.198714881857966930e-05
-9.984215661489295144e+02,-3.201803489005783376e-05
-9.978335559541529847e+02,-3.200478089215863520e-05
-9.972463011752311104e+02,-3.195835680536163181e-05
-9.966576222129388043e+02,-3.190134651998022264e-05
-9.960654079677466370e+02,-3.185732944110952758e-05
-9.954685358496539038e+02,-3.184202839179306466e-05
-9.948673172109583902e+02,-3.185917558656825577e-05
-9.942632670884571553e+02,-3.190208381909087620e-05
-9.936583304689498846e+02,-3.196051976406266704e-05
-9.930539682791013547e+02,-3.202770026966561545e-05
-9.924505743298235529e+02,-3.210364787342712134e-05
-9.918475189421894811e+02,-3.219444835167450947e-05
-9.912437853088608790e+02,-3.230764855643997180e-05
-9.906388566578817745e+02,-3.244544879432709195e-05
-9.900333906435080280e+02,-3.259960290602492705e-05
-9.894293410631343022e+02,-3.275191537976951395e-05
-9.888294775017304801e+02,-3.287891048309177222e-05
-9.882365457224473175e+02,-3.295980410822352269e-05
-9.876524541135506752e+02,-3.298580726340816227e-05
-9.870778108876972965e+02,-3.296385957529679445e-05
-9.865119348601584761e+02,-3.291394989890505940e-05
-9.859532444312774260e+02,-3.286215737308140206e-05
-9.853998022972584749e+02,-3.283201761572485111e-05
-9.848497930557658719e+02,-3.283638667639365849e-05
-9.843018009993562600e+02,-3.287271910235034511e-05
-9.837548682761342889e+02,-3.292637515972529627e-05
-9.832083953240367009e+02,-3.297831707715914717e-05
-9.826619767166890824e+02,-3.301297464286534478e-05
-9.821152556238789657e+02,-3.302521573989025683e-05
-9.815678489142958369e+02,-3.302312618913560982e-05
-9.810193584158456588e+02,-3.302556861317640369e-05
-9.804694506488127672e+02,-3.305458664559779436e-05
-9.799179624747019943e+02,-3.312569383240315801e-05
-9.793649787189373228e+02,-3.324197910270498824e-05
-9.788108350975314806e+02,-3.339303977778484978e-05
-9.782560264632469398e+02,-3.355820314965285434e-05
-9.777010392346074923e+02,-3.371366636972794595e-05
-9.771461632439023788e+02,-3.384088427260678600e-05
-9.765913557294769589e+02,-3.393304344179171039e-05
-9.760362187811317654e+02,-3.399665593484257897e-05
-9.754801129973942579e+02,-3.404776525162134249e-05
-9.749223779943093859e+02,-3.410534734626935460e-05
-9.743625848153948255e+02,-3.418438130342593695e-05
-9.738007251931638848e+02,-3.429080801531370071e-05
-9.732372586525111728e+02,-3.442030800382411826e-05
-9.726729877524571748e+02,-3.456119008760083489e-05
-9.721087973267142388e+02,-3.469982099435497958e-05
-9.715453495586949657e+02,-3.482625716699772056e-05
-9.709828489877425000e+02,-3.493831246537126844e-05
-9.704209689009888962e+02,-3.504259618036797974e-05
-9.698589703083180211e+02,-3.515220068361912809e-05
-9.692959701516338100e+02,-3.528195759994190439e-05
-9.687312561408950842e+02,-3.544309576941628848e-05
-9.681645255206921092e+02,-3.563915358384406318e-05
-9.675959534428477582e+02,-3.586415859846425747e-05
-9.670260641852048593e+02,-3.610434167189424670e-05
-9.664554599067213303e+02,-3.634294325483011789e-05
-9.658845238765914019e+02,-3.656530687123904499e-05
-9.653132299532280740e+02,-3.676285409426327533e-05
-9.647411477079391489e+02,-3.693503372037554300e-05
-9.641676481019530911e+02,-3.708868041574220342e-05
-9.635922235957091289e+02,-3.723390322729613899e-05
-9.630147799390626915e+02,-3.737864824326919688e-05
-9.624357620283897177e+02,-3.752660582279077062e-05
-9.618560435740013190e+02,-3.767751968197785573e-05
-9.612766117776393457e+02,-3.782872974866791083e-05
-9.606981696860890452e+02,-3.797848646680535012e-05
-9.601208203255181388e+02,-3.813006743680347199e-05
-9.595439696969489205e+02,-3.829282251288645966e-05
-9.589665007881851579e+02,-3.847855620797702159e-05
-9.583871621267903720e+02,-3.869808267165097959e-05
-9.578050255793659744e+02,-3.895821854005276919e-05
-9.572198342732341416e+02,-3.925816147720695426e-05
-9.566320965370910017e+02,-3.958831500394666136e-05
-9.560428737026089721e+02,-3.993337871488478186e-05
-9.554533248457940999e+02,-4.027783713222987672e-05
-9.548641669679086590e+02,-4.060980782760736929e-05
-9.542752483951927616e+02,-4.092447936088206006e-05
-9.536854012030764807e+02,-4.122770955738985776e-05
-9.530926469593460979e+02,-4.153527146666391445e-05
-9.524947120131232623e+02,-4.186820032892057952e-05
-9.518897052994309433e+02,-4.224760479232259058e-05
-9.512767576162063961e+02,-4.268958953002055523e-05
-9.506564325917069027e+02,-4.319921067530430037e-05
-9.500307897597595002e+02,-4.376713640397156269e-05
-9.494030843862311713e+02,-4.437192644424214905e-05
-9.487771922941368530e+02,-4.498407724096153970e-05
-9.481569179265297862e+02,-4.557102077917818406e-05
-9.475453605173049709e+02,-4.610390065273861637e-05
-9.469444763460137438e+02,-4.656234422473204404e-05
-9.463549025376524924e+02,-4.693541049149985156e-05
-9.457760280493541813e+02,-4.722235378284977969e-05
-9.452062380102930774e+02,-4.743256130090856004e-05
-9.446432349157636281e+02,-4.758279259498010560e-05
-9.440843550768663590e+02,-4.769367594192885917e-05
-9.435268379875315077e+02,-4.778694910889669245e-05
-9.429680488460232937e+02,-4.788351661844103546e-05
-9.424056802320919815e+02,-4.800087982648193474e-05
-9.418379567356734015e+02,-4.815136096514294195e-05
-9.412638390076878068e+02,-4.834228473082902156e-05
-9.406831871594317818e+02,-4.857597828422655084e-05
-9.400968196515513000e+02,-4.885004105670276431e-05
-9.395064105967021533e+02,-4.915890177148440898e-05
-9.389142093228485919e+02,-4.949622545158405273e-05
-9.383226268064382793e+02,-4.985639059373880855e-05
-9.377337876504345786e+02,-5.023552847038814662e-05
-9.371491678453661507e+02,-5.063340082767098238e-05
-9.365694156535366801e+02,-5.105339988542567653e-05
-9.359943934480608050e+02,-5.150064810166554707e-05
-9.354234064687946102e+02,-5.197988157679134247e-05
-9.348555288414443112e+02,-5.249320338407414965e-05
-9.342899175678869597e+02,-5.303742607321026981e-05
-9.337260248327548879e+02,-5.360314763169782282e-05
-9.331636656717466849e+02,-5.417714883382274138e-05
-9.326029513189420186e+02,-5.474530508919883687e-05
-9.320441386432945592e+02,-5.529545450411177399e-05
-9.314874617468914266e+02,-5.582063169473627795e-05
-9.309330027282570654e+02,-5.632151471868240833e-05
-9.303806332365415983e+02,-5.680584425071799615e-05
-9.298300290116175120e+02,-5.728544412164637833e-05
-9.292807369333784209e+02,-5.777451941302302885e-05
-9.287322641405150989e+02,-5.828768345761403680e-05
-9.281841611896146560e+02,-5.883674849549436203e-05
-9.276360813325151184e+02,-5.942829870431154404e-05
-9.270878099205745002e+02,-6.006326069840639548e-05
-9.265392670680085985e+02,-6.073760669966787873e-05
-9.259904910984326989e+02,-6.144139250707780775e-05
-9.254416104064179081e+02,-6.215939627463029638e-05
-9.248928093480682264e+02,-6.287508769187155622e-05
-9.243442918411674327e+02,-6.357296351566787962e-05
-9.237962452855625770e+02,-6.423965770441242285e-05
-9.232488071378764971e+02,-6.486555124141091255e-05
-9.227020363347961620e+02,-6.544623900595070154e-05
-9.221558910725066198e+02,-6.598262443091584828e-05
-9.216102132678611270e+02,-6.647959043259987766e-05
-9.210647191585317159e+02,-6.694550229724427481e-05
-9.205189959586683699e+02,-6.739175628656113304e-05
-9.199725063241388625e+02,-6.783158836842773098e-05
-9.194246045145381458e+02,-6.827864018621454534e-05
-9.188745686687235548e+02,-6.874583282634461057e-05
-9.183216508579987476e+02,-6.924468618496604222e-05
-9.177651404905412846e+02,-6.978383471079041556e-05
-9.172044294769380031e+02,-7.036837832430364870e-05
-9.166390636116136648e+02,-7.100070085197529579e-05
-9.160687675605447566e+02,-7.168081066488696251e-05
-9.154934411759970772e+02,-7.240675601316581833e-05
-9.149131387531425617e+02,-7.317552266350446644e-05
-9.143280528412984722e+02,-7.398361472343850664e-05
-9.137385230110647854e+02,-7.482640491662806426e-05
-9.131450751814712703e+02,-7.569781776961548303e-05
-9.125484743596823591e+02,-7.659121179504069232e-05
-9.119497546137863537e+02,-7.749944452850598964e-05
-9.113501866465177272e+02,-7.841481393100480091e-05
-9.107511610835739475e+02,-7.933029344542319450e-05
-9.101539993546696223e+02,-8.024011732832292410e-05
-9.095597390700920641e+02,-8.113939622411692199e-05
-9.089689600071100131e+02,-8.202558274827964624e-05
-9.083817097189028118e+02,-8.289979991360496570e-05
-9.077975554314331248e+02,-8.376609739180196357e-05
-9.072157440624746414e+02,-8.463038581041359976e-05
-9.066354137618035338e+02,-8.549948116165495549e-05
-9.060557842520510121e+02,-8.637907320530047173e-05
-9.054762655519617738e+02,-8.727152580600971987e-05
-9.048964596320462306e+02,-8.817692525031617379e-05
-9.043160727011448898e+02,-8.909536297618814160e-05
-9.037347898351165441e+02,-9.002808563085551441e-05
-9.031521756793338227e+02,-9.097851247918953277e-05
-9.025676516225674959e+02,-9.195272285822397862e-05
-9.019805675653338994e+02,-9.295786180807397159e-05
-9.013903482728452445e+02,-9.399928746489649711e-05
-9.007966647467635539e+02,-9.508004754632537470e-05
-9.001995704782681287e+02,-9.620109442387558829e-05
-8.995995534150331423e+02,-9.736044286334788467e-05
-8.989974817863587759e+02,-9.855368130473607380e-05
-8.983944556764041636e+02,-9.977457779974940877e-05
-8.977916052142223862e+02,-1.010137123058640896e-04
-8.971898916318890542e+02,-1.022588727028761468e-04
-8.965899654862660100e+02,-1.034988063253194923e-04
-8.959921184837686496e+02,-1.047258162856223862e-04
-8.953963370562088357e+02,-1.059360866584313499e-04
-8.948024354652802685e+02,-1.071307919708885947e-04
-8.942102229923791583e+02,-1.083148318814508571e-04
-8.936196507586398639e+02,-1.094912521759638935e-04
-8.930308916311879557e+02,-1.106602692146907430e-04
-8.924443294699419766e+02,-1.118218289075656457e-04
-8.918604641439955003e+02,-1.129761064033729667e-04
-8.912797657082170417e+02,-1.141244977409527905e-04
-8.907025259210639661e+02,-1.152710152441116520e-04
-8.901287532774010742e+02,-1.164215508664412368e-04
-8.895581403546872252e+02,-1.175806810138624314e-04
-8.889901065019744237e+02,-1.187515242362380263e-04
-8.884238946271435680e+02,-1.199375249116840791e-04
-8.878586864959881950e+02,-1.211422806735029667e-04
-8.872937005427654640e+02,-1.223697516872235269e-04
-8.867282487059393361e+02,-1.236246991664913253e-04
-8.861617484458265608e+02,-1.249124213620333990e-04
-8.855937047878531985e+02,-1.262365635579243417e-04
-8.850236876709224134e+02,-1.275987149718105229e-04
-8.844513283834015738e+02,-1.289999876696867886e-04
-8.838763463904433593e+02,-1.304409405822326562e-04
-8.832985995882816042e+02,-1.319218647655162613e-04
-8.827181350419024284e+02,-1.334426282140199760e-04
-8.821352108206725688e+02,-1.350020937485041372e-04
-8.815502662327136250e+02,-1.365968807398587614e-04
-8.809638358750976295e+02,-1.382212588607600878e-04
-8.803764257403462352e+02,-1.398691268805762888e-04
-8.797883878094567081e+02,-1.415349444311431171e-04
-8.791998349067886238e+02,-1.432152201275016523e-04
-8.786106270186799065e+02,-1.449095225369845252e-04
-8.780204368075272896e+02,-1.466199206046070458e-04
-8.774288741715696460e+02,-1.483500621901612249e-04
-8.768356284367408762e+02,-1.501037709461527925e-04
-8.762405805528236442e+02,-1.518842401182496360e-04
-8.756438492378219962e+02,-1.536932875190188952e-04
-8.750457601484529278e+02,-1.555311687884142202e-04
-8.744467561190624565e+02,-1.573976031732371439e-04
-8.738472878816686489e+02,-1.592922223458970166e-04
-8.732477299583399599e+02,-1.612154023611367393e-04
-8.726483540481901855e+02,-1.631683705483055746e-04
-8.720493673397039629e+02,-1.651519054179928503e-04
-8.714509958059528572e+02,-1.671658356849903271e-04
-8.708535740945226280e+02,-1.692075122239344864e-04
-8.702576009368555106e+02,-1.712713173951385670e-04
-8.696637325075281524e+02,-1.733504596757029503e-04
-8.690727101470971547e+02,-1.754383780694368511e-04
-8.684852433328788948e+02,-1.775304774964681087e-04
-8.679018844144160312e+02,-1.796240824303296790e-04
-8.673229331294670601e+02,-1.817185070862592511e-04
-8.667483970637057382e+02,-1.838147128507827688e-04
-8.661780145268717206e+02,-1.859130487336102533e-04
-8.656113264037273893e+02,-1.880143975618864260e-04
-8.650477708456079426e+02,-1.901210472166070531e-04
-8.644867723461640026e+02,-1.922366301032596425e-04
-8.639278039109993870e+02,-1.943654727831756190e-04
-8.633704139357865870e+02,-1.965114877711116037e-04
-8.628142225879387297e+02,-1.986781658080971624e-04
-8.622589014880671812e+02,-2.008669641062610367e-04
-8.617041527653495905e+02,-2.030786637519099713e-04
-8.611496997487978433e+02,-2.053154309233917729e-04
-8.605952939614436445e+02,-2.075811465829247027e-04
-8.600407347485283935e+02,-2.098807142525416225e-04
-8.594858920896989503e+02,-2.122182969355179694e-04
-8.589307216047440079e+02,-2.145966770505935983e-04
-8.583752636676819066e+02,-2.170145944280221784e-04
-8.578196242957150162e+02,-2.194674185718170634e-04
-8.572639420415224549e+02,-2.219506265221937724e-04
-8.567083501348188292e+02,-2.244616811974964321e-04
-8.561529446020429077e+02,-2.270006070670405052e-04
-8.555977668800882157e+02,-2.295689984999071953e-04
-8.550428043349651261e+02,-2.321700545371285784e-04
-8.544880061451256097e+02,-2.348053837142316524e-04
-8.539333071178718910e+02,-2.374740980526368617e-04
-8.533786500524103076e+02,-2.401748562474992355e-04
-8.528239989528570959e+02,-2.429062107456303465e-04
-8.522693395876327713e+02,-2.456671550854494512e-04
-8.517146692572822531e+02,-2.484560678528424660e-04
-8.511599819413185060e+02,-2.512720301606208295e-04
-8.506052567981794255e+02,-2.541137515743585595e-04
-8.500504565168115505e+02,-2.569792867834763683e-04
-8.494955379052640865e+02,-2.598688231714163521e-04
-8.489404721912127343e+02,-2.627842049518491763e-04
-8.483852682169941772e+02,-2.657287992313683844e-04
-8.478299900166050520e+02,-2.687052602867723294e-04
-8.472747615896169009e+02,-2.717148038566818968e-04
-8.467197555886111786e+02,-2.747569012750972206e-04
-8.461651677513243612e+02,-2.778300393080357367e-04
-8.456111833381744418e+02,-2.809347820376117966e-04
-8.450579443640161799e+02,-2.840728796638103404e-04
-8.445055257970158209e+02,-2.872487488980723924e-04
-8.439539259886207674e+02,-2.904675939774392646e-04
-8.434030722713495152e+02,-2.937326281093888269e-04
-8.428528382692817331e+02,-2.970453915729365235e-04
-8.423030667942812215e+02,-3.004057813393856691e-04
-8.417535916366113042e+02,-3.038143556954864266e-04
-8.412042533405799531e+02,-3.072708467666274146e-04
-8.406549069652813841e+02,-3.107758881792932470e-04
-8.401054232041332170e+02,-3.143297870877859168e-04
-8.395556866465808525e+02,-3.179294886912487073e-04
-8.390055953572365297e+02,-3.215711802839749112e-04
-8.384550649036483492e+02,-3.252510291984478386e-04
-8.379040373793334311e+02,-3.289681204110550539e-04
-8.373524932108930443e+02,-3.327229729288561089e-04
-8.368004613117251438e+02,-3.365186705295286629e-04
-8.362480226834253472e+02,-3.403596434470301801e-04
-8.356953039995769359e+02,-3.442462806146906473e-04
-8.351424601104316707e+02,-3.481777153035992001e-04
-8.345896478716028923e+02,-3.521520498539487676e-04
-8.340369962528066026e+02,-3.561691767295371847e-04
-8.334845787912133801e+02,-3.602308731753822713e-04
-8.329323936364418159e+02,-3.643412558318459560e-04
-8.323803541269001016e+02,-3.685074594361736899e-04
-8.318282900431166809e+02,-3.727342284598478273e-04
-8.312759568825471206e+02,-3.770256570057028966e-04
-8.307230497239939950e+02,-3.813845319999842332e-04
-8.301692189244691917e+02,-3.858136442325132975e-04
-8.296140869150299295e+02,-3.903156325257839399e-04
-8.290572678724061007e+02,-3.948914176987727842e-04
-8.284983933863347829e+02,-3.995444054938346312e-04
-8.279371470490207230e+02,-4.042763094069812269e-04
-8.273733079500317444e+02,-4.090873921613891184e-04
-8.268067988679492828e+02,-4.139782210588194289e-04
-8.262377307469848802e+02,-4.189482049721249268e-04
-8.256664320968253605e+02,-4.239968512953495861e-04
-8.250934525936455657e+02,-4.291200891071156320e-04
-8.245195340137393032e+02,-4.343126311034950504e-04
-8.239455485169108897e+02,-4.395693677050616088e-04
-8.233724122296675887e+02,-4.448828022862727494e-04
-8.228009881636500040e+02,-4.502473365253223392e-04
-8.222319958429322924e+02,-4.556569483948891275e-04
-8.216659433782376709e+02,-4.611079881033930405e-04
-8.211030924368794786e+02,-4.666012006770969833e-04
-8.205434593076923875e+02,-4.721353433323471904e-04
-8.199868471182448957e+02,-4.777123781218861609e-04
-8.194328990704775606e+02,-4.833364410039564518e-04
-8.188811601114682617e+02,-4.890133588952849664e-04
-8.183311351820698292e+02,-4.947503586150148180e-04
-8.177823357523745926e+02,-5.005515175238173242e-04
-8.172343104155108904e+02,-5.064221441752891906e-04
-8.166866596124842772e+02,-5.123645670179755029e-04
-8.161390369726968856e+02,-5.183805388275786186e-04
-8.155911407986742461e+02,-5.244739386345287357e-04
-8.150426993511158571e+02,-5.306471187127570488e-04
-8.144934524636227025e+02,-5.369047803904791749e-04
-8.139431317971967701e+02,-5.432501426705371728e-04
-8.133914421011151035e+02,-5.496880981281648815e-04
-8.128380467566714742e+02,-5.562245612544813866e-04
-8.122825619990037467e+02,-5.628625997289304905e-04
-8.117245641217585899e+02,-5.696093998031059868e-04
-8.111636133062729641e+02,-5.764718283396419451e-04
-8.105992943193593874e+02,-5.834594966280803874e-04
-8.100312699727816153e+02,-5.905835427144623395e-04
-8.094593387572799656e+02,-5.978496029124258371e-04
-8.088834839801164662e+02,-6.052645885157303951e-04
-8.083039017625825409e+02,-6.128299045782270582e-04
-8.077209980661183408e+02,-6.205428968231174736e-04
-8.071353513617178805e+02,-6.284005503731648901e-04
-8.065476465738861407e+02,-6.363910826090446449e-04
-8.059585930980229023e+02,-6.445067135762982957e-04
-8.053688450415352236e+02,-6.527442326431653896e-04
-8.047789420460165957e+02,-6.610950240348856255e-04
-8.041892829399743050e+02,-6.695564173764267935e-04
-8.036001361470894153e+02,-6.781287037238570292e-04
-8.030116804784506712e+02,-6.868091296352574204e-04
-8.024240613122411787e+02,-6.955984369172441006e-04
-8.018374442983855488e+02,-7.044938965972136202e-04
-8.012520502560762452e+02,-7.134917056283995862e-04
-8.006681617673398250e+02,-7.225898774887440368e-04
-8.000861016964664714e+02,-7.317767718673096056e-04
-7.995061914542565091e+02,-7.410411650754511470e-04
-7.989287026006074939e+02,-7.503762436966709970e-04
-7.983538163435564456e+02,-7.597732135877777182e-04
-7.977816009455623316e+02,-7.692301423167791086e-04
-7.972120114743472641e+02,-7.787485444055164407e-04
-7.966449092254385960e+02,-7.883313883683129575e-04
-7.960800927012879811e+02,-7.979877194808082663e-04
-7.955173306757000091e+02,-8.077246312687691443e-04
-7.949563884466641639e+02,-8.175507935970216522e-04
-7.943970423119631050e+02,-8.274751036374539126e-04
-7.938390818127453485e+02,-8.375010656536119313e-04
-7.932823022674621143e+02,-8.476348594355087585e-04
-7.927264928862044826e+02,-8.578790033908489931e-04
-7.921714250543560638e+02,-8.682383656255510118e-04
-7.916168438653749035e+02,-8.787221324357830099e-04
-7.910624644402066679e+02,-8.893320392111547790e-04
-7.905079718842504235e+02,-9.000728445895944674e-04
-7.899530240329917206e+02,-9.109501024617827625e-04
-7.893972564570983650e+02,-9.219712263863755197e-04
-7.888402900992178957e+02,-9.331525071321067344e-04
-7.882817437385190260e+02,-9.445076423642007057e-04
-7.877212528790330452e+02,-9.560526124774426648e-04
-7.871584961889030865e+02,-9.677998794366260427e-04
-7.865932283020548539e+02,-9.797538882860834519e-04
-7.860253142422441215e+02,-9.919231260147043372e-04
-7.854547596078807601e+02,-1.004306145713229625e-03
-7.848817288113941686e+02,-1.016907771056452248e-03
-7.843065451526349534e+02,-1.029738007418679047e-03
-7.837296709085686643e+02,-1.042780062410209041e-03
-7.831516680917411577e+02,-1.056020054845951961e-03
-7.825731461035467191e+02,-1.069451683877176151e-03
-7.819947063241091882e+02,-1.083060803019897378e-03
-7.814168923508564149e+02,-1.096858287596980119e-03
-7.808401542371061623e+02,-1.110859070974079543e-03
-7.802648314255103514e+02,-1.125055410544639756e-03
-7.796911527825210442e+02,-1.139446639841779074e-03
-7.791192499265376910e+02,-1.154022583493841125e-03
-7.785491774799269251e+02,-1.168773102189213375e-03
-7.779809334034209769e+02,-1.183709867147442196e-03
-7.774144760749715033e+02,-1.198830884119317375e-03
-7.768497357133721835e+02,-1.214140692162857249e-03
-7.762866209498181433e+02,-1.229644062794577053e-03
-7.757250240585016172e+02,-1.245318260800765131e-03
-7.751648260680966587e+02,-1.261162550814098893e-03
-7.746059035727015498e+02,-1.277194182414120860e-03
-7.740481372988239173e+02,-1.293455110173979961e-03
-7.734914204150542218e+02,-1.310000543952583030e-03
-7.729356659708186044e+02,-1.326830920334032271e-03
-7.723808098589228166e+02,-1.343955038612953956e-03
-7.718268083527532326e+02,-1.361386499865169242e-03
-7.712736329828126145e+02,-1.379103462650910217e-03
-7.707212624306648650e+02,-1.397126624147482232e-03
-7.701696744824425878e+02,-1.415471396160050688e-03
-7.696188409461890387e+02,-1.434130401833932922e-03
-7.690687249330873101e+02,-1.453106053972419431e-03
-7.685192817415164654e+02,-1.472368247590338797e-03
-7.679704611951062816e+02,-1.491913770768071856e-03
-7.674222094880093437e+02,-1.511769841111565427e-03
-7.668744695565949314e+02,-1.531987094649522874e-03
-7.663271778752147156e+02,-1.552633523882462896e-03
-7.657802590056547842e+02,-1.573708891200453763e-03
-7.652336161268384558e+02,-1.595229616158100328e-03
-7.646871180805791255e+02,-1.617224950534179584e-03
-7.641405873374311568e+02,-1.639678154741197602e-03
-7.635937879500592089e+02,-1.662623105902483189e-03
-7.630464170897806753e+02,-1.686073620810191187e-03
-7.624981030484884741e+02,-1.710041443447885001e-03
-7.619484091288971968e+02,-1.734569148492681734e-03
-7.613968483490443759e+02,-1.759623697217271854e-03
-7.608429076507009086e+02,-1.785211712435064157e-03
-7.602860794158494855e+02,-1.811414917152198711e-03
-7.597258996905803770e+02,-1.838366667850088731e-03
-7.591619877801356324e+02,-1.866219928658985339e-03
-7.585940844554813793e+02,-1.895004258511967521e-03
-7.580220796152066214e+02,-1.924782340712027917e-03
-7.574460227809889830e+02,-1.955641812756425679e-03
-7.568661209412078961e+02,-1.987497422906159272e-03
-7.562827201735257177e+02,-2.020288939297287811e-03
-7.556962736407054990e+02,-2.053980346317096917e-03
-7.551073076627120599e+02,-2.088451725001938541e-03
-7.545163899678225334e+02,-2.123581878832325742e-03
-7.539241064220344697e+02,-2.159296145487488161e-03
-7.533310489919706470e+02,-2.195665988247164080e-03
-7.527378123701794266e+02,-2.232873969454374219e-03
-7.521449985972957393e+02,-2.271049938751268371e-03
-7.515532232082018709e+02,-2.310185116805030248e-03
-7.509631117195192473e+02,-2.350258043382069673e-03
-7.503752830677270822e+02,-2.391214395958130012e-03
-7.497903236884120588e+02,-2.432841324973011865e-03
-7.492087520454966807e+02,-2.474949389630332064e-03
-7.486309790588658188e+02,-2.517465517470895975e-03
-7.480572746024536173e+02,-2.560415319496911479e-03
-7.474877446262628382e+02,-2.603924776622967840e-03
-7.469223257648591243e+02,-2.648064997967658485e-03
-7.463607991820219922e+02,-2.692834053030779273e-03
-7.458028160150666963e+02,-2.738289863901677279e-03
-7.452479322969085160e+02,-2.784457029969544806e-03
-7.446956473823407805e+02,-2.831318749185740558e-03
-7.441454378215099723e+02,-2.878769141534398557e-03
-7.435967861882739953e+02,-2.926647993528597169e-03
-7.430491957255028410e+02,-2.975044367037327220e-03
-7.425021921747820670e+02,-3.024135161044938513e-03
-7.419553227045209951e+02,-3.074014747905806644e-03
-7.414081496134308509e+02,-3.124725196168576247e-03
-7.408602425988141249e+02,-3.176276574956560239e-03
-7.403111725025838723e+02,-3.228772659280565449e-03
-7.397605088759806904e+02,-3.282188248321382673e-03
-7.392078393938953695e+02,-3.336003126364062155e-03
-7.386527804677982658e+02,-3.390337285136268974e-03
-7.380949826385060533e+02,-3.445759766940170721e-03
-7.375341825908674309e+02,-3.501586718801519282e-03
-7.369702129339611929e+02,-3.558150581484120778e-03
-7.364029914045595433e+02,-3.616302963793671665e-03
-7.358325552900201956e+02,-3.675430348515362766e-03
-7.352590360944866461e+02,-3.735939390558939976e-03
-7.346826424818281112e+02,-3.797677785821740315e-03
-7.341036556048633201e+02,-3.860043685088854204e-03
-7.335223717392539129e+02,-3.923574054609524353e-03
-7.329391063348898570e+02,-3.987449536779763548e-03
-7.323541865750742090e+02,-4.051824751272192771e-03
-7.317679192992874277e+02,-4.117726582530956136e-03
-7.311806465606555321e+02,-4.183981230410083185e-03
-7.305927613667585092e+02,-4.250489033319482246e-03
-7.300046922999806611e+02,-4.318015668336450119e-03
-7.294169453835263539e+02,-4.385644075743933001e-03
-7.288300976660781316e+02,-4.452838663437930222e-03
-7.282447631737597931e+02,-4.519099006228266546e-03
-7.276615724857504119e+02,-4.583513878397837971e-03
-7.270811159116000226e+02,-4.646284607678907719e-03
-7.265038853270054915e+02,-4.707885446753046210e-03
-7.259302376234782059e+02,-4.768401884969186710e-03
-7.253603651544924560e+02,-4.827964809983598116e-03
-7.247942840607209973e+02,-4.886739217746516317e-03
-7.242318360691864427e+02,-4.945077768403471907e-03
-7.236727081014189480e+02,-5.003236825040779934e-03
-7.231164756162220328e+02,-5.061042223442058230e-03
-7.225626432528187024e+02,-5.118402096782048716e-03
-7.220106871252003202e+02,-5.174800331175788415e-03
-7.214601032173803787e+02,-5.229122732441915389e-03
-7.209104406042501978e+02,-5.280604844393188557e-03
-7.203613200831512131e+02,-5.329337463644279183e-03
-7.198124382828276566e+02,-5.376200670981212681e-03
-7.192635699008013717e+02,-5.422020196332866249e-03
-7.187145717767325550e+02,-5.467452837981667813e-03
-7.181653745940444651e+02,-5.513171939330874238e-03
-7.176159635868693840e+02,-5.560069164167735778e-03
-7.170663554538140261e+02,-5.608803184609101322e-03
-7.165165926770637270e+02,-5.658787485329774825e-03
-7.159667369863371960e+02,-5.708943426707691060e-03
-7.154168499357358542e+02,-5.757880295198525289e-03
-7.148669886879353044e+02,-5.803695868755731624e-03
-7.143172030624330091e+02,-5.844794210330128692e-03
-7.137675294443196208e+02,-5.879965323218883100e-03
-7.132179963612798019e+02,-5.908432212642367176e-03
-7.126686232538072545e+02,-5.930661066066988951e-03
-7.121194090529696723e+02,-5.948132884303625190e-03
-7.115703360278744185e+02,-5.962100050704854937e-03
-7.110213843258035240e+02,-5.973468967312989264e-03
-7.104725319756050794e+02,-5.983494508843278936e-03
-7.099237461448910835e+02,-5.993592059705399322e-03
-7.093749840811113927e+02,-6.004538761494870869e-03
-7.088262017887126376e+02,-6.016210437587155013e-03
-7.082773601228798270e+02,-6.027908435579654167e-03
-7.077284253323797429e+02,-6.038673429520358127e-03
-7.071793680800883521e+02,-6.047266326758560240e-03
-7.066301644881501716e+02,-6.051992762423630268e-03
-7.060808013816603079e+02,-6.050734452989203760e-03
-7.055312771861107422e+02,-6.041667040346254680e-03
-7.049815959030909198e+02,-6.023510812136478876e-03
-7.044317689503122892e+02,-5.995413053927478586e-03
-7.038818169280244774e+02,-5.957629898922789380e-03
-7.033317637228980175e+02,-5.911786946777297658e-03
-7.027816302187479778e+02,-5.860782261435382168e-03
-7.022314327906505014e+02,-5.808202832047193453e-03
-7.016811827028953985e+02,-5.757875004674950503e-03
-7.011308817551221182e+02,-5.712966759130466698e-03
-7.005805264087420028e+02,-5.674905561225962458e-03
-7.000301089196373141e+02,-5.643273936750681230e-03
-6.994796246690594899e+02,-5.615067860609279649e-03
-6.989290804253653278e+02,-5.586068945806488273e-03
-6.983784891697176818e+02,-5.551716588447774825e-03
-6.978278795574378819e+02,-5.507842435492626976e-03
-6.972772851670732734e+02,-5.453009112987849960e-03
-6.967267308140320665e+02,-5.387685626878635503e-03
-6.961762378265439111e+02,-5.314602235051424373e-03
-6.956258066863342719e+02,-5.238614172564659555e-03
-6.950754128580075530e+02,-5.164335493956784262e-03
-6.945250066324265390e+02,-5.095501057095219721e-03
-6.939745085467790204e+02,-5.032677930638662644e-03
-6.934238395445562446e+02,-4.972370307765316966e-03
-6.928729368231053058e+02,-4.910134646429753502e-03
-6.923217385040917407e+02,-4.842590812059732741e-03
-6.917701647667482803e+02,-4.768679389544061564e-03
-6.912181019677115046e+02,-4.689154964920838609e-03
-6.906654076731492751e+02,-4.605725093309587237e-03
-6.901119053161007741e+02,-4.521812627555910069e-03
-6.895573749257422378e+02,-4.440542941241965025e-03
-6.890015755018275740e+02,-4.363214020153272088e-03
-6.884442879039744412e+02,-4.289841763549517850e-03
-6.878853185360495672e+02,-4.222883642812647054e-03
-6.873244496708056204e+02,-4.166293760232697707e-03
-6.867614899789714400e+02,-4.119192677665139968e-03
-6.861963484518532823e+02,-4.080800176819998626e-03
-6.856290159602472158e+02,-4.053761945765899100e-03
-6.850595377933133250e+02,-4.044517818302395540e-03
-6.844879713628315585e+02,-4.061188748116784097e-03
-6.839143935665825893e+02,-4.106368194167764329e-03
-6.833389544375438618e+02,-4.176546836132111196e-03
-6.827619102428155884e+02,-4.264799460429458122e-03
-6.821836468673964191e+02,-4.366848956927071868e-03
-6.816046070889252633e+02,-4.489290681886082268e-03
-6.810251385341697414e+02,-4.645031411043554215e-03
-6.804455422347546119e+02,-4.837320160144820136e-03
-6.798661825506343348e+02,-5.064174067870297336e-03
-6.792874706411643047e+02,-5.321785670742151808e-03
-6.787099011275732892e+02,-5.607500489124284115e-03
-6.781339399354532134e+02,-5.930935072173681988e-03
-6.775599087120738204e+02,-6.300669114001067328e-03
-6.769881108190554642e+02,-6.718944008410332458e-03
-6.764188071644211959e+02,-7.192852244441994003e-03
-6.758521279651409941e+02,-7.727975708893275453e-03
-6.752881524372577360e+02,-8.326947415371321881e-03
-6.747268586780086252e+02,-8.997713421199371453e-03
-6.741680519571857531e+02,-9.744232000685748574e-03
-6.736114740348152736e+02,-1.056244767774217053e-02
-6.730568441878010617e+02,-1.144645669877153438e-02
-6.725038910612283871e+02,-1.238747440694965007e-02
-6.719524207328108787e+02,-1.338176467458040975e-02
-6.714022273065344280e+02,-1.443722273686276480e-02
-6.708530311303023836e+02,-1.556412711327670451e-02
-6.703045530600695656e+02,-1.676965273191832750e-02
-6.697565601403084656e+02,-1.805816815956262644e-02
-6.692088831442090395e+02,-1.943172154617034408e-02
-6.686614296898828798e+02,-2.089259196571546795e-02
-6.681141211303940963e+02,-2.244609136980990627e-02
-6.675668556351953384e+02,-2.409369557949680996e-02
-6.670195792727795379e+02,-2.583085852501110224e-02
-6.664722804878265379e+02,-2.765336169121557219e-02
-6.659249808325922686e+02,-2.955647957421092542e-02
-6.653777266732111002e+02,-3.154193234240487698e-02
-6.648304746355788666e+02,-3.361797989462900205e-02
-6.642830908832546584e+02,-3.579006922993510642e-02
-6.637353980737377697e+02,-3.806183424321929465e-02
-6.631871724384820936e+02,-4.043437555656392846e-02
-6.626381889891446235e+02,-4.290756811309304197e-02
-6.620882098975328063e+02,-4.548704483229304429e-02
-6.615368833770828587e+02,-4.818388144973706488e-02
-6.609837624527990556e+02,-5.100432623603712301e-02
-6.604284158963363325e+02,-5.394887212748500360e-02
-6.598704521672289047e+02,-5.701551271233284979e-02
-6.593095785805110154e+02,-6.019915650106177907e-02
-6.586366701183735586e+02,-6.330063300201693721e-02
-6.578480364531692430e+02,-4.350692277852452605e-02
-6.572623725329190165e+02,-1.027040693408753924e-02
-6.568868277994624805e+02,7.385899681411345341e-04
-6.564102198038282268e+02,0.000000000000000000e+00
-6.558290207081112158e+02,0.000000000000000000e+00
-6.552452490918449257e+02,0.000000000000000000e+00
-6.546593122885817593e+02,0.000000000000000000e+00
-6.540716747426599795e+02,0.000000000000000000e+00
-6.534828398458204219e+02,0.000000000000000000e+00
-6.528933319305972418e+02,0.000000000000000000e+00
-6.523036807441748124e+02,0.000000000000000000e+00
-6.517144097134188314e+02,0.000000000000000000e+00
-6.511260255419205123e+02,0.000000000000000000e+00
-6.505389996064067191e+02,0.000000000000000000e+00
-6.499537498913266518e+02,0.000000000000000000e+00
-6.493706273544290752e+02,0.000000000000000000e+00
-6.487898954919418202e+02,0.000000000000000000e+00
-6.482117094168851281e+02,0.000000000000000000e+00
-6.476361002102418070e+02,0.000000000000000000e+00
-6.470629665659515695e+02,0.000000000000000000e+00
-6.464920760735021759e+02,0.000000000000000000e+00
-6.459230734373305722e+02,0.000000000000000000e+00
-6.453554760096985774e+02,0.000000000000000000e+00
-6.447887035003730034e+02,0.000000000000000000e+00
-6.442222052700136601e+02,0.000000000000000000e+00
-6.436555005326758874e+02,0.000000000000000000e+00
-6.430880785936561779e+02,0.000000000000000000e+00
-6.425194313726492510e+02,0.000000000000000000e+00
-6.419491751293749076e+02,0.000000000000000000e+00
-6.413770740786267197e+02,0.000000000000000000e+00
-6.408030285933857613e+02,0.000000000000000000e+00
-6.402270744831600950e+02,0.000000000000000000e+00
-6.396493707358823713e+02,0.000000000000000000e+00
-6.390701749499495463e+02,0.000000000000000000e+00
-6.384898139158106005e+02,0.000000000000000000e+00
-6.379086540295081704e+02,0.000000000000000000e+00
-6.373270727824060486e+02,0.000000000000000000e+00
-6.367454311135888929e+02,0.000000000000000000e+00
-6.361640509108156039e+02,0.000000000000000000e+00
-6.355832015839804399e+02,0.000000000000000000e+00
-6.350030934034480197e+02,0.000000000000000000e+00
-6.344238743698293774e+02,0.000000000000000000e+00
-6.338456360794775719e+02,0.000000000000000000e+00
-6.332684240618824560e+02,0.000000000000000000e+00
-6.326922472608852104e+02,0.000000000000000000e+00
-6.321170851055175035e+02,0.000000000000000000e+00
-6.315428816924702460e+02,0.000000000000000000e+00
-6.309695642289610760e+02,0.000000000000000000e+00
-6.303970905842065804e+02,0.000000000000000000e+00
-6.298254391351747472e+02,0.000000000000000000e+00
-6.292545423608813735e+02,0.000000000000000000e+00
-6.286842754157203217e+02,0.000000000000000000e+00
-6.281145009574411233e+02,0.000000000000000000e+00
-6.275450874283974372e+02,0.000000000000000000e+00
-6.269759001480827010e+02,0.000000000000000000e+00
-6.264067969574807648e+02,0.000000000000000000e+00
-6.258376315091530842e+02,0.000000000000000000e+00
-6.252682599222562203e+02,0.000000000000000000e+00
-6.246985481671679281e+02,0.000000000000000000e+00
-6.241283757864528070e+02,0.000000000000000000e+00
-6.235576350091530458e+02,0.000000000000000000e+00
-6.229862321108552123e+02,0.000000000000000000e+00
-6.224140902508055433e+02,0.000000000000000000e+00
-6.218411400208059376e+02,0.000000000000000000e+00
-6.212673121055881893e+02,0.000000000000000000e+00
-6.206925370093294987e+02,0.000000000000000000e+00
-6.201167438513066372e+02,0.000000000000000000e+00
-6.195398583207363572e+02,0.000000000000000000e+00
-6.189617968709829938e+02,0.000000000000000000e+00
-6.183824735431666113e+02,0.000000000000000000e+00
-6.178018109263447286e+02,0.000000000000000000e+00
-6.172197604466432495e+02,0.000000000000000000e+00
-6.166363074770341655e+02,0.000000000000000000e+00
-6.160514448932415235e+02,0.000000000000000000e+00
-6.154651646540090724e+02,0.000000000000000000e+00
-6.148774830756260599e+02,0.000000000000000000e+00
-6.142884465022962104e+02,0.000000000000000000e+00
-6.136981335790341063e+02,0.000000000000000000e+00
-6.131066914910117021e+02,0.000000000000000000e+00
-6.125143031460816019e+02,0.000000000000000000e+00
-6.119211520425465096e+02,0.000000000000000000e+00
-6.113274388774551653e+02,0.000000000000000000e+00
-6.107333770907212056e+02,0.000000000000000000e+00
-6.101391963257394764e+02,0.000000000000000000e+00
-6.095451290930417372e+02,0.000000000000000000e+00
-6.089513950095515611e+02,0.000000000000000000e+00
-6.083582129676436807e+02,0.000000000000000000e+00
-6.077658056788619660e+02,0.000000000000000000e+00
-6.071743861639683928e+02,0.000000000000000000e+00
-6.065841597117479296e+02,0.000000000000000000e+00
-6.059953404805673927e+02,0.000000000000000000e+00
-6.054081380917978095e+02,0.000000000000000000e+00
-6.048227312665437694e+02,0.000000000000000000e+00
-6.042392603198090910e+02,0.000000000000000000e+00
-6.036578497081985688e+02,0.000000000000000000e+00
-6.030786095967692972e+02,0.000000000000000000e+00
-6.025015768144784261e+02,0.000000000000000000e+00
-6.019266534902595822e+02,0.000000000000000000e+00
-6.013536364310706404e+02,0.000000000000000000e+00
-6.007822813232688759e+02,0.000000000000000000e+00
-6.002122609177862387e+02,0.000000000000000000e+00
-5.996431347744168079e+02,0.000000000000000000e+00
-5.990743888171177787e+02,0.000000000000000000e+00
-5.985054889776375830e+02,0.000000000000000000e+00
-5.979359353158785098e+02,0.000000000000000000e+00
-5.973653009148150659e+02,0.000000000000000000e+00
-5.967932431515683902e+02,0.000000000000000000e+00
-5.962195072778567919e+02,0.000000000000000000e+00
-5.956439789838192382e+02,0.000000000000000000e+00
-5.950666545402881411e+02,0.000000000000000000e+00
-5.944876497113059486e+02,0.000000000000000000e+00
-5.939072735712363738e+02,0.000000000000000000e+00
-5.933259862623870049e+02,0.000000000000000000e+00
-5.927443138268653229e+02,0.000000000000000000e+00
-5.921628016314248271e+02,0.000000000000000000e+00
-5.915820070966661888e+02,0.000000000000000000e+00
-5.910024116193724240e+02,0.000000000000000000e+00
-5.904243707074986105e+02,0.000000000000000000e+00
-5.898481499193634363e+02,0.000000000000000000e+00
-5.892738702109879796e+02,0.000000000000000000e+00
-5.887015281042985180e+02,0.000000000000000000e+00
-5.881310833293885025e+02,0.000000000000000000e+00
-5.875624054342298450e+02,0.000000000000000000e+00
-5.869952367662368715e+02,0.000000000000000000e+00
-5.864292875160363110e+02,0.000000000000000000e+00
-5.858642767747576272e+02,0.000000000000000000e+00
-5.852998891615177399e+02,0.000000000000000000e+00
-5.847358275075805523e+02,0.000000000000000000e+00
-5.841718665042419616e+02,0.000000000000000000e+00
-5.836078069052662158e+02,0.000000000000000000e+00
-5.830434720991567019e+02,0.000000000000000000e+00
-5.824786968137934764e+02,0.000000000000000000e+00
-5.819132748621250357e+02,0.000000000000000000e+00
-5.813470726908814186e+02,0.000000000000000000e+00
-5.807799811755311339e+02,0.000000000000000000e+00
-5.802118604968819682e+02,0.000000000000000000e+00
-5.796426912688143602e+02,0.000000000000000000e+00
-5.790724996771353972e+02,0.000000000000000000e+00
-5.785013443318680402e+02,0.000000000000000000e+00
-5.779292438356789035e+02,0.000000000000000000e+00
-5.773561787976328787e+02,0.000000000000000000e+00
-5.767822529180336915e+02,0.000000000000000000e+00
-5.762075878439118242e+02,0.000000000000000000e+00
-5.756323297760557125e+02,0.000000000000000000e+00
-5.750566542377086989e+02,0.000000000000000000e+00
-5.744807721055277625e+02,0.000000000000000000e+00
-5.739049201696560658e+02,0.000000000000000000e+00
-5.733291352982536182e+02,0.000000000000000000e+00
-5.727533933861559490e+02,0.000000000000000000e+00
-5.721776824490953004e+02,0.000000000000000000e+00
-5.716019086259739197e+02,0.000000000000000000e+00
-5.710259826334702211e+02,0.000000000000000000e+00
-5.704497292959890729e+02,0.000000000000000000e+00
-5.698728770223711990e+02,0.000000000000000000e+00
-5.692952075114097852e+02,0.000000000000000000e+00
-5.687164421545091955e+02,0.000000000000000000e+00
-5.681362715304443327e+02,0.000000000000000000e+00
-5.675545899524493052e+02,0.000000000000000000e+00
-5.669714006340465176e+02,0.000000000000000000e+00
-5.663868152998988990e+02,0.000000000000000000e+00
-5.658997496734393735e+02,6.962207463434566534e-04
-5.654968023334855616e+02,-1.083121173071077692e-02
-5.648696305279153194e+02,-4.324371481976285736e-02
-5.640431587641825217e+02,-5.744519416552851254e-02
-5.633368659948819186e+02,-4.746752419408917234e-02
-5.627382572139611057e+02,-3.756095261788772177e-02
-5.621378263899242711e+02,-2.678933512776371373e-02
-5.615361985950753478e+02,-1.511757965766413747e-02
-5.609350405780377287e+02,-2.551884831247797081e-03
-5.603351978591182387e+02,1.060995901124295315e-02
-5.597346496476066022e+02,2.424451015733408710e-02
-5.591337715720150072e+02,3.836993067020122439e-02
-5.585343071406800846e+02,5.270642317660723108e-02
-5.579353669337111796e+02,6.701360153066326930e-02
-5.573359920069735836e+02,8.124986090172203745e-02
-5.567364192595090344e+02,9.535940706949519452e-02
-5.561356521520425531e+02,1.093097761443395655e-01
-5.555322250111138374e+02,1.232866468156124107e-01
-5.549266003831162379e+02,1.375122414093876699e-01
-5.543189932694768913e+02,1.520834808268589633e-01
-5.537089430171483855e+02,1.671954208820158883e-01
-5.530977333705407091e+02,1.829815024483649744e-01
-5.524865707256102496e+02,1.993597980474048903e-01
-5.518992772153559372e+02,2.156289856014570461e-01
-5.513789626716653629e+02,2.271291941704278727e-01
-5.508667565146474772e+02,2.284730415624047772e-01
-5.502186403264760202e+02,2.251619226493528636e-01
-5.494533127140633724e+02,2.364925173010345993e-01
-5.487283968899683941e+02,2.645458830586644439e-01
-5.480853344801357707e+02,2.952758111708808642e-01
-5.474663445998160114e+02,3.256788297018031741e-01
-5.468471658506482527e+02,3.570243927189742372e-01
-5.462300964329856470e+02,3.890076134419606646e-01
-5.456146716775198229e+02,4.214233344910112145e-01
-5.450004466653152804e+02,4.541755183603446433e-01
-5.443873337880702366e+02,4.870916532377589370e-01
-5.437743802128708239e+02,5.201165069270818897e-01
-5.431607000957435503e+02,5.533189018958162286e-01
-5.425457635367553166e+02,5.867854403902028615e-01
-5.419283912499204234e+02,6.206907606574718628e-01
-5.413072325080826204e+02,6.553779437500795169e-01
-5.406831925295905421e+02,6.911493856009309766e-01
-5.400582566487884151e+02,7.280096908454880555e-01
-5.394333251889770509e+02,7.658944920843069326e-01
-5.388100737526561943e+02,8.046424291056175626e-01
-5.381898142837591195e+02,8.438503652828499568e-01
-5.375767527514171888e+02,8.829243472238790247e-01
-5.369894918790793099e+02,9.196714672855765826e-01
-5.364373639393705844e+02,9.503419329164208840e-01
-5.358689444981616816e+02,9.751971691645433538e-01
-5.352106453701699138e+02,1.002609988070513047e+00
-5.344774024220971569e+02,1.043603675998616698e+00
-5.337579533513628576e+02,1.097342353894237288e+00
-5.330943923445286146e+02,1.154182604729214745e+00
-5.324620915776546326e+02,1.210580708455522014e+00
-5.318354662656267919e+02,1.267590580235311570e+00
-5.312096191305412276e+02,1.325590151384214987e+00
-5.305858775380913812e+02,1.384287503617198656e+00
-5.299653425260330550e+02,1.443280950698999643e+00
-5.293473293355934857e+02,1.502268749970769868e+00
-5.287294271955563545e+02,1.561283115447620329e+00
-5.281088925306301007e+02,1.620616001280805740e+00
-5.274836935074412168e+02,1.680734745821044207e+00
-5.268539827194698546e+02,1.742043641840440582e+00
-5.262219524446594505e+02,1.804636212246235605e+00
-5.255901457724984311e+02,1.868344257070875258e+00
-5.249602510289412294e+02,1.932880122665581180e+00
-5.243325018904296257e+02,1.997997403552953521e+00
-5.237058904591590363e+02,2.063619405346328595e+00
-5.230803794589440940e+02,2.129700172465165409e+00
-5.224628305141991405e+02,2.195349833234916392e+00
-5.218671424250288737e+02,2.257882205919192753e+00
-5.212910586768094845e+02,2.315088218130190167e+00
-5.206939079912690431e+02,2.370098737100512221e+00
-5.200308733989346592e+02,2.431598580738025817e+00
-5.193138188205384722e+02,2.506695125433067162e+00
-5.186017863114790316e+02,2.592636216054899911e+00
-5.179310141418195599e+02,2.680941608295173140e+00
-5.172912236381878301e+02,2.768055483321407717e+00
-5.166625863145128505e+02,2.854735623567472569e+00
-5.160370773469675214e+02,2.941503885524743289e+00
-5.154128853698375679e+02,3.028385802743926991e+00
-5.147902138226023681e+02,3.115137205993856462e+00
-5.141677315650709943e+02,3.201686256963254262e+00
-5.135432705437772256e+02,3.288408432398881587e+00
-5.129176452425151638e+02,3.375352937781139762e+00
-5.122925632088398515e+02,3.462211516701052538e+00
-5.116599475727057325e+02,3.550022669163310773e+00
-5.110129840757333568e+02,3.641157642809800254e+00
-5.103643511933963168e+02,3.735004967011246180e+00
-5.097162968689576701e+02,3.830295637715608326e+00
-5.090684770229129299e+02,3.927758400403758010e+00
-5.084382913224354752e+02,4.023999117086085597e+00
-5.078242837468716289e+02,4.116776001295729515e+00
-5.072278114151455384e+02,4.205565257100474241e+00
-5.066458962520237037e+02,4.288365246484415749e+00
-5.060316818550577409e+02,4.371703740056576137e+00
-5.053624614207132026e+02,4.464616190536419005e+00
-5.046586643701309072e+02,4.569255158869101052e+00
-5.039516608319088959e+02,4.683827500136084510e+00
-5.032771206387471921e+02,4.800738724861652429e+00
-5.026307133798465543e+02,4.915710875204226227e+00
-5.019925176252104393e+02,5.031295553291714739e+00
-5.013630538627911051e+02,5.146583567218920408e+00
-5.007363729865719506e+02,5.261741533928743664e+00
-5.001106674971099437e+02,5.377498411997272854e+00
-4.994874925736776845e+02,5.493065897231208083e+00
-4.988613870101620478e+02,5.609596643513548031e+00
-4.982339792462590822e+02,5.727293206622596777e+00
-4.976077276277203509e+02,5.845479024099775600e+00
-4.969778103319141564e+02,5.965100265956435166e+00
-4.963415503946086460e+02,6.087357542652094722e+00
-4.957043962629991256e+02,6.211555084168740137e+00
-4.950783372840668903e+02,6.334790660285626984e+00
-4.944752868943548947e+02,6.452835700015224774e+00
-4.938933002274271189e+02,6.563612380156270021e+00
-4.933134490771871015e+02,6.669605616703321971e+00
-4.927078155063611575e+02,6.776714344212086516e+00
-4.920534101568372307e+02,6.892660762156477716e+00
-4.913549466380616764e+02,7.022521076664856032e+00
-4.906452254622558939e+02,7.164098977801591772e+00
-4.899554994490795252e+02,7.310296532511728174e+00
-4.892932149657698346e+02,7.456021980051408704e+00
-4.886521345627734831e+02,7.599913934642287927e+00
-4.880255027286225982e+02,7.741543003046547078e+00
-4.874031718586336979e+02,7.882238752660509107e+00
-4.867770777901072279e+02,8.024078866415084832e+00
-4.861455056814965587e+02,8.168037481462310012e+00
-4.855119687215163822e+02,8.313823440893097327e+00
-4.848809930847951364e+02,8.460195602954733829e+00
-4.842539176208741765e+02,8.606494209171644982e+00
-4.836288186194365153e+02,8.752747411339301564e+00
-4.830009065752190054e+02,8.900175613034456035e+00
-4.823705049946080408e+02,9.049265359474711445e+00
-4.817411655737974456e+02,9.199151507098124014e+00
-4.811133544523614773e+02,9.349540378100407167e+00
-4.804886551870366702e+02,9.499903262546393279e+00
-4.798717807586664890e+02,9.648614207879258942e+00
-4.792673101904634905e+02,9.793573416493316586e+00
-4.786749183130217489e+02,9.933627304183811901e+00
-4.780850858933083600e+02,1.007017174336245446e+01
-4.774810044682798207e+02,1.020755251907017325e+01
-4.768447219274204372e+02,1.035213272396446982e+01
-4.761675450183305998e+02,1.051046435494541420e+01
-4.754654004883624339e+02,1.068382065197272013e+01
-4.747720585701928826e+02,1.086510540241837397e+01
-4.741099688479150700e+02,1.104513365460132412e+01
-4.734763682601707728e+02,1.122039344617166101e+01
-4.728584103199708579e+02,1.139214100354861614e+01
-4.722473652819783183e+02,1.156181504793337744e+01
-4.716355011899883607e+02,1.173134715935388783e+01
-4.710182108216544634e+02,1.190267360555815657e+01
-4.703970611722373292e+02,1.207597453305879753e+01
-4.697749045451329266e+02,1.225067846959285767e+01
-4.691542781290274888e+02,1.242600941992777486e+01
-4.685369637528061162e+02,1.260108916237143717e+01
-4.679237773533611744e+02,1.277522396331921506e+01
-4.673149859463249527e+02,1.294779719853373834e+01
-4.667082884045719879e+02,1.311901717580399307e+01
-4.661009703735093126e+02,1.328969585876911275e+01
-4.654942878616506619e+02,1.345966915648551065e+01
-4.648921270799214653e+02,1.362769909312324756e+01
-4.642943839656533100e+02,1.379322862638777636e+01
-4.636906295381123755e+02,1.395891329815329662e+01
-4.630643201124721600e+02,1.413059812759265199e+01
-4.624080462326541010e+02,1.431344594593768704e+01
-4.617331334729711898e+02,1.450756010858843581e+01
-4.610612900781171675e+02,1.470780769692562373e+01
-4.604113625913176406e+02,1.490701555129146882e+01
-4.597875560588538519e+02,1.510070556595490743e+01
-4.591765120639827273e+02,1.529079906198344041e+01
-4.585636052075206521e+02,1.548171502954015466e+01
-4.579447436119401686e+02,1.567546064079552437e+01
-4.573215058969620941e+02,1.587216203946461057e+01
-4.566959730545158891e+02,1.607157788385769237e+01
-4.560712714092484248e+02,1.627287058775074158e+01
-4.554500012446675328e+02,1.647486738271396334e+01
-4.548332632571580234e+02,1.667673918456857862e+01
-4.542223607002557628e+02,1.687741929943299368e+01
-4.536161218256719394e+02,1.707656809294489975e+01
-4.530112751605051358e+02,1.727495374008594098e+01
-4.524084384694740493e+02,1.747234485700648321e+01
-4.518126480688639504e+02,1.766663934579523243e+01
-4.512263993350301803e+02,1.785604783144799512e+01
-4.506453018681550020e+02,1.804117216192917539e+01
-4.500582206515055645e+02,1.822544475628823335e+01
-4.494500515162087027e+02,1.841486891193414621e+01
-4.488125258395682522e+02,1.861506370865048154e+01
-4.481553611122530469e+02,1.882648908846535818e+01
-4.474976389041665357e+02,1.904455002792223439e+01
-4.468517603361106580e+02,1.926463339385220408e+01
-4.462221653531085508e+02,1.948373288987105312e+01
-4.456056929700795877e+02,1.970114222495262624e+01
-4.449961901963417290e+02,1.991806374585399908e+01
-4.443923887763351672e+02,2.013428889625295071e+01
-4.437939699424547371e+02,2.034912020941465016e+01
-4.431985894139239690e+02,2.056278187821166625e+01
-4.426036969278039805e+02,2.077581741581699859e+01
-4.420082819080286072e+02,2.098844695391611737e+01
-4.414129017695303219e+02,2.120031043017630523e+01
-4.408170279400333698e+02,2.141146059005222213e+01
-4.402171750700965731e+02,2.162329519702638336e+01
-4.396125241148363898e+02,2.183689973196250023e+01
-4.390110797086790058e+02,2.204984954342997838e+01
-4.384198773935744384e+02,2.225885055811587421e+01
-4.378340962668104908e+02,2.246473322183168975e+01
-4.372430139396815321e+02,2.267151870103693057e+01
-4.366391210034207120e+02,2.288298152953026587e+01
-4.360192153870151515e+02,2.310199965132054700e+01
-4.353868446247121256e+02,2.332941654158822331e+01
-4.347523552728279128e+02,2.356277426176771428e+01
-4.341281656541211191e+02,2.379730953570806662e+01
-4.335232481247869032e+02,2.402788197233852685e+01
-4.329375045258627779e+02,2.425219274328380692e+01
-4.323649905832756417e+02,2.447088719092162989e+01
-4.317978801545859824e+02,2.468608269326784210e+01
-4.312259581499029082e+02,2.490173716745313115e+01
-4.306450159376354918e+02,2.512058210937156844e+01
-4.300613057837115889e+02,2.534107437666959228e+01
-4.294805587336343251e+02,2.556095629295376170e+01
-4.289066699448870850e+02,2.577858115632651703e+01
-4.283434625847426105e+02,2.599180166980097439e+01
-4.277869610734529147e+02,2.620138911041148688e+01
-4.272334837334763051e+02,2.640895264040025125e+01
-4.266860237536953377e+02,2.661328516665039245e+01
-4.261428614279672615e+02,2.681457962282074448e+01
-4.255982187830271073e+02,2.701514113194814115e+01
-4.250468267021901738e+02,2.721742536743722951e+01
-4.244864726722033197e+02,2.742339909817748023e+01
-4.239206485988968893e+02,2.763284318569840892e+01
-4.233493171815356391e+02,2.784655288751698521e+01
-4.227732591559993125e+02,2.806546559445630606e+01
-4.222000988722984403e+02,2.828692891577390256e+01
-4.216341273801637044e+02,2.850847483929688053e+01
-4.210744229869768560e+02,2.872951847181315443e+01
-4.205181691635714287e+02,2.895042245018125726e+01
-4.199671980484100118e+02,2.917003612854846040e+01
-4.194262690264792468e+02,2.938531245097115630e+01
-4.188907771017417190e+02,2.959684079335214335e+01
-4.183517254325922181e+02,2.980812097022680263e+01
-4.178047232023261017e+02,3.002136043326652981e+01
-4.172503853578483586e+02,3.023703313277397342e+01
-4.166945725780242924e+02,3.045315429562550591e+01
-4.161430236514025296e+02,3.066696984431078832e+01
-4.155989400239752172e+02,3.087639400675500312e+01
-4.150601023537661831e+02,3.108119519343233250e+01
-4.145151116604307049e+02,3.128533392135239666e+01
-4.139523862737808031e+02,3.149416016803704466e+01
-4.133682524708508481e+02,3.171090659768430697e+01
-4.127661368136132296e+02,3.193634746515022726e+01
-4.121579173898232398e+02,3.216757660125634288e+01
-4.115583407581141273e+02,3.239869572934667019e+01
-4.109691600362785380e+02,3.262748390487667649e+01
-4.103869776385211026e+02,3.285461479128765205e+01
-4.098131386143292048e+02,3.307865622529919847e+01
-4.092403349063719133e+02,3.330154697418475962e+01
-4.086635249885362668e+02,3.352592492642541799e+01
-4.080924850513657702e+02,3.374810898319733354e+01
-4.075348012407649207e+02,3.396399378182970707e+01
-4.069900726787930694e+02,3.417269214916080244e+01
-4.064537347370345515e+02,3.437523453673454554e+01
-4.059141045911759988e+02,3.457602103473293198e+01
-4.053611682340588800e+02,3.478018141806769137e+01
-4.047977865895664422e+02,3.498825376187338065e+01
-4.042324046712458880e+02,3.519769032021201838e+01
-4.036736043083011509e+02,3.540510903429365896e+01
-4.031269163277492567e+02,3.560735604546054844e+01
-4.025880493538339238e+02,3.580496789443699157e+01
-4.020458030476659701e+02,3.600201496723435213e+01
-4.014878777781356689e+02,3.620411180201889323e+01
-4.009114237333602659e+02,3.641460298298007103e+01
-4.003289947433790417e+02,3.663056405714527841e+01
-3.997547932285070829e+02,3.684640416675301822e+01
-3.991949668781988976e+02,3.705841045123779054e+01
-3.986493839842967191e+02,3.726500220154850496e+01
-3.981122951104647427e+02,3.746711292260839343e+01
-3.975765227657720970e+02,3.766707188129662143e+01
-3.970374613764530523e+02,3.786671643096515538e+01
-3.964940882577137700e+02,3.806683405534276687e+01
-3.959498605263435707e+02,3.826639397685413257e+01
-3.954074389459219105e+02,3.846416950504830368e+01
-3.948674421736528757e+02,3.865974607603375546e+01
-3.943313021609777707e+02,3.885230208403467600e+01
-3.937979543890026548e+02,3.904174382186090497e+01
-3.932654468078345076e+02,3.922855229839707647e+01
-3.927335613770596865e+02,3.941258384965838957e+01
-3.921993134565227024e+02,3.959470640645241701e+01
-3.916597269707811506e+02,3.977638408507691281e+01
-3.911169357454818964e+02,3.995747563425602067e+01
-3.905712927189332504e+02,4.013815355007334063e+01
-3.900183702497678269e+02,4.032065582358370648e+01
-3.894539083562577844e+02,4.050768716456618534e+01
-3.888760837633821552e+02,4.070142441373564424e+01
-3.882891710726664201e+02,4.090191326140431016e+01
-3.877057240466937174e+02,4.110526548407007397e+01
-3.871411491241423732e+02,4.130467519681491240e+01
-3.865996701941945730e+02,4.149588569961839823e+01
-3.860703988630024810e+02,4.168080132265357918e+01
-3.855440766748088777e+02,4.186218504491059633e+01
-3.850200785120057390e+02,4.203991697916505643e+01
-3.844973002550405567e+02,4.221388681233450768e+01
-3.839756840998479674e+02,4.238396799327207276e+01
-3.834581691324912640e+02,4.254875163444854280e+01
-3.829402898502211769e+02,4.270904294358494013e+01
-3.824135205128058601e+02,4.286783613324111286e+01
-3.818688288269129316e+02,4.302861802754670606e+01
-3.812893388593026316e+02,4.319833223339929162e+01
-3.806685852216238573e+02,4.338314722133138446e+01
-3.800247190549812899e+02,4.358141698667892427e+01
-3.793839663071783548e+02,4.378586307194800753e+01
-3.787651496197927372e+02,4.398831078186308474e+01
-3.781727800885193460e+02,4.418388140239234474e+01
-3.776029983014777258e+02,4.437120624517872614e+01
-3.770523316766389144e+02,4.454946679739110493e+01
-3.765172457145923204e+02,4.471843107381098292e+01
-3.759908715833178690e+02,4.487941846788741174e+01
-3.754580228140377471e+02,4.503703860888312960e+01
-3.749028925452620911e+02,4.519753345065121408e+01
-3.743220829842715034e+02,4.536425967134675119e+01
-3.737245606105192337e+02,4.553670187580168971e+01
-3.731309762407549329e+02,4.570961491739748794e+01
-3.725624336784046591e+02,4.587495999821796033e+01
-3.720186652393183522e+02,4.602991496836216356e+01
-3.714814393254609399e+02,4.617845189688083707e+01
-3.709319892140753723e+02,4.632614401641792767e+01
-3.703576458456427645e+02,4.647803748269704016e+01
-3.697574995257293153e+02,4.663690505919488771e+01
-3.691424907832850408e+02,4.680196254474328299e+01
-3.685272586267338966e+02,4.697003941587906439e+01
-3.679221952687668704e+02,4.713760340480074262e+01
-3.673288230968515222e+02,4.730290723237148143e+01
-3.667420705667252037e+02,4.746636922616812626e+01
-3.661582253185180207e+02,4.762865420663707994e+01
-3.655800844613176537e+02,4.778867541372159167e+01
-3.650106505683157820e+02,4.794480681644873954e+01
-3.644489546609673312e+02,4.809669859427779670e+01
-3.638948989637288491e+02,4.824395526062906470e+01
-3.633485948968824459e+02,4.838601321432067692e+01
-3.628058389078485106e+02,4.852349609789451534e+01
-3.622584480559295912e+02,4.865856195109395088e+01
-3.617014264442369722e+02,4.879318640004866126e+01
-3.611309754222221500e+02,4.892902180205784646e+01
-3.605463480948459392e+02,4.906764770559230726e+01
-3.599550423007760287e+02,4.920815113291682508e+01
-3.593609558718248991e+02,4.934972176985495906e+01
-3.587650320187735815e+02,4.949240796609245763e+01
-3.581682974043707759e+02,4.963596122089079188e+01
-3.575726713821514977e+02,4.978007176945997969e+01
-3.569837531210984594e+02,4.992299581674726028e+01
-3.564030598654721871e+02,5.006349040788482796e+01
-3.558267551456660271e+02,5.020187970899133489e+01
-3.552517308793044890e+02,5.033875355111656802e+01
-3.546801776256659195e+02,5.047352529327475423e+01
-3.541164162249693845e+02,5.060466145384728520e+01
-3.535617890076653680e+02,5.073118656384980341e+01
-3.530146619776562602e+02,5.085291548214904367e+01
-3.524715564592265196e+02,5.097035228504390858e+01
-3.519281130606404986e+02,5.108444241563901755e+01
-3.513785106917701455e+02,5.119673283279605158e+01
-3.508180775920695282e+02,5.130899394156133297e+01
-3.502472430856574874e+02,5.142212347435284414e+01
-3.496684116323384046e+02,5.153636900819920896e+01
-3.490812674968099145e+02,5.165246696837030527e+01
-3.484867698500548840e+02,5.177112916320679403e+01
-3.478889984423341843e+02,5.189208013316780921e+01
-3.472924876775044254e+02,5.201456953847213072e+01
-3.467039988102831671e+02,5.213687176388719280e+01
-3.461286829828018767e+02,5.225684509275330214e+01
-3.455676822555112722e+02,5.237312729786962961e+01
-3.450204350256358907e+02,5.248476087706530535e+01
-3.444820938052881161e+02,5.259188736175121193e+01
-3.439446425249824983e+02,5.269590492674355175e+01
-3.434028952939785881e+02,5.279818621458797168e+01
-3.428563157193541429e+02,5.289932039349428550e+01
-3.423064920365942498e+02,5.299938135707875375e+01
-3.417565444967065105e+02,5.309799877167768756e+01
-3.412075036307406322e+02,5.319480373237913540e+01
-3.406549441019592450e+02,5.329056246093962557e+01
-3.400953555266557942e+02,5.338632333514033945e+01
-3.395296919108600946e+02,5.348234870410473007e+01
-3.389607935656003406e+02,5.357840046195762795e+01
-3.383905026079866616e+02,5.367420528636611721e+01
-3.378190335701843878e+02,5.376983205423515244e+01
-3.372480550088266114e+02,5.386515608339996675e+01
-3.366801981819207867e+02,5.395964963055542540e+01
-3.361169137557278077e+02,5.405284211149612617e+01
-3.355584045588560684e+02,5.414440438498993302e+01
-3.350026503103405844e+02,5.423442751483873536e+01
-3.344468981078014167e+02,5.432339361367873920e+01
-3.338909353704792693e+02,5.441149245763382680e+01
-3.333363433981559183e+02,5.449847454200427421e+01
-3.327828329928561288e+02,5.458424536847281416e+01
-3.322287988956876461e+02,5.466907240304193039e+01
-3.316747963035634825e+02,5.475290747008288150e+01
-3.311218520781152392e+02,5.483541312129784728e+01
-3.305718845887425346e+02,5.491610939080195664e+01
-3.300273890384740980e+02,5.499411615235517559e+01
-3.294853469405830992e+02,5.506931529544401371e+01
-3.289409814041639493e+02,5.514241736362338742e+01
-3.283914042535737394e+02,5.521402052426827112e+01
-3.278312446225318695e+02,5.528535817663783547e+01
-3.272585146581736240e+02,5.535788609870650845e+01
-3.266792497652008365e+02,5.543177463506756908e+01
-3.261016263450342194e+02,5.550623620771935407e+01
-3.255329911767516364e+02,5.557992201583624592e+01
-3.249742283388454780e+02,5.565177627028484864e+01
-3.244182646724556776e+02,5.572223952234591593e+01
-3.238559355759291520e+02,5.579266495796630920e+01
-3.232879142867946598e+02,5.586386408913664781e+01
-3.227208705591791613e+02,5.593497645982251498e+01
-3.221501630975218973e+02,5.600627298367017914e+01
-3.215844981418588873e+02,5.607736506805976262e+01
-3.210349099750005166e+02,5.614522883129303921e+01
-3.204933987874617856e+02,5.620988206031793766e+01
-3.199663432401644059e+02,5.627049764697525802e+01
-3.194501685166864036e+02,5.632573398062344694e+01
-3.189322341880968565e+02,5.637746634530721224e+01
-3.184132354922649597e+02,5.642573665564549401e+01
-3.178749382064848419e+02,5.647230982195816296e+01
-3.173133595496493058e+02,5.652024353278220303e+01
-3.167398227130197483e+02,5.656924366415236705e+01
-3.161510087986408166e+02,5.662060635396755259e+01
-3.155593518498872072e+02,5.667457963419052192e+01
-3.149723118608368395e+02,5.672946681549737491e+01
-3.143882007888726093e+02,5.678548229293735261e+01
-3.138175298222304264e+02,5.684096181854959440e+01
-3.132597376718597388e+02,5.689443739973361858e+01
-3.127088402739430535e+02,5.694610518686741329e+01
-3.121626679453789279e+02,5.699574793970308662e+01
-3.116153266423887658e+02,5.704385642469077311e+01
-3.110641774225198333e+02,5.709111713752813699e+01
-3.105108088520125307e+02,5.713764834105337087e+01
-3.099594440084036933e+02,5.718316306549932904e+01
-3.094165321448706436e+02,5.722666795161141096e+01
-3.088842951026963988e+02,5.726706729392873285e+01
-3.083571782501051644e+02,5.730402138660510047e+01
-3.078240017200648140e+02,5.733824252126884602e+01
-3.072780595230521499e+02,5.737101497679923767e+01
-3.067197302657131104e+02,5.740319379819028001e+01
-3.061486013406526467e+02,5.743562918202397327e+01
-3.055674241520207488e+02,5.746920699664998011e+01
-3.049845133281868357e+02,5.750389768787872669e+01
-3.044086050598726274e+02,5.753892058144226240e+01
-3.038463839170165102e+02,5.757303259212892499e+01
-3.032970019769404075e+02,5.760521166993714104e+01
-3.027530972663209354e+02,5.763544159971962699e+01
-3.022085500577275070e+02,5.766420107697783948e+01
-3.016592695349565361e+02,5.769205225331561593e+01
-3.011022060576693775e+02,5.771969581334408872e+01
-3.005369763550839366e+02,5.774778749710733905e+01
-2.999673548609807767e+02,5.777661830031672707e+01
-2.994006467569639085e+02,5.780575275598219775e+01
-2.988436983141957057e+02,5.783409318988006476e+01
-2.982991879512417199e+02,5.786042023010145385e+01
-2.977640674066701649e+02,5.788391759657424984e+01
-2.972307730440350042e+02,5.790448376100805206e+01
-2.966916588739143776e+02,5.792262842348678475e+01
-2.961423851285585442e+02,5.793913700622645990e+01
-2.955826716392553521e+02,5.795482329551661138e+01
-2.950165758234879263e+02,5.797026487517977955e+01
-2.944478436482253301e+02,5.798558165779537177e+01
-2.938741872517371121e+02,5.800101158719888872e+01
-2.932934547744681595e+02,5.801724905984715264e+01
-2.927077000280886523e+02,5.803470242369665044e+01
-2.921205808331798721e+02,5.805346546003835329e+01
-2.915392834172548078e+02,5.807308440546962203e+01
-2.909689836246798791e+02,5.809234754998156092e+01
-2.904073570958266259e+02,5.811026157805009262e+01
-2.898498368998210708e+02,5.812635713778638547e+01
-2.892935789438520260e+02,5.814039130747516992e+01
-2.887370058658800076e+02,5.815222307432208737e+01
-2.881791591367457386e+02,5.816181552132794508e+01
-2.876178535661230740e+02,5.816920964605872513e+01
-2.870501832177493498e+02,5.817475505240512490e+01
-2.864768097015992794e+02,5.817891218395633501e+01
-2.858989006387946574e+02,5.818185673621945853e+01
-2.853165537927247897e+02,5.818386592540011293e+01
-2.847304604761923770e+02,5.818514134181334896e+01
-2.841376502676039877e+02,5.818593659546223762e+01
-2.835357129839468939e+02,5.818708794685129959e+01
-2.829278580427269389e+02,5.818936947530787052e+01
-2.823197629690138797e+02,5.819311918464536859e+01
-2.817187117673858552e+02,5.819811560937300499e+01
-2.811295868484326093e+02,5.820344573671484056e+01
-2.805512521332698270e+02,5.820817010766583621e+01
-2.799798006297223196e+02,5.821169963244257417e+01
-2.794102084483426438e+02,5.821375224836150863e+01
-2.788369680203999792e+02,5.821445401726788305e+01
-2.782567380362964400e+02,5.821425890542785453e+01
-2.776708603586121740e+02,5.821368299571442151e+01
-2.770863499470556803e+02,5.821285575777351085e+01
-2.765106993520442984e+02,5.821114164680600567e+01
-2.759450400079703627e+02,5.820757928997141306e+01
-2.753830766073177188e+02,5.820147790885232553e+01
-2.748155869709563035e+02,5.819283176236266542e+01
-2.742383223710336893e+02,5.818231244303245830e+01
-2.736520738218068800e+02,5.817061304128491628e+01
-2.730570778488620363e+02,5.815834911028587584e+01
-2.724523893622587707e+02,5.814621329215719214e+01
-2.718363363119240717e+02,5.813491546776611330e+01
-2.712108622010752015e+02,5.812532502878955398e+01
-2.705841807798071272e+02,5.811777105193051085e+01
-2.699627510724022272e+02,5.811162425412989307e+01
-2.693480171749601482e+02,5.810606309419286220e+01
-2.687393500550782051e+02,5.810038013448400562e+01
-2.681363181264609921e+02,5.809413059927651801e+01
-2.675404617131200666e+02,5.808692949437455155e+01
-2.669512835680031912e+02,5.807824941369042193e+01
-2.663629285556704644e+02,5.806776530642765266e+01
-2.657671739394089627e+02,5.805570317565950234e+01
-2.651602134264839492e+02,5.804290300450178108e+01
-2.645443241989639773e+02,5.803015504301471594e+01
-2.639239057600607907e+02,5.801788127186173938e+01
-2.633041132458090487e+02,5.800607222701091814e+01
-2.626852648493367042e+02,5.799420612950416398e+01
-2.620587392400913131e+02,5.798212562112392732e+01
-2.614148611612581021e+02,5.797073707022308753e+01
-2.607521165994886587e+02,5.796162301054632593e+01
-2.600850215068547868e+02,5.795604189524472361e+01
-2.594387062550338214e+02,5.795272552682060052e+01
-2.588262255419625149e+02,5.794821868891570915e+01
-2.582438668424691173e+02,5.793959421062145054e+01
-2.576753661068121914e+02,5.792477530949285125e+01
-2.570976556566296267e+02,5.790327760467026508e+01
-2.564995474467580721e+02,5.787660572346538146e+01
-2.558767444343692148e+02,5.784665183485812179e+01
-2.552215492618499013e+02,5.781617614981266229e+01
-2.545372871288592762e+02,5.778934396176558153e+01
-2.538391826568625333e+02,5.776936170473182841e+01
-2.531431870932652544e+02,5.775718144453249892e+01
-2.524638453365072337e+02,5.775149418125188561e+01
-2.518085052714454548e+02,5.774919651871100967e+01
-2.511760539522209967e+02,5.774719588074862742e+01
-2.505639835718062898e+02,5.774310240731157506e+01
-2.499661687292033037e+02,5.773504461878379601e+01
-2.493678821629100355e+02,5.772209227561327793e+01
-2.487498852066259190e+02,5.770470986598613905e+01
-2.481003060273689300e+02,5.768522901163986916e+01
-2.474250521145696098e+02,5.766722541811675029e+01
-2.467439868607440587e+02,5.765325875081421714e+01
-2.460767327649892309e+02,5.764335585816643714e+01
-2.454310538213703694e+02,5.763563738120658542e+01
-2.448014057953771214e+02,5.762811927182173122e+01
-2.441771252278802820e+02,5.761984314911505578e+01
-2.435500541853418213e+02,5.761083092425711527e+01
-2.429177534204971778e+02,5.760168252017455615e+01
-2.422836671334298160e+02,5.759296966574326859e+01
-2.416523894195925095e+02,5.758469689381796286e+01
-2.410252162508475067e+02,5.757646714533606058e+01
-2.403994991438367492e+02,5.756783191173288117e+01
-2.397682222481870440e+02,5.755862581325181537e+01
-2.391221566340828133e+02,5.754945350720385022e+01
-2.384544750368518748e+02,5.754181165320279945e+01
-2.377651014817130886e+02,5.753780796658490004e+01
-2.370651209249894009e+02,5.753916578826255801e+01
-2.363742648011127301e+02,5.754558462709999844e+01
-2.357088146525079537e+02,5.755441235478010498e+01
-2.350713851202476690e+02,5.756233087122779324e+01
-2.344495878487006451e+02,5.756711365142452053e+01
-2.338223994868702107e+02,5.756842194708501381e+01
-2.331731432606246415e+02,5.756788071187649791e+01
-2.324994755915352300e+02,5.756824961288333498e+01
-2.318127841051203291e+02,5.757195770526950440e+01
-2.311285823530185439e+02,5.757968929681847925e+01
-2.304547125006589283e+02,5.759058813195101578e+01
-2.297913200250386296e+02,5.760356930091495542e+01
-2.291361403829904759e+02,5.761761486972514490e+01
-2.284879226604145117e+02,5.763193754315280160e+01
-2.278494193706563067e+02,5.764560768428010107e+01
-2.272208285145724460e+02,5.765738534221505063e+01
-2.265927927742530983e+02,5.766667641244143283e+01
-2.259495608432732752e+02,5.767425954349852191e+01
-2.252819060863411949e+02,5.768247103712477042e+01
-2.245946822968823540e+02,5.769380221030415612e+01
-2.238983472869789750e+02,5.770970277835281337e+01
-2.232052708663936187e+02,5.773041134411158737e+01
-2.225266654988646451e+02,5.775442471150063994e+01
-2.218657505660208642e+02,5.777962259460544914e+01
-2.212146349682578546e+02,5.780456585455647911e+01
-2.205513004593052528e+02,5.782982776816461978e+01
-2.198532807174507298e+02,5.785883120491011056e+01
-2.191216081870194330e+02,5.789591006423382424e+01
-2.183898725555702924e+02,5.794178669096915257e+01
-2.177014700178968951e+02,5.799055274181142750e+01
-2.170714629746516096e+02,5.803462797528888473e+01
-2.164739491623270737e+02,5.807106470427233802e+01
-2.158646734996009968e+02,5.810209835656180388e+01
-2.152124764354465185e+02,5.813241688642578708e+01
-2.145117558165822516e+02,5.816716627048449340e+01
-2.137828066255223973e+02,5.820984213998819712e+01
-2.130607784627445085e+02,5.825932805079361287e+01
-2.123746312229941964e+02,5.831043933469896245e+01
-2.117288471148345081e+02,5.835791821401894452e+01
-2.111015584805250853e+02,5.840036616403773451e+01
-2.104625611817203037e+02,5.843988797923347533e+01
-2.097881685409099362e+02,5.848057635329467985e+01
-2.090736774774786682e+02,5.852738378593043223e+01
-2.083383574887074019e+02,5.858297485590146181e+01
-2.076102098294611267e+02,5.864587541240402402e+01
-2.069082027901107779e+02,5.871189710558684993e+01
-2.062296742196708408e+02,5.877775588358989722e+01
-2.055512382266055624e+02,5.884413476252458963e+01
-2.048503462544578326e+02,5.891467123371747761e+01
-2.041255825491647045e+02,5.899245076720717407e+01
-2.033983815739738645e+02,5.907683623360034630e+01
-2.026971698438749172e+02,5.916272111056562721e+01
-2.020348873343280616e+02,5.924427762232895844e+01
-2.013993416395696272e+02,5.931937952125021241e+01
-2.007628308782746274e+02,5.939024009368169743e+01
-2.001021831479022524e+02,5.946115076925042331e+01
-1.994140627124791365e+02,5.953569610965256942e+01
-1.987132304102941021e+02,5.961484881705969485e+01
-1.980167386985332598e+02,5.969718976098668861e+01
-1.973280174817228669e+02,5.978138611562333438e+01
-1.966387979739756418e+02,5.986808900568356506e+01
-1.959419540893539136e+02,5.995876178864170924e+01
-1.952333149812864974e+02,6.005495979492432213e+01
-1.945106415652241765e+02,6.015844706342939929e+01
-1.937755977153785807e+02,6.027036382967978767e+01
-1.930362626508598680e+02,6.039030622547980443e+01
-1.923083504940890691e+02,6.051496847620100539e+01
-1.916074595879475169e+02,6.063886952354538096e+01
-1.909339565630023117e+02,6.075817876272154905e+01
-1.902701153192784886e+02,6.087384308290595669e+01
-1.896008639465063936e+02,6.098883345499010744e+01
-1.889278879543811627e+02,6.110374528096217261e+01
-1.882567990184135454e+02,6.121766189746647058e+01
-1.875853820004169279e+02,6.133089943614575645e+01
-1.869072726460051683e+02,6.144484304718083933e+01
-1.862119972471674600e+02,6.156219974371441594e+01
-1.855005049002570559e+02,6.168518873090616239e+01
-1.847948717258111060e+02,6.181083691145431658e+01
-1.841047839240729047e+02,6.193577245132257048e+01
-1.834140565050512066e+02,6.206217004541363735e+01
-1.827037851300107150e+02,6.219522389117836525e+01
-1.819693090554780213e+02,6.233945859737134754e+01
-1.812255398560276092e+02,6.249488274192071202e+01
-1.804984941187947811e+02,6.265578715423210099e+01
-1.798035771247635353e+02,6.281509145364818636e+01
-1.791338723616867981e+02,6.297034735681117468e+01
-1.784707412398476833e+02,6.312407615645712156e+01
-1.778021221403413108e+02,6.327945849962412694e+01
-1.771257631140002502e+02,6.343771968989384646e+01
-1.764362928017047807e+02,6.360095681105261178e+01
-1.757405305292627702e+02,6.376947462139312961e+01
-1.750614991981436219e+02,6.393685902441031033e+01
-1.743982395594669299e+02,6.410066565357028878e+01
-1.737323267980032995e+02,6.426559679200725839e+01
-1.730571820429555885e+02,6.443455887287274209e+01
-1.723706294671791284e+02,6.460959359604873953e+01
-1.716797063318392134e+02,6.479046510137402493e+01
-1.709916093223283156e+02,6.497478756967268509e+01
-1.702995155356834402e+02,6.516377081228121426e+01
-1.696010106617316353e+02,6.535873743207692144e+01
-1.688968875284253386e+02,6.556009168349331162e+01
-1.681949680770745772e+02,6.576601748328285169e+01
-1.675099487179168136e+02,6.597030365257742801e+01
-1.668320375450455799e+02,6.617370535720206703e+01
-1.661483941771047341e+02,6.638138766276486535e+01
-1.654705213484059527e+02,6.659050474933124519e+01
-1.648019631376220104e+02,6.679889122465108642e+01
-1.641388542419841201e+02,6.700809408866876993e+01
-1.634845398808090806e+02,6.721678561298998034e+01
-1.628415814060003299e+02,6.742347835639664311e+01
-1.622131211831081714e+02,6.762628274804237094e+01
-1.615783098746956057e+02,6.783105731016945583e+01
-1.609127719554238922e+02,6.804944312716685317e+01
-1.602355360815334109e+02,6.827877576413760607e+01
-1.595754560165902660e+02,6.850814824607397213e+01
-1.589501493017461939e+02,6.872777268322700195e+01
-1.583595493291184937e+02,6.893316122506053034e+01
-1.577760121798803254e+02,6.913229531413590223e+01
-1.571688027885461452e+02,6.933762332964852249e+01
-1.565274687049135309e+02,6.955703843935268083e+01
-1.558623832243051481e+02,6.979138889834700876e+01
-1.551920602001666225e+02,7.003664724131719765e+01
-1.545511714266791898e+02,7.027940358802388232e+01
-1.539643223189293906e+02,7.050415469187029771e+01
-1.534133342879013355e+02,7.071272087511765392e+01
-1.528775478978808167e+02,7.091147389582678784e+01
-1.523296928051371424e+02,7.110990444957973011e+01
-1.517305355790610690e+02,7.132610760672355354e+01
-1.510921187868914330e+02,7.156283173120051799e+01
-1.504527389720252017e+02,7.180751127816951396e+01
-1.498130650841065972e+02,7.205797605066258882e+01
-1.491668829290758254e+02,7.231775991678250648e+01
-1.485224457212245852e+02,7.258282561033009017e+01
-1.478815851499582550e+02,7.285155343158587016e+01
-1.472543266267035733e+02,7.311929386636857942e+01
-1.466531353044172761e+02,7.337771770239200464e+01
-1.460698956936812749e+02,7.362788084515405274e+01
-1.454934745049511662e+02,7.387385011467418394e+01
-1.449056759732775674e+02,7.412353753551586522e+01
-1.442765516753781583e+02,7.439301729997910684e+01
-1.436067526777664511e+02,7.468903605608126384e+01
-1.429235774927389855e+02,7.500361569106797788e+01
-1.422638017469572560e+02,7.531887458739410590e+01
-1.416559050638715860e+02,7.561378998781303551e+01
-1.410718840314850979e+02,7.589451583404348867e+01
-1.404721293945998468e+02,7.618154109729016454e+01
-1.398536805582506304e+02,7.647908952772228020e+01
-1.392181535223952835e+02,7.678897820171509636e+01
-1.385813436607564029e+02,7.710615418009763289e+01
-1.379663447413993538e+02,7.741728945329062128e+01
-1.373734285247122955e+02,7.771898507814938739e+01
-1.367806641746378489e+02,7.802100939132387225e+01
-1.361703574805228243e+02,7.833474894938972000e+01
-1.355540781210257819e+02,7.865657572879256065e+01
-1.349398768509670106e+02,7.898158193299603624e+01
-1.343276307256728330e+02,7.931010750320895397e+01
-1.337300724195139594e+02,7.963384286946599389e+01
-1.331450166972759348e+02,7.995074555899704194e+01
-1.325617338698690162e+02,8.026622606359498491e+01
-1.319845824906874157e+02,8.057792515448078063e+01
-1.314188084105559824e+02,8.088219852194895054e+01
-1.308579429854817135e+02,8.118185190974693910e+01
-1.302851024863540204e+02,8.148696540698389867e+01
-1.296957952606331332e+02,8.180312028677370506e+01
-1.291051912438405225e+02,8.212389804571138541e+01
-1.285239095109842538e+02,8.244291047939817929e+01
-1.279408265447211335e+02,8.276538435933706239e+01
-1.273261141027188046e+02,8.311038034701246602e+01
-1.266669846385084242e+02,8.349262299770823859e+01
-1.259903459270637001e+02,8.390283428881589600e+01
-1.253313142301153675e+02,8.431840154347062821e+01
-1.247010883813374562e+02,8.472552169334919370e+01
-1.240926436447157215e+02,8.512287245417768133e+01
-1.235030628367972412e+02,8.550909866151954475e+01
-1.229382836464732094e+02,8.587748268439081301e+01
-1.223997583431457770e+02,8.622431369939855017e+01
-1.218797519993470075e+02,8.655324786479464194e+01
-1.213680351190068478e+02,8.687078620896754444e+01
-1.208527809558400890e+02,8.718503039749855077e+01
-1.203187079324812885e+02,8.750735604285527813e+01
-1.197537575993063683e+02,8.784903647481914390e+01
-1.191583694913452831e+02,8.821506607680409218e+01
-1.185474325349214411e+02,8.860069972058262522e+01
-1.179431850460045297e+02,8.899289118685081235e+01
-1.173609581853051509e+02,8.937863767027100437e+01
-1.167967046411676790e+02,8.975630962804346780e+01
-1.162292065905531615e+02,9.013835982829594684e+01
-1.156371911859639994e+02,9.054156726545598133e+01
-1.150162948194604127e+02,9.097436950129117861e+01
-1.143831520359036062e+02,9.143005770996646220e+01
-1.137645224497603778e+02,9.188950640507165701e+01
-1.131792814884448859e+02,9.233340526114085378e+01
-1.126276284776196519e+02,9.275472094461451888e+01
-1.120942271076849721e+02,9.316078491664754324e+01
-1.115602766430168202e+02,9.356516883527505968e+01
-1.110146293121493386e+02,9.397809211636041482e+01
-1.104573671496580403e+02,9.440204696253029226e+01
-1.098971693480867629e+02,9.483209065538601124e+01
-1.093455360198811235e+02,9.525898207247082894e+01
-1.088098496760579366e+02,9.567470276420388586e+01
-1.082895422961704242e+02,9.607705502260004948e+01
-1.077781273971394711e+02,9.646959167517076139e+01
-1.072683470134840888e+02,9.685792850909467688e+01
-1.067552546003187786e+02,9.724683745288461978e+01
-1.062357107173096580e+02,9.764016487287835844e+01
-1.057075643608231417e+02,9.804137456016935914e+01
-1.051700647840944782e+02,9.845315841954041503e+01
-1.046234372101914545e+02,9.887752015685711626e+01
-1.040678743297964530e+02,9.931642943899979059e+01
-1.035044199666152309e+02,9.977103824198957227e+01
-1.029370904844811037e+02,1.002394611066815315e+02
-1.023729092557344416e+02,1.007158126045987956e+02
-1.018184685654124166e+02,1.011926242842388461e+02
-1.012757907241829685e+02,1.016652276765439922e+02
-1.007417483330131489e+02,1.021338787559792110e+02
-1.002120464034607039e+02,1.026012327202036971e+02
-9.968602349655765238e+01,1.030677257582683382e+02
-9.916750491291278991e+01,1.035296671857911690e+02
-9.866094690926290411e+01,1.039819312478412030e+02
-9.816641797033544492e+01,1.044228096842162614e+02
-9.767767479994397206e+01,1.048568074085578132e+02
-9.718525473062643982e+01,1.052927381601562615e+02
-9.668259027651212989e+01,1.057383377385523318e+02
-9.616995270041370247e+01,1.061958777820330369e+02
-9.565258519085126920e+01,1.066625023284931615e+02
-9.513552460203132455e+01,1.071342405937612057e+02
-9.462087769040995511e+01,1.076089691718138255e+02
-9.410936628815252902e+01,1.080856933708113701e+02
-9.360259249943786131e+01,1.085625126835175251e+02
-9.310269397722539964e+01,1.090366750686380044e+02
-9.261049292579465941e+01,1.095064092614987885e+02
-9.212491325919458518e+01,1.099718874663485906e+02
-9.164388643106094889e+01,1.104346240426180970e+02
-9.116499367036945500e+01,1.108968581603282217e+02
-9.068527930378510860e+01,1.113617405685902781e+02
-9.020169431159588669e+01,1.118330444325803654e+02
-8.971296778610329170e+01,1.123133087656541846e+02
-8.922143541567763236e+01,1.128015053383910669e+02
-8.873252594451004427e+01,1.132926274408212919e+02
-8.825123511478291505e+01,1.137807148242190465e+02
-8.777806283226082940e+01,1.142636129676894967e+02
-8.730806148503209840e+01,1.147453480473279512e+02
-8.683428708023136267e+01,1.152336120730150242e+02
-8.635337462713459900e+01,1.157338991871899481e+02
-8.586879068149967509e+01,1.162447288211432408e+02
-8.538878472535100173e+01,1.167578779430716622e+02
-8.492097794484337214e+01,1.172633217161473738e+02
-8.446812688843998274e+01,1.177547857403920375e+02
-8.402715867581657960e+01,1.182325417313448952e+02
-8.359087055508726394e+01,1.187027755191816141e+02
-8.315083194111230114e+01,1.191747954898683162e+02
-8.270002836228201204e+01,1.196580637183034241e+02
-8.223460038386895121e+01,1.201600381025768769e+02
-8.175493125551753337e+01,1.206844558742268561e+02
-8.126624399741868388e+01,1.212295714893634795e+02
-8.077791539185415104e+01,1.217871928468967013e+02
-8.030103051837043893e+01,1.223438955625127562e+02
-7.984504006784658259e+01,1.228846439268769899e+02
-7.941477847144645352e+01,1.233977915183060787e+02
-7.900848660393573653e+01,1.238797797502922009e+02
-7.861677494763304708e+01,1.243381592981739345e+02
-7.822339482706604485e+01,1.247913884108396303e+02
-7.780992662697377682e+01,1.252636642509406641e+02
-7.736453095120793932e+01,1.257752727663560108e+02
-7.688948138332177962e+01,1.263329564863263954e+02
-7.640005444998865869e+01,1.269269725010119743e+02
-7.591531996722390829e+01,1.275369509927312492e+02
-7.544921752317853247e+01,1.281415167413199185e+02
-7.500750689290882178e+01,1.287253107251595452e+02
-7.458953078063477449e+01,1.292809360730727235e+02
-7.419117363199340787e+01,1.298075494764493953e+02
-7.380708178312409018e+01,1.303084905702570211e+02
-7.343163497617224778e+01,1.307895403965451919e+02
-7.305874381179222610e+01,1.312586040834214032e+02
-7.268148625091249926e+01,1.317258937522747715e+02
-7.229262125506731707e+01,1.322033335533346872e+02
-7.188637994974040168e+01,1.327025786040826176e+02
-7.146088556617168308e+01,1.332320089331214490e+02
-7.101961736291599436e+01,1.337940153994927925e+02
-7.057027578388851907e+01,1.343844638964054923e+02
-7.012181848357688807e+01,1.349945501658973512e+02
-6.968210498784897311e+01,1.356130128480100154e+02
-6.925672355462252483e+01,1.362280638116475586e+02
-6.884853098759637646e+01,1.368293808186058413e+02
-6.845771753612078214e+01,1.374098567831268554e+02
-6.808219337781440572e+01,1.379666853576621861e+02
-6.771789770316064505e+01,1.385018617279442026e+02
-6.735907960353073065e+01,1.390220541384447586e+02
-6.699917889147326377e+01,1.395371922912098626e+02
-6.663255156937820800e+01,1.400576913741571730e+02
-6.625620429766870245e+01,1.405915510644830135e+02
-6.587055413925261860e+01,1.411426269857878140e+02
-6.547924829217157594e+01,1.417098964784868542e+02
-6.508826691734489600e+01,1.422874441925088718e+02
-6.470423950833875892e+01,1.428657690982579425e+02
-6.433247697385958475e+01,1.434344697389633154e+02
-6.397563130834424783e+01,1.439852152369339819e+02
-6.363320589444000319e+01,1.445140593102548223e+02
-6.330158996226592905e+01,1.450227839270820596e+02
-6.297292345883460030e+01,1.455213860366316680e+02
-6.261856811264718203e+01,1.460541107245751107e+02
