-1.127387152777556366e+03,1.383088440771726500e-04
-1.126844618055333967e+03,-1.595641395683880753e-04
-1.126302083333111796e+03,-2.466521576360780556e-04
-1.125759548610889397e+03,-5.067994678677059330e-05
-1.125217013888667225e+03,5.154312671856881847e-04
-1.124674479166444826e+03,1.520184480983927545e-03
-1.124131944444222427e+03,2.925791505836533319e-03
-1.123589409722000255e+03,4.457249772920739497e-03
-1.123046874999777856e+03,5.388211251711416856e-03
-1.122504340277555457e+03,4.501930609924638046e-03
-1.121901589703298214e+03,1.152650652522396214e-03
-1.121236800989104268e+03,-3.220918395134137347e-03
-1.120628614223637442e+03,-5.900205799864140579e-03
-1.120078943714510388e+03,-5.564269818117567774e-03
-1.119529475941320243e+03,-3.004815826499090178e-03
-1.118980244718284212e+03,3.857063422616170884e-04
-1.118431259495976519e+03,3.505546545127967081e-03
-1.117882503974504743e+03,5.290833218933344538e-03
-1.117322805423528735e+03,4.695241892191283697e-03
-1.116729343601626397e+03,1.545662142193090149e-03
-1.116111897359066688e+03,-2.676674063408047890e-03
-1.115514257646002307e+03,-5.645454600696616851e-03
-1.114948579686187713e+03,-6.038588599003678371e-03
-1.114394012085190525e+03,-4.213835187782398115e-03
-1.113839877965066989e+03,-1.285575932889180791e-03
-1.113286160835470127e+03,1.792040002832573755e-03
-1.112732868054827122e+03,4.274640304874109155e-03
-1.112176945940992027e+03,5.368724528014165442e-03
-1.111606132033593894e+03,4.388085497191940298e-03
-1.111007700929281327e+03,1.414514890059417190e-03
-1.110392733643348038e+03,-2.295766282427154012e-03
-1.109791016687440788e+03,-4.945663106623640788e-03
-1.109215301664369235e+03,-5.420626311812534563e-03
-1.108654565969678515e+03,-3.844362639850845090e-03
-1.108097303735440619e+03,-1.094192295142091230e-03
-1.107540574564501867e+03,1.884111737677846054e-03
-1.106984025838169146e+03,4.262242670411329169e-03
-1.106425691804258577e+03,5.241952715482036708e-03
-1.105861270651653513e+03,4.243191806162696818e-03
-1.105287722150873151e+03,1.417726526209432594e-03
-1.104708694193592919e+03,-2.107962315748149098e-03
-1.104132607339210381e+03,-4.782050516576801663e-03
-1.103564256918841465e+03,-5.596067432724206002e-03
-1.103001940668777934e+03,-4.554828443808960417e-03
-1.102442154053629793e+03,-2.334737775704758597e-03
-1.101883190857914087e+03,3.047576914650164935e-04
-1.101324705058716745e+03,2.766013338384531225e-03
-1.100766309615571117e+03,4.512602555254810986e-03
-1.100206726453360034e+03,4.989798741631574011e-03
-1.099643837786638414e+03,3.839783764822218403e-03
-1.099076426328374509e+03,1.305685515458080521e-03
-1.098506144365740965e+03,-1.629524935252780853e-03
-1.097936644358044532e+03,-3.688647196481987991e-03
-1.097370471079225581e+03,-4.048118330369894491e-03
-1.096807427483078300e+03,-2.761631259093219604e-03
-1.096244831976150181e+03,-5.960022869811141015e-04
-1.095675945871303156e+03,1.437745323506825317e-03
-1.095086966125098115e+03,2.508362124969169653e-03
-1.094461398372760641e+03,2.247065189639495860e-03
-1.093795889512311305e+03,8.741978277612990180e-04
-1.093112077269965994e+03,-9.012074761471555642e-04
-1.092445077444461958e+03,-2.209471378642138654e-03
-1.091817130836958540e+03,-2.432275693435659823e-03
-1.091225377733535652e+03,-1.491640583901682237e-03
-1.090652016616032824e+03,1.369983515077858964e-04
-1.090077590749306637e+03,1.678872497836136121e-03
-1.089484619366058041e+03,2.424263007772685993e-03
-1.088859845418799750e+03,2.034224170826621353e-03
-1.088202781019620261e+03,6.767368458519111302e-04
-1.087531420106010728e+03,-1.057961615522550955e-03
-1.086873121177504345e+03,-2.425628827659094024e-03
-1.086246375967852373e+03,-2.856060984595017605e-03
-1.085651464472513680e+03,-2.188257493660008147e-03
-1.085076522966146058e+03,-7.055564190552018672e-04
-1.084507966672075099e+03,1.017964909967978464e-03
-1.083934309637292017e+03,2.348164612606153112e-03
-1.083345140765781252e+03,2.805965040534855962e-03
-1.082732841828406663e+03,2.234409303515616421e-03
-1.082098383684169221e+03,8.738810971169613546e-04
-1.081454293362274939e+03,-7.153025663572238312e-04
-1.080818743879111253e+03,-1.880850549809229711e-03
-1.080204448392932818e+03,-2.164343642150724518e-03
-1.079611984466749391e+03,-1.508627115565705241e-03
-1.079031489700960265e+03,-2.753715081997090979e-04
-1.078448294581541631e+03,9.430371192099143776e-04
-1.077848055640192115e+03,1.614810617895401455e-03
-1.077221843006087056e+03,1.508863789396523453e-03
-1.076571501565405470e+03,7.745509145608305392e-04
-1.075910985277702139e+03,-1.561157128409799478e-04
-1.075259723113745395e+03,-7.860608071863303551e-04
-1.074631608191381247e+03,-7.982109810712650693e-04
-1.074028279371202188e+03,-2.225557363280061221e-04
-1.073441069806104224e+03,5.713977434180971199e-04
-1.072858178667617040e+03,1.078520100633982180e-03
-1.072271160181408959e+03,9.501048545419783125e-04
-1.071677773655077544e+03,1.939129645594104754e-04
-1.071081272009700569e+03,-8.346537057942141763e-04
-1.070487272592816907e+03,-1.630698398521975706e-03
-1.069899857344108568e+03,-1.806390922490381341e-03
-1.069318826886965553e+03,-1.283397621155606908e-03
-1.068739163484221081e+03,-3.172558986014621316e-04
-1.068152501810661533e+03,6.481851224702171428e-04
-1.067550179266529767e+03,1.207989157926515206e-03
-1.066927405259777515e+03,1.181751061782177013e-03
-1.066286874069084433e+03,6.729456917070167398e-04
-1.065638980660493417e+03,-6.933230163763911276e-06
-1.064997240039077951e+03,-4.996916809687540657e-04
-1.064371282527841686e+03,-5.749955448836385546e-04
-1.063762138041129674e+03,-2.431762803804351277e-04
-1.063162790375524764e+03,2.548198911464942583e-04
-1.062563059329322641e+03,5.871151762344814680e-04
-1.061955450174579710e+03,5.234922073747995917e-04
-1.061338815638495362e+03,6.376468859054643438e-05
-1.060718282420916694e+03,-5.679094014316068278e-04
-1.060101880388701829e+03,-1.045896450739172267e-03
-1.059496012152845424e+03,-1.110801094949471482e-03
-1.058902365626015126e+03,-7.004445413109949880e-04
-1.058317677191009352e+03,1.732414143122249598e-05
-1.057735855217900735e+03,7.275887016766703673e-04
-1.057150921699901801e+03,1.125605879166907035e-03
-1.056559441838982139e+03,1.065082654261610565e-03
-1.055961690939964910e+03,6.213485224577529244e-04
-1.055361192144853021e+03,4.278437693500169379e-05
-1.054762787211388968e+03,-3.797801586113821386e-04
-1.054170170642612675e+03,-4.604309213978706613e-04
-1.053584224454842342e+03,-2.100224837487971532e-04
-1.053003021493599135e+03,1.761799629461663764e-04
-1.052423293768383246e+03,4.315179719975233987e-04
-1.051842343574140386e+03,3.696378227488902554e-04
-1.051259327158740462e+03,-1.156689021445484275e-05
-1.050675365580858170e+03,-5.300652349702733015e-04
-1.050092622857466949e+03,-9.182918605519436225e-04
-1.049512993090731015e+03,-9.632688989506320125e-04
-1.048937122392105039e+03,-6.153011196344409812e-04
-1.048364191980317401e+03,-1.240751273099534970e-05
-1.047792428747834947e+03,5.889653054078078723e-04
-1.047219970414068257e+03,9.398237629349593530e-04
-1.046645657227325046e+03,9.168470797643871921e-04
-1.046069438660236528e+03,5.748140477557692717e-04
-1.045492250033846176e+03,1.099148045877031626e-04
-1.044915433947207930e+03,-2.449819133379680454e-04
-1.044339996308002583e+03,-3.392353771377559887e-04
-1.043766085449811044e+03,-1.768387556542142132e-04
-1.043192973285104927e+03,9.497275534992567184e-05
-1.042619525350722597e+03,2.738413575517063239e-04
-1.042044873290613396e+03,2.177234065535526663e-04
-1.041468911002790037e+03,-7.625037351739615444e-05
-1.040892348006471593e+03,-4.707566555178438537e-04
-1.040316311199713255e+03,-7.621100955307607986e-04
-1.039741731158055700e+03,-7.871201315140395529e-04
-1.039168842492739486e+03,-5.070802560989327813e-04
-1.038597046240766986e+03,-2.738721087060687535e-05
-1.038025182200544350e+03,4.549778788555245063e-04
-1.037452061708031579e+03,7.475617713962131759e-04
-1.036877008274727132e+03,7.527779046301554455e-04
-1.036300153448693436e+03,5.081022733038786281e-04
-1.035722339804843614e+03,1.587183620280739626e-04
-1.035144669745957344e+03,-1.208966407360205313e-04
-1.034567925240108252e+03,-2.156449289487877632e-04
-1.033992169410968472e+03,-1.237721480705572194e-04
-1.033416753647938094e+03,5.087424102654751728e-05
-1.032840724990451918e+03,1.627949645126409116e-04
-1.032263402699264816e+03,1.090805917966448165e-04
-1.031684801546843346e+03,-1.123957125967529376e-04
-1.031105667894586759e+03,-4.012481722827447562e-04
-1.030527115136819930e+03,-6.080839600478732702e-04
-1.029950062882840484e+03,-6.135290016582399791e-04
-1.029374776484106860e+03,-3.917123962755317637e-04
-1.028800736416631935e+03,-2.640577847420860403e-05
-1.028226887662011904e+03,3.277239334758861406e-04
-1.027652133690811752e+03,5.187822003514496990e-04
-1.027075838030265686e+03,4.693166635409149801e-04
-1.026498102446884559e+03,2.113713333189651679e-04
-1.025919696524929805e+03,-1.303781885537401170e-04
-1.025341676141179050e+03,-3.976292405203261872e-04
-1.024764872369107024e+03,-4.712196637106994533e-04
-1.024189493210257297e+03,-3.242549011643494714e-04
-1.023615025093349800e+03,-3.174407985223284432e-05
-1.023040474921062355e+03,2.669713313398189877e-04
-1.022464834910850755e+03,4.345356063071527039e-04
-1.021887553178960729e+03,3.987781656086825523e-04
-1.021308792987724587e+03,1.834361825948721211e-04
-1.020729362593793553e+03,-1.063151905601328058e-04
-1.020150350289360858e+03,-3.348435013813177356e-04
-1.019572636400660144e+03,-3.990571097899239762e-04
-1.018996511578548962e+03,-2.746830400025230623e-04
-1.018421574145685895e+03,-2.523248099393848393e-05
-1.017846945958534320e+03,2.297836314527299266e-04
-1.017271693860203641e+03,3.718162523706483786e-04
-1.016695252174604889e+03,3.380967114521139880e-04
-1.016117659338751082e+03,1.487835239432271713e-04
-1.015539500262481397e+03,-1.049361609066810452e-04
-1.014961587433980299e+03,-3.045802994223115309e-04
-1.014384540836899532e+03,-3.587800223922320069e-04
-1.013808459216240863e+03,-2.433761751347144383e-04
-1.013232843881050940e+03,-9.432766559121277388e-06
-1.012656809951795367e+03,2.434745302855479559e-04
-1.012079477614990424e+03,4.148524638510745800e-04
-1.011500364053784210e+03,4.482034527278199051e-04
-1.010919581460213408e+03,3.520131403639600171e-04
-1.010337744208147683e+03,1.884439513186789952e-04
-1.009755638051511255e+03,3.756121779992407347e-05
-1.009173816046987895e+03,-4.374700793787865275e-05
-1.008592337525839866e+03,-4.747160229815059666e-05
-1.008010789540734891e+03,-1.266403515562335605e-05
-1.007428573200954816e+03,1.552328044851716010e-06
-1.006845296646475731e+03,-4.738089917461491669e-05
-1.006261051511647452e+03,-1.593538262778960838e-04
-1.005676411569837342e+03,-2.898294586194303754e-04
-1.005092146569069882e+03,-3.728407931442315410e-04
-1.004508797384531817e+03,-3.562782368055078942e-04
-1.003926336306869757e+03,-2.310119823309399135e-04
-1.003344098326024096e+03,-3.872794621397770520e-05
-1.002761031092937060e+03,1.457926782064651930e-04
-1.002176152713662191e+03,2.491644459434618061e-04
-1.001589001295476578e+03,2.334392304975745308e-04
-1.000999854577582710e+03,1.131916446403659435e-04
-1.000409602312785296e+03,-5.188081044121079579e-05
-9.998193173530331705e+02,-1.845129717727794446e-04
-9.992297182669209406e+02,-2.243906049047035686e-04
-9.986407780629895115e+02,-1.539180755151634439e-04
-9.980516729678085994e+02,-3.853191174678906409e-06
-9.974611078983524521e+02,1.631271325047569754e-04
-9.968678753152689751e+02,2.823197096525569385e-04
-9.962713869988029955e+02,3.154435670012963326e-04
-9.956719246989056273e+02,2.642716698068908916e-04
-9.950704880844757554e+02,1.643414762845597289e-04
-9.944683160270509461e+02,6.368397834951761735e-05
-9.938663237766080556e+02,-1.832106014368964169e-06
-9.932647435234401883e+02,-2.427009521640962974e-05
-9.926631484914809107e+02,-2.331576240424483828e-05
-9.920608359669026868e+02,-3.110145749323690341e-05
-9.914573509927029136e+02,-7.105949463080870872e-05
-9.908528558960011878e+02,-1.425562623665968000e-04
-9.902481357598327349e+02,-2.195348014763184342e-04
-9.896442285551935356e+02,-2.636952391175536540e-04
-9.890418716867687863e+02,-2.451745465773634688e-04
-9.884410574091771196e+02,-1.599147786310929382e-04
-9.878409370808908534e+02,-3.450765902585934276e-05
-9.872401383616024759e+02,8.443533527499223149e-05
-9.866373522507636835e+02,1.513453721820204952e-04
-9.860319110238540361e+02,1.426907163582651647e-04
-9.854240777799178659e+02,6.760066256259508310e-05
-9.848149029672732695e+02,-3.668555909884202399e-05
-9.842057084548050625e+02,-1.219636746653307070e-04
-9.835974379710686435e+02,-1.506862842765322461e-04
-9.829901799133776876e+02,-1.122845998371456769e-04
-9.823830914200017332e+02,-2.691770768664194672e-05
-9.817747657085137689e+02,6.489405523773050604e-05
-9.811638754339354591e+02,1.216405110851337352e-04
-9.805497920375800049e+02,1.198155690852586845e-04
-9.799328878974170038e+02,6.367696065755317208e-05
-9.793143732420211336e+02,-1.820494712173161551e-05
-9.786957373736762520e+02,-8.728473992360144735e-05
-9.780780522376637691e+02,-1.133164113241764308e-04
-9.774614669312671822e+02,-8.825793866886550083e-05
-9.768451397412225106e+02,-2.958472419312891994e-05
-9.762276565718514121e+02,2.844060169846123663e-05
-9.756077631741026153e+02,5.139375022838655645e-05
-9.749850961963657028e+02,2.136644148311867347e-05
-9.743605987681605711e+02,-5.390637269840631166e-05
-9.737364458369721660e+02,-1.432514437210251476e-04
-9.731155146396372402e+02,-2.043629472705195177e-04
-9.725006181558406979e+02,-2.011430738820462415e-04
-9.718937945576805078e+02,-1.193447726533968309e-04
-9.712958911073860691e+02,2.570993763262732979e-05
-9.707065370044700785e+02,1.929818884413635562e-04
-9.701244420323911299e+02,3.304282730972838431e-04
-9.695478556702184960e+02,3.950542305297742953e-04
-9.689750052498042123e+02,3.698557120842229555e-04
-9.684043874624117052e+02,2.701327891716560512e-04
-9.678348741209189257e+02,1.363237157221453032e-04
-9.672656690796037537e+02,1.660513106872610808e-05
-9.666961941259442028e+02,-5.300960024251388265e-05
-9.661259833730745186e+02,-6.246829982502626912e-05
-9.655546380280359244e+02,-2.969660628581227010e-05
-9.649818522540268759e+02,9.560319399095379653e-06
-9.644074821698114874e+02,1.919450660124562294e-05
-9.638316071537914240e+02,-2.034691166037765674e-05
-9.632545334224835187e+02,-1.029723507179618094e-04
-9.626767140821641533e+02,-1.993524554308661679e-04
-9.620985983005989510e+02,-2.695311812680682554e-04
-9.615204587598403805e+02,-2.802579055892122448e-04
-9.609422646810164679e+02,-2.197129441223006838e-04
-9.603636579655443484e+02,-1.034148700221560266e-04
-9.597840542486541153e+02,3.127367382433664310e-05
-9.592028418336615232e+02,1.399030488333596705e-04
-9.586196087277246534e+02,1.889797602949978654e-04
-9.580343094689208101e+02,1.700357613823050436e-04
-9.574472987095949748e+02,1.041921185753013327e-04
-9.568592042980810675e+02,3.545617895787792263e-05
-9.562706732404307104e+02,1.511840708456027146e-05
-9.556820765615489108e+02,8.265124802534324310e-05
-9.550932824494791475e+02,2.496791751494127610e-04
-9.545035904634429471e+02,4.926439086254656317e-04
-9.539118677059218498e+02,7.569092140852254043e-04
-9.533168590030687710e+02,9.710405004600774050e-04
-9.527175819688619640e+02,1.066383752647761998e-03
-9.521136863138236777e+02,9.954956313074463103e-04
-9.515056659771502154e+02,7.440939065473825510e-04
-9.508948589200929291e+02,3.341324507408710109e-04
-9.502832358325293853e+02,-1.813629324040036861e-04
-9.496730419091269368e+02,-7.292282525728855172e-04
-9.490663937773716725e+02,-1.229933472325039001e-03
-9.484649353866370802e+02,-1.611541885635815524e-03
-9.478696254421811318e+02,-1.821590357566783792e-03
-9.472806799400241289e+02,-1.834981071608579812e-03
-9.466976462527621834e+02,-1.656584450366309358e-03
-9.461195560739151915e+02,-1.318328985692006003e-03
-9.455451001192997182e+02,-8.718724624911576657e-04
-9.449727842082660345e+02,-3.789280752923980230e-04
-9.444010531864608993e+02,9.852296380597557021e-05
-9.438283929525249505e+02,5.065370149402058028e-04
-9.432534310172400183e+02,8.053515151985543314e-04
-9.426750483804721625e+02,9.732913190359344328e-04
-9.420924941613842520e+02,1.008433376027229956e-03
-9.415054708162249426e+02,9.277994755454438284e-04
-9.409141464427050323e+02,7.637616305538560448e-04
-9.403190621771262840e+02,5.576863304674070741e-04
-9.397209375626108567e+02,3.515880883069815279e-04
-9.391204226019436874e+02,1.794323677771102654e-04
-9.385178804838425322e+02,6.032547998777574482e-05
-9.379132889344815567e+02,-4.241910087124052901e-06
-9.373063122738186621e+02,-2.790637702164560992e-05
-9.366965307938733076e+02,-3.223941597428179489e-05
-9.360837451852578397e+02,-3.723416722074623193e-05
-9.354682327193355604e+02,-5.290641876675045445e-05
-9.348508400709525858e+02,-7.512067794866019506e-05
-9.342328551616910772e+02,-8.718550991420168279e-05
-9.336156850615628855e+02,-6.666954419552884460e-05
-9.330004441344594852e+02,4.933608481102996910e-06
-9.323875946239830910e+02,1.330839922361594331e-04
-9.317767660296536860e+02,3.049533610104831777e-04
-9.311668181247031271e+02,4.901816101395682244e-04
-9.305561311150311212e+02,6.476250753040616861e-04
-9.299430361120097359e+02,7.358240335091582787e-04
-9.293262629236319299e+02,7.235797036841943751e-04
-9.287052877157369721e+02,5.973135907076134983e-04
-9.280805019368924604e+02,3.635280320491207423e-04
-9.274531782198915835e+02,4.666514581228119586e-05
-9.268252603044293210e+02,-3.160531197095784632e-04
-9.261990394033387020e+02,-6.809947287160928722e-04
-9.255767938532561629e+02,-1.004393374268376183e-03
-9.249604642836510493e+02,-1.247870425023575027e-03
-9.243514184833805984e+02,-1.382909397652689514e-03
-9.237503347744647044e+02,-1.394021151008122518e-03
-9.231572058364295117e+02,-1.280251014121371652e-03
-9.225714416412517949e+02,-1.054741867771386531e-03
-9.219920345130894930e+02,-7.423908948788540685e-04
-9.214177438994057638e+02,-3.760923994669028783e-04
-9.208472634819653422e+02,7.626432978619674411e-06
-9.202793460632404958e+02,3.727910490151557874e-04
-9.197128772208832288e+02,6.875166943653599101e-04
-9.191469020573196076e+02,9.267944488672707083e-04
-9.185806173135185873e+02,1.074583956227417392e-03
-9.180133433427951104e+02,1.125151671187849022e-03
-9.174444891048422051e+02,1.083358292333067019e-03
-9.168735213636376784e+02,9.635212136082794542e-04
-9.162999482627870975e+02,7.867331145087268999e-04
-9.157233265324169906e+02,5.770483095499086366e-04
-9.151432984190548723e+02,3.574808500211405782e-04
-9.145596569101999194e+02,1.469582447630685216e-04
-9.139724262799524013e+02,-4.094608359561411828e-05
-9.133819332445240207e+02,-1.974224607242307879e-04
-9.127888382066374788e+02,-3.167115103412210622e-04
-9.121941014123819969e+02,-3.944705957638662552e-04
-9.115988760233200310e+02,-4.272974959976043557e-04
-9.110043442121352655e+02,-4.138112036132588346e-04
-9.104115342008519747e+02,-3.567660866864701824e-04
-9.098211660512907883e+02,-2.649410113021521225e-04
-9.092335668554172798e+02,-1.533826041579638402e-04
-9.086486739723382016e+02,-4.114825866748956097e-05
-9.080661166285379977e+02,5.319007260496062871e-05
-9.074853424227165988e+02,1.168460374116654665e-04
-9.069057450302855159e+02,1.468484574815078229e-04
-9.063267557763066407e+02,1.510002053016402013e-04
-9.057478809074045785e+02,1.450862950067034458e-04
-9.051686899051785531e+02,1.471292360513116830e-04
-9.045887788481843472e+02,1.706805633000098939e-04
-9.040077399175854680e+02,2.195480662909635964e-04
-9.034251617786250108e+02,2.858430510183930496e-04
-9.028406694138201374e+02,3.520198208491047984e-04
-9.022539930465941325e+02,3.961596471655948627e-04
-9.016650414681290613e+02,3.986714736814373546e-04
-9.010739505677403258e+02,3.482219301740319952e-04
-9.004810846553389183e+02,2.451250982072236662e-04
-8.998869832859832059e+02,1.013611487897575947e-04
-8.992922640004376262e+02,-6.254513471245182427e-05
-8.986975057533674089e+02,-2.227053601482197216e-04
-8.981031441769871435e+02,-3.575675301841415308e-04
-8.975094062452378694e+02,-4.525659607924661368e-04
-8.969162996216001602e+02,-5.025214676189771997e-04
-8.963236549886432840e+02,-5.112764557738567681e-04
-8.957312030321168095e+02,-4.888930228438666736e-04
-8.951386568242805879e+02,-4.474999991670296239e-04
-8.945457692936381591e+02,-3.972735246153982856e-04
-8.939523452808626871e+02,-3.439031880647004809e-04
-8.933582058019227361e+02,-2.882668396664993834e-04
-8.927631226507299971e+02,-2.281550851619013347e-04
-8.921667567590685621e+02,-1.611009856988740170e-04
-8.915686370135476864e+02,-8.699361326000744484e-05
-8.909682047332607908e+02,-9.333882894942546608e-06
-8.903649257932714818e+02,6.535406125683983572e-05
-8.897584452277245646e+02,1.296026534443008764e-04
-8.891487383847954789e+02,1.775741914898221045e-04
-8.885362073072839166e+02,2.069669770525273415e-04
-8.879216841722928848e+02,2.194544391109179860e-04
-8.873063314397278418e+02,2.195363943509901427e-04
-8.866914611381630493e+02,2.123606030146711892e-04
-8.860783213486155319e+02,2.014813416406655640e-04
-8.854679068927496246e+02,1.875280603152287612e-04
-8.848608405143210121e+02,1.683781024671736955e-04
-8.842573453325754826e+02,1.408009491096814253e-04
-8.836572991537922235e+02,1.028941757119261098e-04
-8.830603377571026158e+02,5.622751835159541347e-05
-8.824659657897091165e+02,6.652810230343001030e-06
-8.818736416519985823e+02,-3.675271343484594609e-05
-8.812828215766072617e+02,-6.435909050121838828e-05
-8.806929692284044222e+02,-6.930041744233572079e-05
-8.801035514799262955e+02,-5.012760138474621745e-05
-8.795140433779619116e+02,-1.169863773602849312e-05
-8.789239561316055642e+02,3.611302659187974460e-05
-8.783328864816415944e+02,8.144619208974103778e-05
-8.777405714959658098e+02,1.140863314705570350e-04
-8.771469260995037303e+02,1.283670165139812896e-04
-8.765520446490594395e+02,1.243370693491066428e-04
-8.759561605243959548e+02,1.069085038789166731e-04
-8.753595734361836094e+02,8.347869161322910546e-05
-8.747625664390413931e+02,6.104925830026185348e-05
-8.741653380135461475e+02,4.395749442884898389e-05
-8.735679678525622194e+02,3.299155886617599636e-05
-8.729704213194765998e+02,2.604245756964176196e-05
-8.723725828601525336e+02,1.981162282463435565e-05
-8.717742993096554756e+02,1.170039319915168097e-05
-8.711754136961982340e+02,1.014393657693181215e-06
-8.705757787418381213e+02,-1.099381585299152999e-05
-8.699752521712078988e+02,-2.213843734305415348e-05
-8.693736865626036661e+02,-3.076617716873107801e-05
-8.687709301316233450e+02,-3.687619254689073487e-05
-8.681668491773928054e+02,-4.228650857281967559e-05
-8.675613703762924160e+02,-4.971782110449034117e-05
-8.669545281358253987e+02,-6.120456671287189386e-05
-8.663464948641212686e+02,-7.658964030150298909e-05
-8.657375745421524016e+02,-9.285622864768064335e-05
-8.651281523160257620e+02,-1.047052835498746011e-04
-8.645186100572445866e+02,-1.062560357569233491e-04
-8.639092329338677700e+02,-9.325458808567490968e-05
-8.633001381603895652e+02,-6.492419833895606192e-05
-8.626912513911994438e+02,-2.468827418906229153e-05
-8.620823403874604764e+02,2.058198749567575071e-05
-8.614730952950254732e+02,6.256115048836157204e-05
-8.608632285574519756e+02,9.397124589108516118e-05
-8.602525611448500058e+02,1.106601685468407918e-04
-8.596410675638152270e+02,1.125144201164896115e-04
-8.590288682497381387e+02,1.029510338510746914e-04
-8.584161773130159645e+02,8.729443913086172731e-05
-8.578032286340529708e+02,7.074199644431636074e-05
-8.571902089633537116e+02,5.671322352116147698e-05
-8.565772206935090480e+02,4.615010845754672605e-05
-8.559642826776350830e+02,3.790210202453873049e-05
-8.553513615737193732e+02,2.987657172493375968e-05
-8.547384149276887229e+02,2.035064758181736322e-05
-8.541254252154443520e+02,8.837020598194121973e-06
-8.535124114574296073e+02,-3.838817841163530103e-06
-8.528994175766865737e+02,-1.619154097090934585e-05
-8.522864886230864840e+02,-2.705111808433817116e-05
-8.516736515215093277e+02,-3.631163646925272733e-05
-8.510609139440949775e+02,-4.503109546712302693e-05
-8.504482850927659001e+02,-5.478751675876555535e-05
-8.498358099229350273e+02,-6.657416662640409759e-05
-8.492235999663876100e+02,-7.976710879715776274e-05
-8.486118432842806669e+02,-9.170647312932718562e-05
-8.480007832367284664e+02,-9.819267103552044176e-05
-8.473906684571461483e+02,-9.480961132502263328e-05
-8.467816887956976188e+02,-7.861564899032920189e-05
-8.461739184171609622e+02,-4.954750793141493055e-05
-8.455672858852847185e+02,-1.094773788034478603e-05
-8.449615817861792948e+02,3.105887959137556534e-05
-8.443565008711813107e+02,6.916821768284450028e-05
-8.437517042032291101e+02,9.691584177961537591e-05
-8.431468809393880974e+02,1.103811657259263894e-04
-8.425417913916573980e+02,1.089792657336861962e-04
-8.419362822167407785e+02,9.512090595846513198e-05
-8.413302760268884413e+02,7.297292900841132845e-05
-8.407237470868307128e+02,4.688283980278101651e-05
-8.401166983985953038e+02,2.011243653492264725e-05
-8.395091518240179767e+02,-5.662197608433949780e-06
-8.389011545547242577e+02,-2.998844211289886392e-05
-8.382927957532069740e+02,-5.269561545110746579e-05
-8.376842208470297919e+02,-7.289572399106013614e-05
-8.370756310977394605e+02,-8.845221429400436169e-05
-8.364672619276279875e+02,-9.622161954314376931e-05
-8.358593430087220213e+02,-9.302261092354735116e-05
-8.352520524530465309e+02,-7.695382310289352169e-05
-8.346454816338812179e+02,-4.850703094138720357e-05
-8.340396251086807524e+02,-1.097637619491740899e-05
-8.334344023095084140e+02,3.006991241043886195e-05
-8.328297061793808780e+02,6.811505847140091941e-05
-8.322254643085835824e+02,9.735424386068724850e-05
-8.316216933909845466e+02,1.140943164612698909e-04
-8.310185291758136827e+02,1.174097696217139066e-04
-8.304162222257479016e+02,1.088821559867888665e-04
-8.298151005079080278e+02,9.161371003521979334e-05
-8.292155092010482349e+02,6.897111177019368713e-05
-8.286177442504036890e+02,4.358386744925369608e-05
-8.280219960340024272e+02,1.697013396173883910e-05
-8.274283142537565254e+02,-1.013512310012979774e-05
-8.268365981776474882e+02,-3.698966440821000969e-05
-8.262466089211843610e+02,-6.203982430638349337e-05
-8.256579960408816987e+02,-8.256279258171427590e-05
-8.250703302923950559e+02,-9.501767255977526224e-05
-8.244831364236791842e+02,-9.604297029965555023e-05
-8.238959238126134323e+02,-8.372730164791470178e-05
-8.233082155436235325e+02,-5.862614144115780820e-05
-8.227195770271541733e+02,-2.406955232037101796e-05
-8.221296443705692809e+02,1.442578051675804034e-05
-8.215381496638184444e+02,5.047153364283741000e-05
-8.209449382697995361e+02,7.839572481792754456e-05
-8.203499734554329734e+02,9.455451108514682237e-05
-8.197533254039273061e+02,9.794325648827545015e-05
-8.191551463398285478e+02,8.996862852414352809e-05
-8.185556380732679145e+02,7.356241110567929558e-05
-8.179550202890001174e+02,5.204106131904806369e-05
-8.173535083049922605e+02,2.816680315277690777e-05
-8.167513053343037654e+02,3.729933476049753397e-06
-8.161486082486142095e+02,-2.028198496162312141e-05
-8.155456213948476716e+02,-4.311879584234530182e-05
-8.149425695649183581e+02,-6.366101138592501177e-05
-8.143397012971145159e+02,-8.012971788015846720e-05
-8.137372782850691237e+02,-9.031103457248023747e-05
-8.131355519880266911e+02,-9.224728235042364008e-05
-8.125347338945456386e+02,-8.511559626179930800e-05
-8.119349695019624278e+02,-6.989399386962376944e-05
-8.113363248529032035e+02,-4.946561007029700940e-05
-8.107387905303309026e+02,-2.801634996550064776e-05
-8.101423023684521922e+02,-9.864360236020093439e-06
-8.095467718643957369e+02,1.891059600148251279e-06
-8.089521165502925442e+02,6.409548149516643789e-06
-8.083582808516607656e+02,5.432372416465918693e-06
-8.077652408312582111e+02,2.730412302189607149e-06
-8.071729924756803030e+02,2.841898779583703290e-06
-8.065815280018886142e+02,9.522699952276511513e-06
-8.059908074557506552e+02,2.443541134813237087e-05
-8.054007343886654553e+02,4.652146691762768042e-05
-8.048111416132157956e+02,7.225402095123001182e-05
-8.042217892764057297e+02,9.665830348128812274e-05
-8.036323747586716308e+02,1.147291148685962214e-04
-8.030425507039002468e+02,1.227571954678391842e-04
-8.024519473123806392e+02,1.191440124340683383e-04
-8.018601965371276492e+02,1.045033911981050500e-04
-8.012669565608109679e+02,8.112428826993768312e-05
-8.006719369033806970e+02,5.209461068771496230e-05
-8.000749242466540636e+02,2.046387298461298769e-05
-7.994758065420320463e+02,-1.126080048903410855e-05
-7.988745921739317737e+02,-4.117830487514875857e-05
-7.982714189623682159e+02,-6.772990727270394732e-05
-7.976665472051531651e+02,-8.936488385719638277e-05
-7.970603353104626194e+02,-1.043920861829110267e-04
-7.964532001389038669e+02,-1.111643704845769853e-04
-7.958455680684468234e+02,-1.085651630506834572e-04
-7.952378278583398696e+02,-9.658929736630053522e-05
-7.946302959207687309e+02,-7.673487978889198102e-05
-7.940232010377429788e+02,-5.196792621293437804e-05
-7.934166919506916429e+02,-2.616289203184145041e-05
-7.928108637906458398e+02,-3.134867754184223278e-06
-7.922057931355224127e+02,1.443647962697488936e-05
-7.916015706478725633e+02,2.582193291089498454e-05
-7.909983200699651888e+02,3.248098145635427156e-05
-7.903961959187489583e+02,3.758998656332493936e-05
-7.897953603096104871e+02,4.498225473968969388e-05
-7.891959442226037709e+02,5.782472451789540655e-05
-7.885980021243434521e+02,7.745085573842510642e-05
-7.880014719661274967e+02,1.027329106821167718e-04
-7.874061496157150941e+02,1.301943327924978580e-04
-7.868116827625922269e+02,1.548210270225861549e-04
-7.862175866884927018e+02,1.713219227060892370e-04
-7.856232790891987179e+02,1.754554969799168617e-04
-7.850281284484565276e+02,1.650402214706926207e-04
-7.844315105001838901e+02,1.403995325472606932e-04
-7.838328655912044951e+02,1.041791566262352086e-04
-7.832317504208384662e+02,6.066651781688795180e-05
-7.826278793032714702e+02,1.486904694700546633e-05
-7.820211494775319352e+02,-2.838332545515258315e-05
-7.814116469495583033e+02,-6.511714859372257915e-05
-7.807996323044138762e+02,-9.259660294365028136e-05
-7.801855071723703077e+02,-1.094479040980310300e-04
-7.795697658598273847e+02,-1.156128498156334489e-04
-7.789529405692189812e+02,-1.121953526254872467e-04
-7.783355485350693925e+02,-1.012363155599684190e-04
-7.777180491221157581e+02,-8.541425317207890168e-05
-7.771008177363192999e+02,-6.765902767336588817e-05
-7.764841376902505772e+02,-5.072421664288997208e-05
-7.758682066753946174e+02,-3.680527153185577429e-05
-7.752531535907696707e+02,-2.727955267014400167e-05
-7.746390588906128869e+02,-2.263331777194062922e-05
-7.740259718316541466e+02,-2.259220434153206105e-05
-7.734139227411632191e+02,-2.638524652129000365e-05
-7.728029298487327878e+02,-3.304182847647712319e-05
-7.721930012790024875e+02,-4.162346006546955099e-05
-7.715841358411882993e+02,-5.129666099835941201e-05
-7.709763247377691187e+02,-6.122791678066061185e-05
-7.703695536389039944e+02,-7.038565796774345169e-05
-7.697638048520777829e+02,-7.737961844639728941e-05
-7.691590582124176763e+02,-8.047443590053225183e-05
-7.685552885411153738e+02,-7.786241495709221398e-05
-7.679524603419138202e+02,-6.814292803371793303e-05
-7.673505221490985377e+02,-5.083978558661753940e-05
-7.667494025272387717e+02,-2.676252516327236165e-05
-7.661490105092584599e+02,1.949746745032492816e-06
-7.655492423407781644e+02,3.216041045798697268e-05
-7.649499930134135184e+02,6.035447459118731142e-05
-7.643511698890645221e+02,8.336956243619010403e-05
-7.637527054556364874e+02,9.904211030649410043e-05
-7.631545650677084041e+02,1.065832703638996498e-04
-7.625567472450688911e+02,1.065863282762270287e-04
-7.619592770828730863e+02,1.006962611725816214e-04
-7.613621940877208090e+02,9.106320502591958715e-05
-7.607655373432795614e+02,7.976709368101172982e-05
-7.601693323708414027e+02,6.840678945319080277e-05
-7.595735819577429311e+02,5.794513597930691095e-05
-7.589782617576302073e+02,4.878470787182106132e-05
-7.583833211814134074e+02,4.097976475689296655e-05
-7.577886878698869850e+02,3.444978024557949874e-05
-7.571942736282827582e+02,2.909620822920810104e-05
-7.565999811940899917e+02,2.481551625602935259e-05
-7.560057107251207071e+02,2.144822795250388007e-05
-7.554113651699611864e+02,1.872350820817685253e-05
-7.548168551383704425e+02,1.626568760284749087e-05
-7.542221029781236439e+02,1.367897782081610633e-05
-7.536270453001974374e+02,1.067796515212026924e-05
-7.530316343362549105e+02,7.218729955024185699e-06
-7.524358377700319807e+02,3.564119127653523960e-06
-7.518396365990030290e+02,2.316355299895544289e-07
-7.512430222603827588e+02,-2.162441814581895642e-06
-7.506459939173281555e+02,-3.110191631091326371e-06
-7.500485563873529600e+02,-2.395425375858236448e-06
-7.494507199349926623e+02,-1.697654644938020773e-07
-7.488525019594550258e+02,3.106662391830591500e-06
-7.482539293671533187e+02,6.825078117063819928e-06
-7.476550408962765459e+02,1.042562126169355959e-05
-7.470558885344195232e+02,1.354638041482562748e-05
-7.464565370987279493e+02,1.605906383447535066e-05
-7.458570625392196689e+02,1.799166258509592495e-05
-7.452575500407807567e+02,1.938175985663800527e-05
-7.446580924884068509e+02,2.013774939413657956e-05
-7.440587901931949091e+02,1.998650799960510413e-05
-7.434597520847860324e+02,1.852064349782790853e-05
-7.428610970902060444e+02,1.530837988998850189e-05
-7.422629543224443296e+02,1.001579657932240475e-05
-7.416654607399310635e+02,2.485493567784013086e-06
-7.410687549062940889e+02,-7.241205661301620291e-06
-7.404729666740195171e+02,-1.892068819921170067e-05
-7.398782041248390442e+02,-3.212309916523090140e-05
-7.392845414291941779e+02,-4.631228296473179838e-05
-7.386920009020251428e+02,-6.086367708095123197e-05
-7.381005460537070348e+02,-7.486690134532213495e-05
-7.375100889009809180e+02,-8.701253923028877066e-05
-7.369204775922298722e+02,-9.576202646489511739e-05
-7.363315042181059198e+02,-9.945292334896962646e-05
-7.357429339057057405e+02,-9.644021333557880823e-05
-7.351545028835259927e+02,-8.560451951919299416e-05
-7.345659380410523909e+02,-6.687631770113794112e-05
-7.339769869407855367e+02,-4.146523465254297838e-05
-7.333874178845034066e+02,-1.170635096128928774e-05
-7.327970450109889953e+02,1.946980466225030300e-05
-7.322057404429630196e+02,4.897875178918794108e-05
-7.316134211381878458e+02,7.392531936947970906e-05
-7.310200662224453936e+02,9.215721002936708617e-05
-7.304257071221962860e+02,1.025966095559471586e-04
-7.298304032034352531e+02,1.052069541458241537e-04
-7.292342438810559315e+02,1.009444183136594289e-04
-7.286373272480905143e+02,9.152288140400981870e-05
-7.280397422948256008e+02,7.890976042896647184e-05
-7.274415660468138185e+02,6.487701400440303381e-05
-7.268428519061591260e+02,5.077173636325504533e-05
-7.262436287299011610e+02,3.753481301312331937e-05
-7.256439062534963114e+02,2.584135998500189613e-05
-7.250436744318781166e+02,1.616119093927427246e-05
-7.244429093665529535e+02,8.763613411158297634e-06
-7.238415843383654646e+02,3.693953729705314476e-06
-7.232396719452533489e+02,7.028751083397122981e-07
-7.226371511157112764e+02,-7.226276399399323095e-07
-7.220340177697256649e+02,-1.236783842812760513e-06
-7.214302851576485409e+02,-1.599018057998682576e-06
-7.208259874586799469e+02,-2.643828201621884089e-06
-7.202211859421524878e+02,-5.159752609668298471e-06
-7.196159636958906276e+02,-9.770801166545456929e-06
-7.190104190974958556e+02,-1.683119943589943089e-05
-7.184046616210850971e+02,-2.634413224773794494e-05
-7.177988033619996031e+02,-3.798069215785224541e-05
-7.171929514542096058e+02,-5.114357175883278548e-05
-7.165872026769444574e+02,-6.499928241051700171e-05
-7.159816378054283632e+02,-7.847433410708833058e-05
-7.153763185813628525e+02,-9.021993145073579413e-05
-7.147712866947217663e+02,-9.865071534613681717e-05
-7.141665623687912330e+02,-1.021467862955318664e-04
-7.135621443610233428e+02,-9.933252623217214000e-05
-7.129580102328956173e+02,-8.936970899038157207e-05
-7.123541151848462505e+02,-7.223916226654983070e-05
-7.117503938791451219e+02,-4.887564630165491000e-05
-7.111467661451652020e+02,-2.108941830681485688e-05
-7.105431428532098153e+02,8.658780315799442256e-06
-7.099394327295073026e+02,3.760416481205672382e-05
-7.093355511795139137e+02,6.311529003996416772e-05
-7.087314271399742438e+02,8.310334075580434493e-05
-7.081270071862383020e+02,9.630627655691722817e-05
-7.075222590315487423e+02,1.024110921796877034e-04
-7.069171717068078351e+02,1.019833035123545204e-04
-7.063117516213927729e+02,9.621582757233409274e-05
-7.057060188063004489e+02,8.659062553948431590e-05
-7.051000023266205972e+02,7.457826545960110861e-05
-7.044937357967505704e+02,6.147244931599030833e-05
-7.038872562660591257e+02,4.836785747736109487e-05
-7.032806026657970051e+02,3.618690257392204347e-05
-7.026738137161640907e+02,2.565172558539775347e-05
-7.020669259581258075e+02,1.719828416349032915e-05
-7.014599705644368441e+02,1.095521043390266501e-05
-7.008529726085820357e+02,6.865073264740540714e-06
-7.002459512499583525e+02,4.803905528617930452e-06
-6.996389164701582786e+02,4.558006438162391548e-06
-6.990318684350058902e+02,5.737817638178249791e-06
-6.984247970571352653e+02,7.746731706689550371e-06
-6.978176789510220033e+02,9.888292925968506268e-06
-6.972104777780662062e+02,1.163694910190455966e-05
-6.966031429020152927e+02,1.284482593815525701e-05
-6.959956044857307234e+02,1.359818522289544984e-05
-6.953877675066507891e+02,1.384354582219230537e-05
-6.947795054440358626e+02,1.327873757574322404e-05
-6.941706591159611435e+02,1.171643946798663359e-05
-6.935610380809337130e+02,9.455140970583778150e-06
-6.929504187097378463e+02,7.216010459921178782e-06
-6.923385482226831300e+02,5.788557775967729824e-06
-6.917251518809081290e+02,5.700767140631280455e-06
-6.911099408740876697e+02,7.189224102749948679e-06
-6.904926305722449342e+02,1.052985498688328061e-05
-6.898729589266996527e+02,1.621304813955245591e-05
-6.892507026117950772e+02,2.448762975057460227e-05
-6.886256937821772226e+02,3.466678070015612314e-05
-6.879978349482989870e+02,4.506818520083923221e-05
-6.873671155476739614e+02,5.381787653845544240e-05
-6.867336249738589231e+02,5.970038595213446314e-05
-6.860975561036160570e+02,6.221131872115721840e-05
-6.854592024851365295e+02,6.100574123899643440e-05
-6.848189492163087380e+02,5.570816132694840522e-05
-6.841772621758360629e+02,4.657966889566830825e-05
-6.835346763399056726e+02,3.523773174470267453e-05
-6.828917745984898602e+02,2.440055081020731372e-05
-6.822491651802142769e+02,1.682849139388937053e-05
-6.816074554731241051e+02,1.448174143639712012e-05
-6.809672238633683037e+02,1.862685013219480515e-05
-6.803289982144634678e+02,3.040773536345378679e-05
-6.796932295783091149e+02,5.076719749375991562e-05
-6.790602703146115573e+02,7.961587862208669645e-05
-6.784303580489555543e+02,1.151189165503096524e-04
-6.778036035604321796e+02,1.540216504529399446e-04
-6.771799955100274246e+02,1.929801098480755266e-04
-6.765594096511524640e+02,2.295582946675754285e-04
-6.759416242179204346e+02,2.620370152258701645e-04
-6.753263458145545428e+02,2.886981806336963614e-04
-6.747132342514804577e+02,3.077378010006700192e-04
-6.741019285442689579e+02,3.182109199298189302e-04
-6.734920728544949498e+02,3.209976290313900217e-04
-6.728833384238538429e+02,3.184218004392620652e-04
-6.722754401028273605e+02,3.126516667461885866e-04
-6.716681452019340668e+02,3.046167843832723221e-04
-6.710612763430616496e+02,2.946200679402828431e-04
-6.704547117628949309e+02,2.834482898502571320e-04
-6.698483820646839604e+02,2.723955806583625754e-04
-6.692422631030443654e+02,2.625112519476666627e-04
-6.686363684358080945e+02,2.539281981352073500e-04
-6.680307401030895562e+02,2.458459652376325131e-04
-6.674254382173435260e+02,2.375028175036227973e-04
-6.668205326608518817e+02,2.291967033812713920e-04
-6.662160974266613493e+02,2.221206591795058416e-04
-6.656122076601909612e+02,2.173204971644814444e-04
-6.650089351418375827e+02,2.151123341055777001e-04
-6.644063423811046505e+02,2.155955508189955972e-04
-6.638044806174955283e+02,2.194789227747011621e-04
-6.632033889364506649e+02,2.281468104236973962e-04
-6.626030906557532489e+02,2.427374553601171028e-04
-6.620035925436648085e+02,2.630412232507459516e-04
-6.614048837244705510e+02,2.874849185999765354e-04
-6.608069307173583411e+02,3.141019990649090965e-04
-6.602096793733473987e+02,3.411200815410669082e-04
-6.596130594162220859e+02,3.668653962538253981e-04
-6.590169869189240899e+02,3.895121199468078643e-04
-6.584213676729515328e+02,4.069432326652664984e-04
-6.578261008198418267e+02,4.172134693654498184e-04
-6.572310826775700434e+02,4.195895287033334976e-04
-6.566362096033826674e+02,4.149634539126454986e-04
-6.560413803834607052e+02,4.049780304350323809e-04
-6.554465005021028219e+02,3.910344550695743189e-04
-6.548514818288396100e+02,3.744638443680733540e-04
-6.542562371839815114e+02,3.571518112544131980e-04
-6.536606838999623506e+02,3.414649048841795586e-04
-6.530647451443983300e+02,3.298049662456365100e-04
-6.524683467162650459e+02,3.240840532184231402e-04
-6.518714200989171559e+02,3.250804362512083327e-04
-6.512739053078569214e+02,3.324811706410493359e-04
-6.506757522774005338e+02,3.457147471247110060e-04
-6.500769234918856228e+02,3.642532761715650382e-04
-6.494773999645692584e+02,3.869819869197435743e-04
-6.488771858876593797e+02,4.118093758084989718e-04
-6.482763087874350276e+02,4.361655829144145142e-04
-6.476748179298186869e+02,4.577722711322673070e-04
-6.470727816439690514e+02,4.751202531126819551e-04
-6.464702781804489859e+02,4.875022612152857932e-04
-6.458673843558251519e+02,4.946053785635334517e-04
-6.452641644248001285e+02,4.962630655903033051e-04
-6.446606525628669715e+02,4.927870386169568104e-04
-6.440568385971898806e+02,4.852478077683800278e-04
-6.434526579791241829e+02,4.752384512431927200e-04
-6.428479835426777527e+02,4.643825008894861381e-04
-6.422426258867673141e+02,4.538855157233975899e-04
-6.416363418433671768e+02,4.445108807053127259e-04
-6.410288460564958086e+02,4.370397641163083278e-04
-6.404198277486971165e+02,4.324337749417580330e-04
-6.398089764221872429e+02,4.313041482721639451e-04
-6.391960080445675203e+02,4.334294301840402861e-04
-6.385806881824838683e+02,4.378872851539454092e-04
-6.379628529881587156e+02,4.435302585801122687e-04
-6.373424237846378446e+02,4.493522734903070918e-04
-6.367194140360105621e+02,4.544504648401030559e-04
-6.360939301223362463e+02,4.577534025492541094e-04
-6.354661634426082628e+02,4.581125108350800682e-04
-6.348363733640277360e+02,4.548394061530777635e-04
-6.342048657909114127e+02,4.480752202852654334e-04
-6.335719686567165354e+02,4.385904973401734798e-04
-6.329380085931726398e+02,4.273004667409200340e-04
-6.323032897944193564e+02,4.150761795282253020e-04
-6.316680740804354173e+02,4.029424012133016146e-04
-6.310325672741238350e+02,3.921656715582123973e-04
-6.303969119056393993e+02,3.839456688618353951e-04
-6.297611873369652358e+02,3.789922736217908399e-04
-6.291254163991375208e+02,3.774319583003725529e-04
-6.284895742068285927e+02,3.790961267542280891e-04
-6.278536001810080052e+02,3.837923014873153519e-04
-6.272174123571107884e+02,3.912520103362610089e-04
-6.265809231412624740e+02,4.008902157966289848e-04
-6.259440543303572895e+02,4.117570021497599791e-04
-6.253067485290175682e+02,4.228358900607177145e-04
-6.246689787543817829e+02,4.334119292809226944e-04
-6.240307567835727696e+02,4.431631644861708306e-04
-6.233921403426563757e+02,4.519490005426605810e-04
-6.227532383051901661e+02,4.596024167291862424e-04
-6.221142123302175833e+02,4.659866278583692386e-04
-6.214752761442700830e+02,4.711903178716800615e-04
-6.208366930498441434e+02,4.755179243259487968e-04
-6.201987708030989097e+02,4.791489868683193099e-04
-6.195618522367846026e+02,4.818049547207143885e-04
-6.189263005715938561e+02,4.828442205964669971e-04
-6.182924817450821138e+02,4.817066703235730013e-04
-6.176607451680032455e+02,4.782206981833063745e-04
-6.170314045213021927e+02,4.724746184716789436e-04
-6.164047202853564613e+02,4.645654314469970067e-04
-6.157808835420363494e+02,4.547179470283257041e-04
-6.151600043932343169e+02,4.436867926410295745e-04
-6.145421068049777205e+02,4.328753034814102952e-04
-6.139271302997104840e+02,4.238563246595654149e-04
-6.133149376355088407e+02,4.177053969770342387e-04
-6.127053253124773846e+02,4.148130571537850557e-04
-6.120980375591550455e+02,4.152290518642469787e-04
-6.114927818130788637e+02,4.189443385552866486e-04
-6.108892450426790219e+02,4.256038176499071833e-04
-6.102871097249784498e+02,4.339376085137364863e-04
-6.096860659925358732e+02,4.416949286521100341e-04
-6.090858209341994325e+02,4.463646494758884728e-04
-6.084861047418216913e+02,4.460954030269068007e-04
-6.078866762939495629e+02,4.398975684498704201e-04
-6.072873284575648540e+02,4.270692304359237877e-04
-6.066878901996734612e+02,4.068983108799140895e-04
-6.060882271443929312e+02,3.793051590450859946e-04
-6.054882409977582256e+02,3.457299065347663853e-04
-6.048878689757013944e+02,3.090638092571195870e-04
-6.042870840113995428e+02,2.724690482970731648e-04
-6.036858935339450909e+02,2.383943403794400553e-04
-6.030843336701838098e+02,2.089000964887516765e-04
-6.024824609130439512e+02,1.866029709359814221e-04
-6.018803444022744316e+02,1.746053848471730498e-04
-6.012780588365820904e+02,1.750058908587891313e-04
-6.006756782175582430e+02,1.875791292772564897e-04
-6.000732658210821455e+02,2.102332029199995337e-04
-5.994708650446194724e+02,2.405781794272698350e-04
-5.988684944009979745e+02,2.765056877552699130e-04
-5.982661465917867645e+02,3.150122840717331355e-04
-5.976637938800890879e+02,3.510741888384232988e-04
-5.970613889287410530e+02,3.786694312185888206e-04
-5.964588666648022581e+02,3.932318343098839455e-04
-5.958561496283249426e+02,3.928859186025430343e-04
-5.952531550065253896e+02,3.772465000512271235e-04
-5.946498071192114594e+02,3.457241165707965799e-04
-5.940460394612932760e+02,2.980271140719490688e-04
-5.934417944689198521e+02,2.363517356565195484e-04
-5.928370236389006322e+02,1.661495227867109325e-04
-5.922316869738949663e+02,9.380248515009347336e-05
-5.916257601445940963e+02,2.352353934388014289e-05
-5.910192285875914422e+02,-4.285355281150658415e-05
-5.904120792893241969e+02,-1.033810092465178360e-04
-5.898042961941115436e+02,-1.545879013177251828e-04
-5.891958569195236350e+02,-1.935774539874424811e-04
-5.885867414994725095e+02,-2.211098044612043706e-04
-5.879769293715589811e+02,-2.411897458678942190e-04
-5.873663946964378511e+02,-2.573534148676378435e-04
-5.867551077893677984e+02,-2.703915848132872404e-04
-5.861430372607301251e+02,-2.805562544025899251e-04
-5.855301637889766653e+02,-2.910548112776615952e-04
-5.849164806361613955e+02,-3.072663485806468187e-04
-5.843019893697370435e+02,-3.322321313653208699e-04
-5.836867017127198096e+02,-3.644134223754582399e-04
-5.830706410901233312e+02,-4.009952268119321020e-04
-5.824538545588499119e+02,-4.423511523214685424e-04
-5.818364087667520153e+02,-4.911219125378058067e-04
-5.812183780548106142e+02,-5.474474276628574438e-04
-5.805998446658966259e+02,-6.073772216893216129e-04
-5.799808950752811825e+02,-6.668133018016652973e-04
-5.793616218370799515e+02,-7.257294701982789026e-04
-5.787421185358184630e+02,-7.863993347230125623e-04
-5.781224625592412849e+02,-8.483534301974629804e-04
-5.775027167671144070e+02,-9.076649573051045203e-04
-5.768829281632908987e+02,-9.612703441024208909e-04
-5.762631184126740891e+02,-1.010688594850839197e-03
-5.756432895819157238e+02,-1.059840528313026834e-03
-5.750234145797218162e+02,-1.109401270947251274e-03
-5.744034379652259759e+02,-1.156258866110527117e-03
-5.737832892809730083e+02,-1.198599528059106269e-03
-5.731628721274363443e+02,-1.239022770496628952e-03
-5.725420746802539043e+02,-1.281673858254115663e-03
-5.719207755468238474e+02,-1.327086758315312778e-03
-5.712988430893798295e+02,-1.372227317281824463e-03
-5.706761524319063028e+02,-1.415565726036867268e-03
-5.700525793825740948e+02,-1.459518089022404609e-03
-5.694280086593886381e+02,-1.506948068015289289e-03
-5.688023464712173336e+02,-1.556541038601228161e-03
-5.681755172977279926e+02,-1.605079179005129437e-03
-5.675474740524809931e+02,-1.653313895133389942e-03
-5.669181909489210511e+02,-1.704825154209383634e-03
-5.662876570292133920e+02,-1.760844145699200659e-03
-5.656558988028763224e+02,-1.819312964009796481e-03
-5.650229712789220002e+02,-1.878589015808325956e-03
-5.643889325803185102e+02,-1.940681304332049235e-03
-5.637538545774057184e+02,-2.007743154212169277e-03
-5.631178185765185162e+02,-2.076886526710885420e-03
-5.624809113774545040e+02,-2.142559352565968217e-03
-5.618432314472813687e+02,-2.201889085369683821e-03
-5.612048603067345312e+02,-2.256028721419701955e-03
-5.605658530769180743e+02,-2.306893755866059378e-03
-5.599262658473521697e+02,-2.353091128438699210e-03
-5.592861492772916563e+02,-2.392595844850647305e-03
-5.586455273343184444e+02,-2.427628359231930912e-03
-5.580044106767765015e+02,-2.461615384979983986e-03
-5.573627940226840565e+02,-2.494377795824335563e-03
-5.567206679303554893e+02,-2.523293650459240093e-03
-5.560780421904984223e+02,-2.547964335565446308e-03
-5.554349107900883382e+02,-2.572788274384115153e-03
-5.547912569664579223e+02,-2.602258991552892399e-03
-5.541470962769549260e+02,-2.635561778610537829e-03
-5.535024536559586750e+02,-2.670186678263773879e-03
-5.528573581213111083e+02,-2.706697448222568098e-03
-5.522118622118531448e+02,-2.746596472681788262e-03
-5.515660072430272294e+02,-2.788662841320017037e-03
-5.509198420713370297e+02,-2.828545976075587561e-03
-5.502734400898265221e+02,-2.862862469257464789e-03
-5.496268436527600443e+02,-2.892917602158690590e-03
-5.489800826402221219e+02,-2.920690529160851513e-03
-5.483331966811309712e+02,-2.944166175017088292e-03
-5.476861933292060485e+02,-2.960432430921179636e-03
-5.470390603876495561e+02,-2.969673212658585117e-03
-5.463917881329088004e+02,-2.974439395900174352e-03
-5.457443385085497312e+02,-2.976716893568234507e-03
-5.450966670030039722e+02,-2.976215866591147303e-03
-5.444487385526664411e+02,-2.973204177364864240e-03
-5.438004945414598978e+02,-2.971650795586229001e-03
-5.431518871689610251e+02,-2.975681019617133424e-03
-5.425029000310059928e+02,-2.985254972657076528e-03
-5.418535147520535702e+02,-2.998151937665040779e-03
-5.412037203869583664e+02,-3.013531212726597470e-03
-5.405535327037953266e+02,-3.032283360725305729e-03
-5.399029758287928189e+02,-3.054689504770879364e-03
-5.392520856698787384e+02,-3.078162518132839757e-03
-5.386009124279162279e+02,-3.099137120349646120e-03
-5.379494933584269347e+02,-3.116758032716722415e-03
-5.372978627330677455e+02,-3.131801912094728767e-03
-5.366460626985711997e+02,-3.143281715805434830e-03
-5.359941178318372295e+02,-3.148854719912933930e-03
-5.353420259543441944e+02,-3.147395489504846693e-03
-5.346897727852287971e+02,-3.139785355061572563e-03
-5.340373327896066940e+02,-3.127601436144695699e-03
-5.333846689120204019e+02,-3.111581210219481562e-03
-5.327317379035567910e+02,-3.092445602875573771e-03
-5.320784841959641653e+02,-3.073214804291233768e-03
-5.314248494466824013e+02,-3.058569607839003220e-03
-5.307707933177500763e+02,-3.051448122472802307e-03
-5.301162917322845942e+02,-3.051891914083343024e-03
-5.294613257767958885e+02,-3.059070247854856102e-03
-5.288058906736729341e+02,-3.072819499229668527e-03
-5.281500057229227423e+02,-3.092928011192981868e-03
-5.274937087076172020e+02,-3.117773785129803518e-03
-5.268370503335017929e+02,-3.144545752355093916e-03
-5.261800884391720956e+02,-3.171136036021501500e-03
-5.255228805887090857e+02,-3.197017990208920850e-03
-5.248654859834346098e+02,-3.221649487034606262e-03
-5.242079651778084326e+02,-3.243074461786863826e-03
-5.235503635497142341e+02,-3.259003946324967073e-03
-5.228927033064624084e+02,-3.268485479275821080e-03
-5.222349913383576450e+02,-3.271843755113193735e-03
-5.215772208394766949e+02,-3.269475014392301572e-03
-5.209193672488962648e+02,-3.261254325936283928e-03
-5.202613909296811698e+02,-3.247250222262217881e-03
-5.196032430635793844e+02,-3.228617387073034247e-03
-5.189448721819553612e+02,-3.206959299431361328e-03
-5.182862339598349308e+02,-3.182688374901637869e-03
-5.176272955098077091e+02,-3.154835859559689416e-03
-5.169680326071905938e+02,-3.122841745077146146e-03
-5.163084349759872111e+02,-3.088819238257190913e-03
-5.156485174690036501e+02,-3.059223480179808479e-03
-5.149883179425927437e+02,-3.049720017208654328e-03
-5.143278881016397008e+02,-3.083814890804322927e-03
-5.136671870710055146e+02,-3.152470302642822794e-03
-5.130063958017300365e+02,-3.195835447265148697e-03
-5.123458054995882094e+02,-3.202112113682948485e-03
-5.116851786189254767e+02,-3.245446127160327762e-03
-5.110244822320669300e+02,-3.333268793093061184e-03
-5.103642045761586132e+02,-3.379880509722149942e-03
-5.097042833801259007e+02,-3.367744542287096077e-03
-5.090444263089666492e+02,-3.325787335456596282e-03
-5.083849798204616945e+02,-3.231126668196311613e-03
-5.077260469983817188e+02,-3.121405800111119993e-03
-5.070671552654272318e+02,-3.117623604330277583e-03
-5.064082715038530864e+02,-3.221483504309787752e-03
-5.057498138363637281e+02,-3.311047526856209823e-03
-5.050916015310930334e+02,-3.334435678165804506e-03
-5.044333501702483886e+02,-3.305017614383912172e-03
-5.037753604452244645e+02,-3.216218569054005594e-03
-5.031175652922128165e+02,-3.100915745999606368e-03
-5.024597350394726618e+02,-3.031917747628879237e-03
-5.018019976643081463e+02,-3.030458341818054093e-03
-5.011444571488577253e+02,-3.080301461629244078e-03
-5.004870150298591511e+02,-3.170709277502379003e-03
-4.998296678351219384e+02,-3.256035048016137079e-03
-4.991726481356280374e+02,-3.266560875989399024e-03
-4.985159626071394428e+02,-3.204176451286200236e-03
-4.978593899125879716e+02,-3.141701499571599148e-03
-4.972029417353872418e+02,-3.125881235935587532e-03
-4.965467000345342967e+02,-3.158606127588739487e-03
-4.958905021513845099e+02,-3.226898765244654282e-03
-4.952342995694762635e+02,-3.284331036067625591e-03
-4.945782237661208001e+02,-3.271515533181651621e-03
-4.939221856268905526e+02,-3.191582361750368042e-03
-4.932659984784390304e+02,-3.104764308197218488e-03
-4.926096546629574959e+02,-3.056789945431825136e-03
-4.919531858668607356e+02,-3.060887538682922036e-03
-4.912965461629318611e+02,-3.114234000794678138e-03
-4.906397611691052134e+02,-3.190759319371706641e-03
-4.899829573587667255e+02,-3.247323958894219979e-03
-4.893261938005873617e+02,-3.256408695548598884e-03
-4.886695029549622973e+02,-3.216357014497951434e-03
-4.880130061374670731e+02,-3.144970974367507222e-03
-4.873567695807439009e+02,-3.083078449650468282e-03
-4.867007623792904951e+02,-3.072779620973462630e-03
-4.860450569039869038e+02,-3.112211002933651296e-03
-4.853898099499668319e+02,-3.157908349811670151e-03
-4.847350787722540417e+02,-3.172593280786299621e-03
-4.840808642011044185e+02,-3.147991537844129634e-03
-4.834272024909291190e+02,-3.097818877866287922e-03
-4.827740843385715266e+02,-3.052533872814292698e-03
-4.821214361680219440e+02,-3.042826156544501965e-03
-4.814692312618008714e+02,-3.069970988761168851e-03
-4.808174931373558252e+02,-3.103219424209367229e-03
-4.801662022848453262e+02,-3.109642945964162172e-03
-4.795153091600221273e+02,-3.077653266551969372e-03
-4.788647810988568949e+02,-3.020803337101665448e-03
-4.782145511485271641e+02,-2.971361341362455284e-03
-4.775645160471764825e+02,-2.958880888224562147e-03
-4.769146333727500178e+02,-2.983185588136320638e-03
-4.762649183049866224e+02,-3.014825819061473216e-03
-4.756153538321873953e+02,-3.023839883349600452e-03
-4.749658963828637752e+02,-3.001669041334502439e-03
-4.743165208855169794e+02,-2.961474945289470362e-03
-4.736671990605220799e+02,-2.926748662866056599e-03
-4.730178960040860829e+02,-2.913109438941094073e-03
-4.723686332452471106e+02,-2.913719855594746472e-03
-4.717194838415762206e+02,-2.908202786370521140e-03
-4.710704962425719486e+02,-2.888441686661065953e-03
-4.704216867322621738e+02,-2.868162999293604083e-03
-4.697730857713606269e+02,-2.866403061243181106e-03
-4.691247462540923152e+02,-2.888582388936905901e-03
-4.684767277813360806e+02,-2.922508700324843132e-03
-4.678291004747761122e+02,-2.946789604713498899e-03
-4.671819223589102421e+02,-2.946487665999610300e-03
-4.665351964303471846e+02,-2.926072875767079130e-03
-4.658888868016760512e+02,-2.903187291184052780e-03
-4.652429696173762181e+02,-2.886379242607972455e-03
-4.645974350592084647e+02,-2.864371814623966478e-03
-4.639522604924087545e+02,-2.819869219995663635e-03
-4.633074048284788660e+02,-2.749229413908242485e-03
-4.626628126376213572e+02,-2.668491475979022955e-03
-4.620184055791924038e+02,-2.604984325706667225e-03
-4.613741125403096817e+02,-2.580740273576751734e-03
-4.607299116559338472e+02,-2.596844972119944500e-03
-4.600858200908412527e+02,-2.632456514280972007e-03
-4.594418710561444072e+02,-2.661165469153563279e-03
-4.587980931789784904e+02,-2.669075341164524502e-03
-4.581545043665972798e+02,-2.660198514084013543e-03
-4.575111180705927154e+02,-2.648483889551088693e-03
-4.568679591913128775e+02,-2.642851295578216731e-03
-4.562250730273634076e+02,-2.636858458227006423e-03
-4.555825087100582778e+02,-2.615276619231883797e-03
-4.549402979978605117e+02,-2.571437003961586903e-03
-4.542984433895171037e+02,-2.513532623600089715e-03
-4.536569212591323890e+02,-2.454504054361495921e-03
-4.530157037572889749e+02,-2.401541061182214769e-03
-4.523747703450023891e+02,-2.353767806919039498e-03
-4.517340952849605742e+02,-2.304182526448207615e-03
-4.510936420238979281e+02,-2.246469521917240399e-03
-4.504533630509201316e+02,-2.184920269495303161e-03
-4.498132013919068299e+02,-2.133771758899389963e-03
-4.491731008479659408e+02,-2.102749675126994785e-03
-4.485330240301799449e+02,-2.087097950613724454e-03
-4.478929456938482758e+02,-2.073704456268771461e-03
-4.472528330218941051e+02,-2.053269428710580418e-03
-4.466126389091877513e+02,-2.026154261439954817e-03
-4.459723079507738817e+02,-1.998911900455275798e-03
-4.453317837462784041e+02,-1.974776727918771402e-03
-4.446910128842544054e+02,-1.948293494125748161e-03
-4.440499545153575127e+02,-1.911232139983401294e-03
-4.434085751002548932e+02,-1.860519339194288474e-03
-4.427668129008454230e+02,-1.797455500291531829e-03
-4.421246091024972316e+02,-1.724635372775858979e-03
-4.414819582375633900e+02,-1.647774832190322366e-03
-4.408388744794033869e+02,-1.574771092928124597e-03
-4.401953735606755913e+02,-1.509727483228653910e-03
-4.395514827678298957e+02,-1.452921634623432611e-03
-4.389072706966040300e+02,-1.405554112561934865e-03
-4.382628277847588834e+02,-1.367125578212934414e-03
-4.376182270863061490e+02,-1.330138599257015995e-03
-4.369735397397629413e+02,-1.285106827551591759e-03
-4.363288452101342045e+02,-1.229109335351701417e-03
-4.356842071015184956e+02,-1.164533020280444139e-03
-4.350396494713075981e+02,-1.094073683832735540e-03
-4.343951703561880322e+02,-1.021625544153270801e-03
-4.337507461287501656e+02,-9.522120063887725642e-04
-4.331063495106493519e+02,-8.868419448281363851e-04
-4.324619615561326782e+02,-8.221835841062938082e-04
-4.318175678285444405e+02,-7.562581942780034023e-04
-4.311731634880375168e+02,-6.897756783120962722e-04
-4.305287394470368554e+02,-6.236184791928191511e-04
-4.298842921240274677e+02,-5.597142105155129008e-04
-4.292398305736476232e+02,-5.015715682695646776e-04
-4.285953636931354254e+02,-4.500946214726143685e-04
-4.279509217416973001e+02,-4.013492176976165616e-04
-4.273065657928043493e+02,-3.496824083180917714e-04
-4.266623515607227546e+02,-2.912758800884583470e-04
-4.260182990079475758e+02,-2.282630525650755084e-04
-4.253743885265249673e+02,-1.717876950383193655e-04
-4.247306158223523767e+02,-1.334713202797546455e-04
-4.240869969009225997e+02,-1.107485816274286241e-04
-4.234435262701718443e+02,-8.897461952261729440e-05
-4.228002041561027227e+02,-5.865755153983880175e-05
-4.221570317374709589e+02,-1.976182861927836213e-05
-4.215139640849288298e+02,3.004245260443579374e-05
-4.208709425178296328e+02,9.652244440767524620e-05
-4.202279381347132698e+02,1.776026174844059038e-04
-4.195849224882332464e+02,2.651232507947102243e-04
-4.189418279839901516e+02,3.563640085422475489e-04
-4.182985711158433446e+02,4.507896791234765267e-04
-4.176551190607265198e+02,5.413561526986633912e-04
-4.170114370870792300e+02,6.231103829183199522e-04
-4.163674529931756751e+02,7.027134367558657323e-04
-4.157231195345923425e+02,7.859520380654722417e-04
-4.150784270807222924e+02,8.650134526495060735e-04
-4.144333696764927026e+02,9.304008117279927203e-04
-4.137879228283514408e+02,9.854193936432160787e-04
-4.131420777087527085e+02,1.039382715894913599e-03
-4.124958648700014692e+02,1.097288856515263311e-03
-4.118492991572210826e+02,1.162163936147415358e-03
-4.112023444076602914e+02,1.235400790299512027e-03
-4.105549773669142155e+02,1.310706007232097757e-03
-4.099072127125060092e+02,1.379527330415354983e-03
-4.092590513367155722e+02,1.444061362143612796e-03
-4.086104541667716035e+02,1.513979560833792967e-03
-4.079613791617370566e+02,1.591630258218766593e-03
-4.073117916731112587e+02,1.670470413989670741e-03
-4.066616281963687811e+02,1.744087862501661522e-03
-4.060108318961247846e+02,1.807218321460271355e-03
-4.053593930448127480e+02,1.853455799411169586e-03
-4.047073085090619315e+02,1.881964945917710989e-03
-4.040545471870173060e+02,1.902178098571004903e-03
-4.034010851763382561e+02,1.924241197881657170e-03
-4.027469261435464318e+02,1.949525762746979638e-03
-4.020920879476019536e+02,1.975765633306348322e-03
-4.014365994900263104e+02,2.004678442041928424e-03
-4.007805071000593102e+02,2.039233354334441667e-03
-4.001238696268659965e+02,2.080030497910724009e-03
-3.994667187395844508e+02,2.128697833558511852e-03
-3.988090584379665984e+02,2.188414970596447035e-03
-3.981509169191700721e+02,2.257212890751857885e-03
-3.974923555750444280e+02,2.326272123077773989e-03
-3.968334304588983059e+02,2.387552624342809907e-03
-3.961741653690218641e+02,2.438535507393251901e-03
-3.955145667508695055e+02,2.479572586154425544e-03
-3.948546463861658253e+02,2.513108732664059639e-03
-3.941943948378129789e+02,2.546035372894469087e-03
-3.935337867530014364e+02,2.586396696817261798e-03
-3.928728216797263713e+02,2.635701551088251698e-03
-3.922115113367809158e+02,2.688091785477597986e-03
-3.915498432312365935e+02,2.737200454430065155e-03
-3.908877802614904340e+02,2.779793634300988924e-03
-3.902252940940348935e+02,2.813429526020361487e-03
-3.895623680918596392e+02,2.836156764386763354e-03
-3.888989822332649169e+02,2.849489285513815903e-03
-3.882351166644753562e+02,2.857494957581039122e-03
-3.875707636871538853e+02,2.862138213481698213e-03
-3.869059316186916817e+02,2.862319774465874132e-03
-3.862406352270501202e+02,2.857115742399616957e-03
-3.855748983341159146e+02,2.847228435848749278e-03
-3.849087574981170405e+02,2.833908318631745554e-03
-3.842422586884953830e+02,2.819018754216416275e-03
-3.835754558309210438e+02,2.805616296567212554e-03
-3.829084080176316434e+02,2.796580046553415536e-03
-3.822411762999678899e+02,2.793081645867645166e-03
-3.815738175107016446e+02,2.794700407364875128e-03
-3.809063781894975591e+02,2.799553483054072200e-03
-3.802388923115999546e+02,2.804355578079207462e-03
-3.795713849566843692e+02,2.806368747522430297e-03
-3.789038764659865137e+02,2.805866938683258902e-03
-3.782363913996771885e+02,2.805765740799216670e-03
-3.775689635937310413e+02,2.808980447637208534e-03
-3.769016231067016065e+02,2.816808691566260060e-03
-3.762343810040325138e+02,2.828864062079360694e-03
-3.755672301458202469e+02,2.842998751427754447e-03
-3.749001609836790863e+02,2.855743316969634130e-03
-3.742331709665481299e+02,2.864201576562561396e-03
-3.735662624255490414e+02,2.867453964681463893e-03
-3.728994437713195680e+02,2.865687273856383759e-03
-3.722327298540245124e+02,2.858667673963180902e-03
-3.715661343215979286e+02,2.845651042746417340e-03
-3.708996684842796867e+02,2.826365252715193777e-03
-3.702333502752048844e+02,2.801918206898454996e-03
-3.695672034787393159e+02,2.775313409471874548e-03
-3.689012498927359616e+02,2.750965891638067380e-03
-3.682355098120751222e+02,2.732695999168066690e-03
-3.675700029269754054e+02,2.721828939643120612e-03
-3.669047435531946917e+02,2.717471752797117560e-03
-3.662397411685125235e+02,2.718109978244257537e-03
-3.655750107545957235e+02,2.722428707563609093e-03
-3.649105768980152220e+02,2.729439250414020853e-03
-3.642464643488874003e+02,2.738882612160541651e-03
-3.635826913410942325e+02,2.751354505569771503e-03
-3.629192741812409508e+02,2.767490378286277357e-03
-3.622562315871600163e+02,2.787125216519232337e-03
-3.615935828527405533e+02,2.809236309262603919e-03
-3.609313474668787762e+02,2.832139898032448762e-03
-3.602695479476303717e+02,2.853756673471612507e-03
-3.596082081611992862e+02,2.872510193014910906e-03
-3.589473490642907905e+02,2.888310332721205458e-03
-3.582869898816439331e+02,2.902362747890070531e-03
-3.576271506073948672e+02,2.916086109606704380e-03
-3.569678493338404337e+02,2.930411882845266464e-03
-3.563090983651107990e+02,2.945692524444075162e-03
-3.556509055330584488e+02,2.961897248518976893e-03
-3.549932763061274841e+02,2.979240428564356499e-03
-3.543362152923124313e+02,2.998824178149064705e-03
-3.536797289724257780e+02,3.022221659504463042e-03
-3.530238262446545718e+02,3.050128294923873124e-03
-3.523685143766512056e+02,3.081462607172388846e-03
-3.517137953184292769e+02,3.113610193498522489e-03
-3.510596672976244008e+02,3.143405984800332585e-03
-3.504061267461127613e+02,3.168311589701365474e-03
-3.497531673948327011e+02,3.187216393946087651e-03
-3.491007786331840066e+02,3.200324808853147705e-03
-3.484489432573411136e+02,3.208380889763614609e-03
-3.477976337472646264e+02,3.212045701568183066e-03
-3.471468117702786458e+02,3.211705206149675917e-03
-3.464964344516467918e+02,3.207479196586891356e-03
-3.458464607490709568e+02,3.199391486882936092e-03
-3.451968534621480558e+02,3.187670515375973755e-03
-3.445475789256088888e+02,3.172894282206508050e-03
-3.438986068842189070e+02,3.155888975818360066e-03
-3.432499097480122145e+02,3.137570474875864875e-03
-3.426014623218209749e+02,3.118746261820844450e-03
-3.419532438872421380e+02,3.099838764362932049e-03
-3.413052403577462997e+02,3.080761112265630389e-03
-3.406574432579014911e+02,3.061105059401243202e-03
-3.400098459207801511e+02,3.040436288145334943e-03
-3.393624402932566113e+02,3.018472377537158996e-03
-3.387152152007518566e+02,2.995153833655409426e-03
-3.380681552387796387e+02,2.970702362054672245e-03
-3.374212381193140686e+02,2.945714646393737032e-03
-3.367744314171882252e+02,2.921253193137655132e-03
-3.361276896361567879e+02,2.898795485420269536e-03
-3.354809502988354666e+02,2.879953524910553592e-03
-3.348341296975322052e+02,2.866056800423749055e-03
-3.341871202173242068e+02,2.857748492562710903e-03
-3.335397895883188539e+02,2.854727532438199912e-03
-3.328919809347203227e+02,2.855832694051953485e-03
-3.322435128691737418e+02,2.859527867894387163e-03
-3.315941793549066006e+02,2.864429034201863931e-03
-3.309437506796589901e+02,2.869394850824016647e-03
-3.302919755624320146e+02,2.873157773703634461e-03
-3.296385837954258022e+02,2.873987570265173781e-03
-3.289832912832520719e+02,2.869877533692139805e-03
-3.283258074626681946e+02,2.859301658505571976e-03
-3.276658439891202192e+02,2.842286462060448788e-03
-3.270031234754023899e+02,2.822011884148091249e-03
-3.263373869891084951e+02,2.806537717108350573e-03
-3.256684025494224102e+02,2.812654334487168801e-03
-3.249959758720536342e+02,2.862561094029597488e-03
-3.243200552111898105e+02,2.944639705215776164e-03
-3.236404584655003873e+02,2.995353208983740113e-03
-3.229569717874190928e+02,2.985694399373300598e-03
-3.222699087659780162e+02,2.961235046031336724e-03
-3.215793661027606731e+02,2.947107616582653449e-03
-3.208852123728371453e+02,2.945661298549706684e-03
-3.201879008852262132e+02,2.992640337584286016e-03
-3.194877480563533254e+02,3.064700744876292654e-03
-3.187846647045133182e+02,3.066337252571499448e-03
-3.180789359727902479e+02,3.006603497231718092e-03
-3.173711980538441821e+02,2.997291169672326554e-03
-3.166617413082131520e+02,3.043570447841257784e-03
-3.159505178191364507e+02,3.042564546905842434e-03
-3.152378163103476254e+02,2.986794310096963813e-03
-3.145241607168599103e+02,2.972640965434481843e-03
-3.138097293033713981e+02,3.026368800112885001e-03
-3.130945396489346990e+02,3.083580593407089353e-03
-3.123788014795728145e+02,3.102415086572283490e-03
-3.116627407524029536e+02,3.082195237257181163e-03
-3.109464057699952377e+02,3.028181197701966358e-03
-3.102298779239133637e+02,2.973547480364810858e-03
-3.095133705179969184e+02,2.967055670179001396e-03
-3.087969527282722879e+02,2.996240807549040066e-03
-3.080805357029340712e+02,3.001134388602044126e-03
-3.073641671587841415e+02,2.978080846857485749e-03
-3.066480317103653874e+02,2.978105596389337209e-03
-3.059321690238828069e+02,3.001952457324788721e-03
-3.052164807890749216e+02,2.996346762006833059e-03
-3.045009977701636217e+02,2.953283605064535057e-03
-3.037858618239868065e+02,2.917959967384425955e-03
-3.030710986400982279e+02,2.900431070033232441e-03
-3.023566422864008132e+02,2.862464447332592737e-03
-3.016425054023250709e+02,2.789344835696469516e-03
-3.009287616342123783e+02,2.711170643402574000e-03
-3.002154325825511592e+02,2.659356335077418809e-03
-2.995025137221086311e+02,2.644229608003447179e-03
-2.987900378675786897e+02,2.658389584004828589e-03
-2.980780147274393244e+02,2.673389519929455366e-03
-2.973664056833250697e+02,2.658701263405140007e-03
-2.966552187570492833e+02,2.619921416149041758e-03
-2.959445090525175033e+02,2.587249422574313881e-03
-2.952342711105231388e+02,2.566078933453155332e-03
-2.945244519482130841e+02,2.538614089825352253e-03
-2.938150474250231809e+02,2.508350358873799937e-03
-2.931060839141578072e+02,2.500697297754079715e-03
-2.923975432393188498e+02,2.521501007688781680e-03
-2.916893742648475722e+02,2.545743433155281659e-03
-2.909815445181213818e+02,2.544906634422676710e-03
-2.902740369435157390e+02,2.508132207672362102e-03
-2.895668292500512280e+02,2.445433536685332788e-03
-2.888599115498385004e+02,2.382640582106244388e-03
-2.881532880507028835e+02,2.341807069411093629e-03
-2.874469423692618193e+02,2.318825582522509882e-03
-2.867408412983957646e+02,2.293225165574753859e-03
-2.860349821649904243e+02,2.261370462931976567e-03
-2.853293963146781493e+02,2.241530654764655947e-03
-2.846241084596810538e+02,2.243869687881996922e-03
-2.839191291135191477e+02,2.253367187246636209e-03
-2.832144746792562273e+02,2.246534252509349051e-03
-2.825101712035655055e+02,2.213803259163812671e-03
-2.818062510177906574e+02,2.165315268990129337e-03
-2.811027582935666373e+02,2.122028906500949587e-03
-2.803997442216785885e+02,2.097748462669327303e-03
-2.796972466932123780e+02,2.085018318782026498e-03
-2.789952896401010207e+02,2.063836449508196173e-03
-2.782938988202242854e+02,2.025780469377580235e-03
-2.775931046993730433e+02,1.982072123528363407e-03
-2.768929323827181292e+02,1.948290571413903265e-03
-2.761933946679217229e+02,1.929318469795588895e-03
-2.754944964840630064e+02,1.917719308806691827e-03
-2.747962324579045230e+02,1.899998627577575809e-03
-2.740985830033530419e+02,1.866892576688821250e-03
-2.734015200831998413e+02,1.821874279235112699e-03
-2.727050132531661006e+02,1.776128173120229822e-03
-2.720090283162211904e+02,1.733358806191401128e-03
-2.713135240273661566e+02,1.683631659696252589e-03
-2.706184611676092118e+02,1.612715031038290019e-03
-2.699238072902301724e+02,1.515727972307846132e-03
-2.692295281868587722e+02,1.404406692028375763e-03
-2.685355876222962479e+02,1.302260245156423553e-03
-2.678419522774897814e+02,1.227695195135853875e-03
-2.671485900910290070e+02,1.178645118938931270e-03
-2.664554642461074536e+02,1.134594502725858175e-03
-2.657625410856078361e+02,1.072629248947662471e-03
-2.650698025981589012e+02,9.817013665081428166e-04
-2.643772351266243277e+02,8.671203262695474905e-04
-2.636848223178045032e+02,7.461001681665740655e-04
-2.629925495835159381e+02,6.383872484371347139e-04
-2.623004042522093187e+02,5.575836163382704097e-04
-2.616083718764404580e+02,5.056019279195105975e-04
-2.609164340876816368e+02,4.700691973444233972e-04
-2.602245736987193254e+02,4.292152623000978096e-04
-2.595327747970699761e+02,3.661378341482603334e-04
-2.588410246367255922e+02,2.805499999913034135e-04
-2.581493187060906962e+02,1.869320184372217253e-04
-2.574576577194821994e+02,1.037448089025196345e-04
-2.567660439440946334e+02,4.283132540962318792e-05
-2.560744793757062894e+02,2.810858723326614142e-06
-2.553829664154343959e+02,-2.996876427895170538e-05
-2.546915048256686873e+02,-7.245569556164662003e-05
-2.540000966769699176e+02,-1.356711542472253669e-04
-2.533087554622798336e+02,-2.202372468873990869e-04
-2.526174938630231850e+02,-3.158247352508699842e-04
-2.519263259966292594e+02,-4.070439935826013927e-04
-2.512352709474420749e+02,-4.847160970478511452e-04
-2.505443416260555125e+02,-5.520401447267567902e-04
-2.498535449508992201e+02,-6.207352855590651895e-04
-2.491628884915528204e+02,-7.036406276567847874e-04
-2.484723824252104691e+02,-8.080311022521960386e-04
-2.477820227889414468e+02,-9.308280098973983029e-04
-2.470917829092313411e+02,-1.060778330240960080e-03
-2.464016187945018146e+02,-1.186176314978128156e-03
-2.457114792563606045e+02,-1.298848391845702386e-03
-2.450213108368806729e+02,-1.393501455261126872e-03
-2.443310599180112206e+02,-1.468025183433913214e-03
-2.436406781259956915e+02,-1.523525503405849307e-03
-2.429501052672368928e+02,-1.562149814080207632e-03
-2.422592679155111739e+02,-1.587152727875390263e-03
-2.415681094707121019e+02,-1.604296601844629536e-03
-2.408766070173113292e+02,-1.619704684852023855e-03
-2.401847659073539489e+02,-1.637953624928546129e-03
-2.394926138922397172e+02,-1.662797075685326425e-03
-2.388001931399248576e+02,-1.695520002986171480e-03
-2.381075406419825242e+02,-1.733148822018156345e-03
-2.374146800062617046e+02,-1.772906498984456276e-03
-2.367216325523893374e+02,-1.817225063243337871e-03
-2.360284376453186894e+02,-1.872189241460984902e-03
-2.353351524824571186e+02,-1.945160493273681264e-03
-2.346418350023733694e+02,-2.044184165611779604e-03
-2.339485401342062971e+02,-2.173688728487331665e-03
-2.332553149252119056e+02,-2.330115723671064704e-03
-2.325621884292072821e+02,-2.503811373460606508e-03
-2.318691675790129807e+02,-2.682432336225612675e-03
-2.311762469997756568e+02,-2.852082403875045094e-03
-2.304834164703235047e+02,-3.000510796985823760e-03
-2.297906557819943316e+02,-3.120896203579830684e-03
-2.290979346308285187e+02,-3.211183905265475695e-03
-2.284052258085383471e+02,-3.273009525110109810e-03
-2.277125125124243255e+02,-3.312071943894185667e-03
-2.270197793793827827e+02,-3.335696808520361312e-03
-2.263270079392923151e+02,-3.351015282596131115e-03
-2.256341736481559508e+02,-3.366992488380550919e-03
-2.249412454531248216e+02,-3.393308056343299645e-03
-2.242481946784174056e+02,-3.434591361750039505e-03
-2.235550010090369426e+02,-3.489066896737677472e-03
-2.228616487583501566e+02,-3.552335224051059604e-03
-2.221681187717000512e+02,-3.619357362830941637e-03
-2.214743726241244133e+02,-3.685712282012460535e-03
-2.207803507830364538e+02,-3.749612108484319441e-03
-2.200859953292470550e+02,-3.811314716585738338e-03
-2.193912622798133043e+02,-3.872186982083647162e-03
-2.186961188364103350e+02,-3.935730273990666224e-03
-2.180005363060367074e+02,-4.005846674119247809e-03
-2.173044869203460507e+02,-4.082428514667610538e-03
-2.166079417363383186e+02,-4.161167720393968775e-03
-2.159108734937026668e+02,-4.236627886792738822e-03
-2.152132718865143772e+02,-4.303040436063489300e-03
-2.145151518696161190e+02,-4.355173636572403674e-03
-2.138165490894751031e+02,-4.390613848123899911e-03
-2.131175103044122636e+02,-4.410145022713194904e-03
-2.124180811410765273e+02,-4.418139938575209487e-03
-2.117183053354271465e+02,-4.423811535105822215e-03
-2.110182380907718880e+02,-4.438474125024610001e-03
-2.103179589537685956e+02,-4.469637438270747214e-03
-2.096175653476925049e+02,-4.517944744424980293e-03
-2.089171502767312631e+02,-4.577533267978632289e-03
-2.082167970358437969e+02,-4.638310936990315721e-03
-2.075165709869032753e+02,-4.691171727835431737e-03
-2.068165048754169391e+02,-4.732555266953654763e-03
-2.061166201644845728e+02,-4.763996234711512755e-03
-2.054169424914195758e+02,-4.790266860332017922e-03
-2.047174886253510238e+02,-4.818447409421625950e-03
-2.040182675809359978e+02,-4.855126011573336446e-03
-2.033192799107783344e+02,-4.902849513702308044e-03
-2.026205087999409216e+02,-4.958940685126046397e-03
-2.019219247274879763e+02,-5.016579221410839493e-03
-2.012234961198476526e+02,-5.068091905116989433e-03
-2.005251924371644634e+02,-5.110113191409857043e-03
-1.998269800293476521e+02,-5.146080201738547667e-03
-1.991288259902658240e+02,-5.182659989978786498e-03
-1.984306969882339331e+02,-5.224119595559350258e-03
-1.977325597954284149e+02,-5.269904846240337955e-03
-1.970343977398859181e+02,-5.316396110814521764e-03
-1.963362030582485716e+02,-5.361419188295919735e-03
-1.956379653153571212e+02,-5.407446688881945192e-03
-1.949396818202391160e+02,-5.459563564233964848e-03
-1.942413622749490969e+02,-5.520236309272881156e-03
-1.935430289840962814e+02,-5.586078816849729747e-03
-1.928447155460385147e+02,-5.648902017335913871e-03
-1.921464614846786674e+02,-5.700028927732576738e-03
-1.914483023459367246e+02,-5.734930410266483175e-03
-1.907502656472097726e+02,-5.754578761759627376e-03
-1.900523814498955346e+02,-5.763075991619482155e-03
-1.893546901885343630e+02,-5.765025862554960627e-03
-1.886572408055897085e+02,-5.764406133668518659e-03
-1.879600844622813156e+02,-5.763960620472073290e-03
-1.872632643091306193e+02,-5.765178191805930656e-03
-1.865668100320482097e+02,-5.768595273311668929e-03
-1.858707386926668903e+02,-5.773275632428588253e-03
-1.851750578552565969e+02,-5.776454917417417519e-03
-1.844797732215071449e+02,-5.774793930743722832e-03
-1.837848882629579066e+02,-5.766485349046686533e-03
-1.830903954811775805e+02,-5.752748730090004314e-03
-1.823962732530472977e+02,-5.737693067578171664e-03
-1.817024903190611838e+02,-5.726176416140722064e-03
-1.810090159578890052e+02,-5.721324673537338604e-03
-1.803158260851249395e+02,-5.724322885902929578e-03
-1.796228988951255587e+02,-5.736264233252491573e-03
-1.789302089211285249e+02,-5.759445519165900564e-03
-1.782377233505872312e+02,-5.796586098038696358e-03
-1.775454069818666767e+02,-5.848237848715211878e-03
-1.768532377136166360e+02,-5.910441243965435312e-03
-1.761612121318484583e+02,-5.975504134941277308e-03
-1.754693385854570806e+02,-6.035944228551346803e-03
-1.747776302306620266e+02,-6.088321797573622435e-03
-1.740861011749731802e+02,-6.134187465452550780e-03
-1.733947722694303479e+02,-6.178036690887318307e-03
-1.727036844970462255e+02,-6.224128057455305049e-03
-1.720129040714054440e+02,-6.274459770018401064e-03
-1.713225120714798209e+02,-6.328949622116658916e-03
-1.706325898947357018e+02,-6.386737825825676042e-03
-1.699432127905728009e+02,-6.446713346011743312e-03
-1.692544500130781557e+02,-6.506657343000843766e-03
-1.685663684110147074e+02,-6.561960632344580706e-03
-1.678790358901901527e+02,-6.605471287560508303e-03
-1.671925186484042172e+02,-6.629457658823116779e-03
-1.665068765669253423e+02,-6.628879427624909289e-03
-1.658221623839813788e+02,-6.603901279385655798e-03
-1.651384233677941893e+02,-6.560161081377482994e-03
-1.644557037275973528e+02,-6.506608357238700957e-03
-1.637740455890229327e+02,-6.451952961989046095e-03
-1.630934888055972181e+02,-6.401604157124923290e-03
-1.624140703505786121e+02,-6.356598541505300431e-03
-1.617358220387012580e+02,-6.314553879152366017e-03
-1.610587654243157658e+02,-6.271675342338787519e-03
-1.603829066429161117e+02,-6.225014269647244705e-03
-1.597082339078165205e+02,-6.175296993005160127e-03
-1.590347194719766719e+02,-6.130251456786791307e-03
-1.583623255285253606e+02,-6.111461955162205729e-03
-1.576910088910085506e+02,-6.153023842011214745e-03
-1.570205103853899118e+02,-6.259731636388286835e-03
-1.563509948698065841e+02,-6.379648632367248759e-03
-1.556826176109775020e+02,-6.456695933027545992e-03
-1.550149003696188856e+02,-6.451226111421004376e-03
-1.543482447010224234e+02,-6.332873891334079609e-03
-1.536828318288334287e+02,-6.171335489355495377e-03
-1.530177594561316141e+02,-6.113132434511131356e-03
-1.523530393000945651e+02,-6.168468937101071956e-03
-1.516896263916168266e+02,-6.216427067134643394e-03
-1.510273523088391983e+02,-6.218161452657665518e-03
-1.503656044357003623e+02,-6.198979419190102196e-03
-1.497052068414552934e+02,-6.138116762319158204e-03
-1.490465360703028068e+02,-6.073305159756891940e-03
-1.483887358366411604e+02,-6.113558234394151497e-03
-1.477321881865748310e+02,-6.246363327281386456e-03
-1.470779624691298011e+02,-6.354942527183178765e-03
-1.464258301404004783e+02,-6.400110309524933115e-03
-1.457756944238351480e+02,-6.402617959142854753e-03
-1.451282220079127114e+02,-6.364544078967901419e-03
-1.444836381913172829e+02,-6.324832095491684722e-03
-1.438417204538787075e+02,-6.358593349606742919e-03
-1.432027082394153297e+02,-6.467361231430266907e-03
-1.425672943559898727e+02,-6.576792554054841644e-03
-1.419356223996539086e+02,-6.639128160606166604e-03
-1.413076147624179555e+02,-6.647059854571408730e-03
-1.406837043894474562e+02,-6.596749634772646614e-03
-1.400640782213903606e+02,-6.517797490608362616e-03
-1.394484133882340302e+02,-6.469067198790730625e-03
-1.388368263217440983e+02,-6.463456528357264426e-03
-1.382296247327763865e+02,-6.468526333895476856e-03
-1.376266256697309700e+02,-6.469592248367140794e-03
-1.370276650827610752e+02,-6.470589141857717962e-03
-1.364327542547284509e+02,-6.468033540948927781e-03
-1.358417114176655502e+02,-6.456899740289291992e-03
-1.352543594285873780e+02,-6.435478784660740581e-03
-1.346705749241149590e+02,-6.403617380107110187e-03
-1.340901048763268193e+02,-6.365341512435827333e-03
-1.335127496534798013e+02,-6.326264816805318540e-03
-1.329383674262132331e+02,-6.297087001313235802e-03
-1.323666862188023288e+02,-6.297950224811903544e-03
-1.317974625654153726e+02,-6.339339802643767681e-03
-1.312305753214385788e+02,-6.400656555885791618e-03
-1.306659335522233505e+02,-6.439908006603242523e-03
-1.301034725940278634e+02,-6.427199306235519341e-03
-1.295430431599147028e+02,-6.369555626966186268e-03
-1.289844100085922776e+02,-6.299709323484429906e-03
-1.284274544265207680e+02,-6.243013001628626435e-03
-1.278721418736468252e+02,-6.204408163105894040e-03
-1.273184155323642273e+02,-6.179835042218551414e-03
-1.267662361419745594e+02,-6.165927753267561907e-03
-1.262155700750230807e+02,-6.159136795869774549e-03
-1.256663975207384993e+02,-6.150686560451490599e-03
-1.251187664149219216e+02,-6.127905885490335033e-03
-1.245727264003294863e+02,-6.087919674745229971e-03
-1.240282576302910371e+02,-6.048622718710702957e-03
-1.234853080229701021e+02,-6.037753686777197482e-03
-1.229438656612874752e+02,-6.068035235950364550e-03
-1.224040008394918573e+02,-6.125974362478857002e-03
-1.218657996262328851e+02,-6.185942889014985589e-03
-1.213292746713865711e+02,-6.229707249275523093e-03
-1.207944139442569593e+02,-6.249844939458564820e-03
-1.202612353088162536e+02,-6.243352374899618917e-03
-1.197297500423081402e+02,-6.210721106021146500e-03
-1.191999558351988355e+02,-6.159961162218682319e-03
-1.186718417096362685e+02,-6.107541309296912052e-03
-1.181453766971918924e+02,-6.071702127055659398e-03
-1.176205480505306582e+02,-6.059999938050292766e-03
-1.170974037101129284e+02,-6.062611021276753664e-03
-1.165760287816639647e+02,-6.061593060948427397e-03
-1.160564794061259875e+02,-6.048210100839838260e-03
-1.155387580275385773e+02,-6.029696965854550172e-03
-1.150228687611185165e+02,-6.020227857913896564e-03
-1.145088582330120630e+02,-6.029198813106192122e-03
-1.139967841669993334e+02,-6.058031199833747819e-03
-1.134866932737697880e+02,-6.102757350559046522e-03
-1.129786297480787596e+02,-6.155998295497682078e-03
-1.124726322329313604e+02,-6.206983971259772380e-03
-1.119687356883866016e+02,-6.241438891534864357e-03
-1.114669835812897105e+02,-6.245098892315563595e-03
-1.109674107602285034e+02,-6.212363497700853013e-03
-1.104700051232344151e+02,-6.152639487209723632e-03
-1.099747184709635803e+02,-6.085191346730411087e-03
-1.094815237289745369e+02,-6.026613770323729392e-03
-1.089904328985330011e+02,-5.984927156338681713e-03
-1.085014539316792366e+02,-5.964426880062463979e-03
-1.080145557689873357e+02,-5.970016618073324156e-03
-1.075296983983185015e+02,-6.002069724619024139e-03
-1.070468875516783669e+02,-6.048951655391109766e-03
-1.065661682802939794e+02,-6.089687658915803742e-03
-1.060875700541890581e+02,-6.106266765238331853e-03
-1.056110780189109732e+02,-6.092701914001359687e-03
-1.051366523490670204e+02,-6.052896597335203320e-03
-1.046642581730019685e+02,-5.993554622818801636e-03
-1.041938682833372098e+02,-5.921959494845609011e-03
-1.037254472350836494e+02,-5.848489577112949561e-03
-1.032589455251852399e+02,-5.786502493325326561e-03
-1.027943149648300079e+02,-5.747194549796533561e-03
-1.023315376377064325e+02,-5.735336461229384279e-03
-1.018706231961402722e+02,-5.750838261892600792e-03
-1.014115648431259160e+02,-5.792031933172515391e-03
-1.009543434445923822e+02,-5.854231284075262984e-03
-1.004989675884477975e+02,-5.925995009317703600e-03
-1.000454729671324117e+02,-5.990191456543208365e-03
-9.959389983659438883e+01,-6.030269555609681087e-03
-9.914427629086895877e+01,-6.035729010427401224e-03
-9.869662190233884758e+01,-6.003394073630001840e-03
-9.825094961558436069e+01,-5.937161308882954631e-03
-9.780724505423300741e+01,-5.848247536283227022e-03
-9.736547894399367920e+01,-5.753206876315098035e-03
-9.692563754958635514e+01,-5.668318886446065304e-03
-9.648773010824807272e+01,-5.604130131171583713e-03
-9.605178380687164008e+01,-5.564643563448788688e-03
-9.561782672737827227e+01,-5.550760698981849900e-03
-9.518587543389196526e+01,-5.562689998036721845e-03
-9.475593637254803525e+01,-5.597770400318667280e-03
-9.432803719335984738e+01,-5.646755834476568404e-03
-9.390223383057248441e+01,-5.694409684873629265e-03
-9.347857104042049059e+01,-5.725023942481251120e-03
-9.305707050943740910e+01,-5.727580917189669177e-03
-9.263774335621958755e+01,-5.697790523000302240e-03
-9.222057943114910472e+01,-5.638986838820229767e-03
-9.180552424992853844e+01,-5.562211124751286623e-03
-9.139249947192696766e+01,-5.483034852077316168e-03
-9.098143648541052642e+01,-5.415062557907069501e-03
-9.057227681615837867e+01,-5.363946674616779618e-03
-9.016497053431885433e+01,-5.325905176213092430e-03
-8.975947777090055979e+01,-5.292024405338571942e-03
-8.935572879567433802e+01,-5.255423529671133728e-03
-8.895361497139973039e+01,-5.215594486075261250e-03
-8.855303157356873101e+01,-5.177903138470085417e-03
-8.815387909161862012e+01,-5.150896458490860155e-03
-8.775605177037913052e+01,-5.143073753024631108e-03
-8.735943809673840121e+01,-5.158832344076746609e-03
-8.696394242926460549e+01,-5.194751384988743198e-03
-8.656949073772497627e+01,-5.239140618832264715e-03
-8.617601413031538016e+01,-5.275868281171646260e-03
-8.578345582292722327e+01,-5.290441952823445905e-03
-8.539176038028902838e+01,-5.275576350115460632e-03
-8.500086048525200511e+01,-5.233738899012805104e-03
-8.461069984085195017e+01,-5.175783668890321376e-03
-8.422122807955950918e+01,-5.116705168770043118e-03
-8.383239486152899644e+01,-5.069253019391799925e-03
-8.344420324107491638e+01,-5.037645298300032562e-03
-8.305671948630573809e+01,-5.016283771829587075e-03
-8.267003854974134924e+01,-4.995080295068863273e-03
-8.228426482816925613e+01,-4.966985990808370395e-03
-8.189949372187803078e+01,-4.931953574388023460e-03
-8.151581260138827645e+01,-4.894863699128884291e-03
-8.113332804873488158e+01,-4.860169944231381572e-03
-8.075217593728615384e+01,-4.828553351361919779e-03
-8.037249817155486653e+01,-4.797535948880762499e-03
-7.999442800071476256e+01,-4.763680261743554953e-03
-7.961809270217653989e+01,-4.724255631967024839e-03
-7.924360586519982519e+01,-4.678465053012041512e-03
-7.887105930814102805e+01,-4.628331742189683261e-03
-7.850052954149252571e+01,-4.578384165353075429e-03
-7.813207850558346479e+01,-4.533606913531764045e-03
-7.776575859043833816e+01,-4.496546112835776016e-03
-7.740162734090890240e+01,-4.465711064868760349e-03
-7.703973740280710558e+01,-4.436707072744651252e-03
-7.668012202355505735e+01,-4.405030017517576682e-03
-7.632280221899951300e+01,-4.368221403694168628e-03
-7.596778902238453668e+01,-4.326259489305008671e-03
-7.561508469340844840e+01,-4.280761861043599383e-03
-7.526469061991720366e+01,-4.234172854431526856e-03
-7.491660208148419997e+01,-4.189276157609095504e-03
-7.457080599354839023e+01,-4.148508768996131066e-03
-7.422729452925752014e+01,-4.113065171337194383e-03
-7.388606598569660378e+01,-4.082517435967339403e-03
-7.354711881260790562e+01,-4.055334956507143304e-03
-7.321045178072304793e+01,-4.029922084242908674e-03
-7.287605719101048862e+01,-4.005397431835751136e-03
-7.254391832900695647e+01,-3.981555730583729268e-03
-7.221401593319279755e+01,-3.958123692343322453e-03
-7.188633162295477064e+01,-3.933966414538553336e-03
-7.156085113866630820e+01,-3.907106673380469908e-03
-7.123756268105128697e+01,-3.875955770162867013e-03
-7.091644571856848245e+01,-3.840760831076498773e-03
-7.059746797484024228e+01,-3.803585454179243645e-03
-7.028059575332007114e+01,-3.766606688448121461e-03
-6.996580450468293577e+01,-3.730396477234538318e-03
-6.965307961161414596e+01,-3.693909194216722126e-03
-6.934240911955298259e+01,-3.656364374066947177e-03
-6.903377375920884162e+01,-3.619436866105181679e-03
-6.872713608451580569e+01,-3.587285166822062193e-03
-6.842245719218136912e+01,-3.563586908393207107e-03
-6.811971983848104628e+01,-3.548108326807786900e-03
-6.781892114569414787e+01,-3.536012301926126731e-03
-6.752006540472656582e+01,-3.520475754214467262e-03
-6.722314538742577383e+01,-3.496610803052430366e-03
-6.692813033389981570e+01,-3.463674435214819831e-03
-6.663498554443066269e+01,-3.424124346259960986e-03
-6.634368275396282399e+01,-3.381186912391823552e-03
-6.605419734133586473e+01,-3.337335299798013539e-03
-6.576650026219245149e+01,-3.294044322678445907e-03
-6.548055562982142419e+01,-3.251704949238740355e-03
-6.519633094400563778e+01,-3.209325064812675911e-03
-6.491380282032264404e+01,-3.164964693666223565e-03
-6.463295022729546702e+01,-3.117447303747263206e-03
-6.435374207665336144e+01,-3.068095349652334713e-03
-6.407613597726061982e+01,-3.020678000407684468e-03
-6.380009511423369872e+01,-2.979598983300583287e-03
-6.352559386714403189e+01,-2.948142923717179086e-03
-6.325260983893591771e+01,-2.927886919471971421e-03
-6.298111810672630639e+01,-2.918642958474090398e-03
-6.271109887725428678e+01,-2.918307675220222375e-03
-6.244254866352472533e+01,-2.923357216497283768e-03
-6.217546856140482703e+01,-2.930573614004312356e-03
-6.190984767393638322e+01,-2.938558674695895042e-03
-6.164565858751599592e+01,-2.946934908230588405e-03
-6.138287972857872887e+01,-2.953881289276069893e-03
-6.112151190687890079e+01,-2.955538878611323628e-03
-6.086155344184899718e+01,-2.948812331068844522e-03
-6.060297655985331033e+01,-2.934295398847687909e-03
-6.034573277910996580e+01,-2.915623781710751684e-03
-6.008977811923595880e+01,-2.896134299983681853e-03
-5.983508475087578660e+01,-2.876929866268850347e-03
-5.958162241495460876e+01,-2.858188244357548306e-03
-5.932934086713152055e+01,-2.841105731174169407e-03
-5.907818011015706361e+01,-2.827537986774452707e-03
-5.882809350635789514e+01,-2.818263291742769371e-03
-5.857904323300993354e+01,-2.812629522639487328e-03
-5.833098262567961001e+01,-2.809717207077300390e-03
-5.808385518982728257e+01,-2.808860522685726561e-03
-5.783761197322391467e+01,-2.809004961557042251e-03
-5.759222010888163368e+01,-2.808721506316655403e-03
-5.734764568815495522e+01,-2.807511106537900411e-03
-5.710384393849389539e+01,-2.806330788126538966e-03
-5.686077508294965810e+01,-2.806042242894194252e-03
-5.661842616707679809e+01,-2.805928537477775028e-03
-5.637680485659829799e+01,-2.804853828033275574e-03
-5.613591811256457476e+01,-2.803897314633115641e-03
-5.589576583040911828e+01,-2.806800832506923995e-03
-5.565636225389297209e+01,-2.817180306216911928e-03
-5.541775876583509586e+01,-2.835736194554359327e-03
-5.518003024146592850e+01,-2.860528669562125998e-03
-5.494325455231495425e+01,-2.889205137214805649e-03
-5.470750872456649461e+01,-2.920134400510528833e-03
-5.447287909910063775e+01,-2.951746577128308568e-03
-5.423947029717035662e+01,-2.981989287469899875e-03
-5.400738920796155185e+01,-3.009166448658264371e-03
-5.377672824947811847e+01,-3.032822275396182109e-03
-5.354756669011997872e+01,-3.052940026781955640e-03
-5.331998484244842729e+01,-3.068368422430111861e-03
-5.309406770844766754e+01,-3.077060123991261220e-03
-5.286988217780396582e+01,-3.078469706475678649e-03
-5.264746312309631548e+01,-3.075256517158856274e-03
-5.242682110116374616e+01,-3.071956227769152316e-03
-5.220796269631711795e+01,-3.071942852616052228e-03
-5.199089967710450111e+01,-3.076036767725916568e-03
-5.177563064799341674e+01,-3.083771150589215051e-03
-5.156212890134313653e+01,-3.094756273581880397e-03
-5.135035652004464168e+01,-3.108113533752517033e-03
-5.114028185942423477e+01,-3.121608700864307237e-03
-5.093187627838159415e+01,-3.133283818468494963e-03
-5.072510214821738828e+01,-3.145374127487315669e-03
-5.051990864327927255e+01,-3.169257578144338804e-03
-5.031624182064213358e+01,-3.225879835746489881e-03
-5.011380133203076781e+01,-3.319436284023027581e-03
-4.991251942905581984e+01,-3.399971556199858636e-03
-4.971306808372916208e+01,-3.405495996054062717e-03
-4.951537876639213209e+01,-3.362172538802691343e-03
-4.931838603640173346e+01,-3.356258477040058048e-03
-4.912203862280027522e+01,-3.393487481801881530e-03
-4.892730322153681044e+01,-3.403659153829738729e-03
-4.873413877256636084e+01,-3.386149848505619689e-03
-4.854148586657839104e+01,-3.415473496815786460e-03
-4.834930930694407891e+01,-3.498810330315397198e-03
-4.815834644402414710e+01,-3.549168187326876348e-03
-4.796882169811212293e+01,-3.513089779871533726e-03
-4.778039474345992943e+01,-3.445684849828364871e-03
-4.759242571733469163e+01,-3.433461148932464083e-03
-4.740499236923334081e+01,-3.482053839166855940e-03
-4.721868970020954492e+01,-3.520833931873336431e-03
-4.703373724221798824e+01,-3.505265527896932794e-03
-4.684991995379633067e+01,-3.471166639646964223e-03
-4.666684502390253897e+01,-3.478189471667694505e-03
-4.648458150395337896e+01,-3.525883114392523287e-03
-4.630365770442743667e+01,-3.554225891270303053e-03
-4.612441414103160753e+01,-3.526735594286194500e-03
-4.594667094595984480e+01,-3.481897038981343617e-03
-4.577003394450810703e+01,-3.480985985244150396e-03
-4.559460115839937089e+01,-3.524252464445775963e-03
-4.542097986609622495e+01,-3.555290455195548368e-03
-4.524943280338511187e+01,-3.544834429966379954e-03
-4.507967835409992574e+01,-3.528710926344180623e-03
-4.491149590583848550e+01,-3.552399623175277361e-03
-4.474503611895466548e+01,-3.609166249928571352e-03
-4.458065078022762151e+01,-3.651178777766576986e-03
-4.441854048234535668e+01,-3.650600230048298492e-03
-4.425854362716032142e+01,-3.631729573788248892e-03
-4.410037283440275502e+01,-3.635620801317275119e-03
-4.394402684212857224e+01,-3.665451800866543347e-03
-4.378978513746042012e+01,-3.687266737741204305e-03
-4.363779163963685193e+01,-3.685475244485012652e-03
-4.348783504159060698e+01,-3.697186545514861890e-03
-4.333962032240049211e+01,-3.780363346785579545e-03
-4.319311184512681479e+01,-3.958231219149978102e-03
-4.304843438835451508e+01,-4.199940992230167050e-03
