-1.449318614167973919e+03,3.242275081943778343e-03
-1.448452858697414740e+03,2.334693195817219308e-03
-1.447560185037609699e+03,1.341936604138714052e-03
-1.446638821504466023e+03,2.958621316329342423e-04
-1.445704314922718822e+03,-6.014846773452769838e-04
-1.444780640857645494e+03,-1.077923296414760087e-03
-1.443883354849289844e+03,-9.792282266427624563e-04
-1.443009437999805186e+03,-4.069023215815706189e-04
-1.442140237139606825e+03,3.020061158912060368e-04
-1.441251674659088167e+03,7.501178366330913793e-04
-1.440326145981534410e+03,6.960612903816467767e-04
-1.439363562838544567e+03,1.753530688071921215e-04
-1.438384681640626241e+03,-5.326984810388167048e-04
-1.437420101655277449e+03,-1.055353701727893868e-03
-1.436491410516995984e+03,-1.112252850275237794e-03
-1.435600308711458865e+03,-6.527841595666685837e-04
-1.434732377203341684e+03,1.186272746833636073e-04
-1.433867485500719567e+03,8.434619011000590383e-04
-1.432987772653351385e+03,1.184482552081245459e-03
-1.432082748477662108e+03,9.867785041893085800e-04
-1.431153603409213019e+03,3.492738650880914818e-04
-1.430213877132772041e+03,-4.220836261017460412e-04
-1.429282801879551698e+03,-9.554306158911061867e-04
-1.428374546170343592e+03,-9.857123039104436022e-04
-1.427491562106716628e+03,-4.822975642782826493e-04
-1.426626073324741583e+03,3.298606687057684551e-04
-1.425766193958162603e+03,1.070038691200598429e-03
-1.424901395178711255e+03,1.377140808615988192e-03
-1.424025665074471817e+03,1.078053361694160774e-03
-1.423139032271213864e+03,2.708469794671453448e-04
-1.422247177963464765e+03,-7.156044042986798226e-04
-1.421358413618246914e+03,-1.466646525020506506e-03
-1.420479283161560943e+03,-1.662598013119861908e-03
-1.419611649311749943e+03,-1.211120680727211787e-03
-1.418752778701489206e+03,-2.769207725816299082e-04
-1.417897303157830493e+03,7.909656376409105859e-04
-1.417039174404822688e+03,1.593075379993906136e-03
-1.416173129961331369e+03,1.824879579509276458e-03
-1.415296269991728877e+03,1.390661685525353564e-03
-1.414409604082881742e+03,4.471624291976480426e-04
-1.413518233108330605e+03,-6.484883456775210201e-04
-1.412629264269679652e+03,-1.475504024054652679e-03
-1.411748500606681091e+03,-1.716362593136116100e-03
-1.410878166188633259e+03,-1.281155619583537655e-03
-1.410016971733315131e+03,-3.379892323119418926e-04
-1.409161834760100646e+03,7.557861399489953624e-04
-1.408309635145495349e+03,1.587238260488147909e-03
-1.407458062028732002e+03,1.838106385901656491e-03
-1.406605705105174593e+03,1.405267008382491941e-03
-1.405751921307648445e+03,4.485661773794999375e-04
-1.404896709080847813e+03,-6.630240971576261419e-04
-1.404040482039640210e+03,-1.496905617047159225e-03
-1.403183575048347848e+03,-1.734144379568773294e-03
-1.402325426015163657e+03,-1.296917261972391341e-03
-1.401463555444986241e+03,-3.709779398718770853e-04
-1.400592808941302337e+03,6.780075604238546775e-04
-1.399705764070493615e+03,1.450634414782645204e-03
-1.398795147458360134e+03,1.661543355921873705e-03
-1.397857914723178283e+03,1.235455182106190907e-03
-1.396898789419180503e+03,3.229345379779435333e-04
-1.395930368104594891e+03,-7.604439622145740471e-04
-1.394968780867854775e+03,-1.643413198862570326e-03
-1.394027218515084996e+03,-2.020292233305586143e-03
-1.393111338601609077e+03,-1.749309961569159473e-03
-1.392218957120950336e+03,-8.987247811618257051e-04
-1.391343161457152519e+03,2.746246229187154753e-04
-1.390476092893115720e+03,1.407005646476226085e-03
-1.389611333413933153e+03,2.143227204362556978e-03
-1.388744670819542762e+03,2.252665389765821664e-03
-1.387874060806972011e+03,1.712392316036118797e-03
-1.386999378062410869e+03,7.252916596149346995e-04
-1.386121893784041276e+03,-3.460420651576782080e-04
-1.385243195468686736e+03,-1.116524991186326624e-03
-1.384363611630326432e+03,-1.334948597475174234e-03
-1.383480711030632392e+03,-9.881053196982585076e-04
-1.382588741654223213e+03,-2.994314188049298229e-04
-1.381679784846471193e+03,3.794138546480556079e-04
-1.380746783242303536e+03,7.286026709639395341e-04
-1.379787470725932053e+03,5.919877949257739509e-04
-1.378807143787481891e+03,2.562274128243392053e-05
-1.377818225723416617e+03,-7.417608070209626972e-04
-1.376836228688077881e+03,-1.404280217948969140e-03
-1.375874042804108512e+03,-1.690543781978946086e-03
-1.374937585452781377e+03,-1.458499292846597486e-03
-1.374024766793203298e+03,-7.471709104341777178e-04
-1.373127495185424323e+03,2.329240559349441981e-04
-1.372235005365370625e+03,1.170954615830551359e-03
-1.371337002617447069e+03,1.764465153041059643e-03
-1.370426117474041121e+03,1.825203729766259643e-03
-1.369499656048209545e+03,1.343699465195317662e-03
-1.368560330727262681e+03,4.918133301437055752e-04
-1.367615378132477417e+03,-4.349016409116399106e-04
-1.366673977431584035e+03,-1.115370305245499093e-03
-1.365743918284761776e+03,-1.312118009849190178e-03
-1.364829058320170589e+03,-9.575619280895074836e-04
-1.363928654097622712e+03,-1.853982941159573945e-04
-1.363038531340618647e+03,7.115828604107761468e-04
-1.362153183298216163e+03,1.388446367095988584e-03
-1.361267767801712580e+03,1.580448680733806920e-03
-1.360379391129916257e+03,1.206667194147399138e-03
-1.359487514255932410e+03,4.021034206066727095e-04
-1.358593568579533439e+03,-5.340646194409553451e-04
-1.357700011550159388e+03,-1.252779469858464508e-03
-1.356809189181263491e+03,-1.487649144954384609e-03
-1.355922432839916155e+03,-1.155710457118753337e-03
-1.355039691366202305e+03,-3.885439444861165238e-04
-1.354159734625416831e+03,5.181755516610637860e-04
-1.353280730836282146e+03,1.217645589590228908e-03
-1.352400918345888613e+03,1.444139819534506113e-03
-1.351519140031305596e+03,1.113567674848056329e-03
-1.350635088464952560e+03,3.537557820244249026e-04
-1.349749180337009875e+03,-5.469143550583468886e-04
-1.348862060820257966e+03,-1.252165225664708236e-03
-1.347973852202517719e+03,-1.507458043787672421e-03
-1.347083389329627607e+03,-1.235390971120706475e-03
-1.346187780782494428e+03,-5.590946590542130020e-04
-1.345282641092343056e+03,2.545476393925261084e-04
-1.344363185380217146e+03,9.058489219209718600e-04
-1.343426014965287095e+03,1.178739487502133108e-03
-1.342470940844636971e+03,1.014978505765648477e-03
-1.341501883719032321e+03,5.215677452109381126e-04
-1.340526088186107700e+03,-8.347110815968583912e-05
-1.339551657406819686e+03,-5.611724730515285859e-04
-1.338584371712748862e+03,-7.441661737428036626e-04
-1.337625289997700975e+03,-5.989048846517714721e-04
-1.336670364820756959e+03,-2.324571575470511027e-04
-1.335712360749441132e+03,1.617781629509425429e-04
-1.334744267629860815e+03,3.959473463693726457e-04
-1.333762696590475116e+03,3.725250544981243989e-04
-1.332769751533149474e+03,1.220395066793636282e-04
-1.331772570453418211e+03,-2.190330693520946390e-04
-1.330780810994136573e+03,-4.744492806269956509e-04
-1.329803290495349074e+03,-5.080203526295033745e-04
-1.328845290834876778e+03,-2.851190519993659868e-04
-1.327907555483782517e+03,1.095620096545377951e-04
-1.326987068580420555e+03,5.084368433148286903e-04
-1.326078892222309605e+03,7.382583891105282950e-04
-1.325178063570859877e+03,7.019272088325041086e-04
-1.324280824465651676e+03,4.231978049884002591e-04
-1.323384969483545774e+03,3.160919413348718741e-05
-1.322489521878753976e+03,-3.027093739000071655e-04
-1.321594124024718667e+03,-4.491587587895672150e-04
-1.320698486094246391e+03,-3.714564195760253337e-04
-1.319802077728463246e+03,-1.328467533005293715e-04
-1.318904073115648316e+03,1.454759942071093520e-04
-1.318003441422360766e+03,3.466567075907364746e-04
-1.317099049288465949e+03,4.077621306366484072e-04
-1.316189705678322071e+03,3.346838937182152721e-04
-1.315274176727785516e+03,1.822237075663818353e-04
-1.314351248239674987e+03,1.743307201739898940e-05
-1.313419870219511040e+03,-1.112790554626810817e-04
-1.312479317506413281e+03,-1.860855140805777266e-04
-1.311529244404398924e+03,-2.138455489762916681e-04
-1.310569580272856228e+03,-2.125859039947973928e-04
-1.309600375904110479e+03,-2.002442160205425209e-04
-1.308621822787669998e+03,-1.892968319025662685e-04
-1.307634590138411340e+03,-1.853971049800004554e-04
-1.306640367365160728e+03,-1.873295114185234917e-04
-1.305642248134135116e+03,-1.881078085735820248e-04
-1.304644571600770178e+03,-1.788079811934125546e-04
-1.303652113934707359e+03,-1.552174877941316132e-04
-1.302668927791634815e+03,-1.238552736667849791e-04
-1.301697371423453205e+03,-1.020041155992816335e-04
-1.300737774104997925e+03,-1.089089861361400942e-04
-1.299788819426625651e+03,-1.515956154408765395e-04
-1.298848346978262725e+03,-2.144583148716132652e-04
-1.297914117873191344e+03,-2.616366760987856675e-04
-1.296984223276713010e+03,-2.538342841346849467e-04
-1.296057103715325638e+03,-1.711167092626896696e-04
-1.295131381591718764e+03,-2.770050456161866109e-05
-1.294205755627405324e+03,1.316772985698046693e-04
-1.293279074545897856e+03,2.533210598057714287e-04
-1.292350518814396537e+03,3.022907050499679875e-04
-1.291419710335394484e+03,2.802036948882466894e-04
-1.290486608186964759e+03,2.226470736656704040e-04
-1.289551200349352484e+03,1.776864125761845397e-04
-1.288613162362548792e+03,1.779769447554634143e-04
-1.287671715203189933e+03,2.225771520613784157e-04
-1.286725827688394475e+03,2.787344389962292251e-04
-1.285774715356793195e+03,3.021311544520064395e-04
-1.284818398800406612e+03,2.633956992505967509e-04
-1.283858015580545043e+03,1.654775840023031425e-04
-1.282895681498929889e+03,4.232027851316043208e-05
-1.281933919969029603e+03,-5.985728424291061433e-05
-1.280974899136288286e+03,-1.078432741865860238e-04
-1.280019809573683688e+03,-9.915558708367871782e-05
-1.279068628956680868e+03,-6.236930014790963118e-05
-1.278120307528904050e+03,-3.985370665747522446e-05
-1.277173195099618169e+03,-6.268257314061403680e-05
-1.276225438503879104e+03,-1.320505027405445727e-04
-1.275275154159652857e+03,-2.177443360361375766e-04
-1.274320369492612144e+03,-2.742339489912939965e-04
-1.273358908911705157e+03,-2.648756507416722187e-04
-1.272388459281468840e+03,-1.806122393189949578e-04
-1.271406944609131870e+03,-4.357046920691719368e-05
-1.270413128422018190e+03,1.048069958535940315e-04
-1.269407173442916474e+03,2.229783076642936511e-04
-1.268390845721265350e+03,2.850481711133643486e-04
-1.267367196450547908e+03,2.860754845472037399e-04
-1.266339815919423927e+03,2.369672028919648219e-04
-1.265311979184897382e+03,1.545086422303638930e-04
-1.264286054837892607e+03,5.338129396051725348e-05
-1.263263392168344581e+03,-5.582128788797462165e-05
-1.262244632406640903e+03,-1.633261467222755928e-04
-1.261230170963613318e+03,-2.560731603741698355e-04
-1.260220458338829530e+03,-3.175257226357542208e-04
-1.259215979035735018e+03,-3.330582210955404304e-04
-1.258216982180772902e+03,-2.981326546422149461e-04
-1.257223202065770920e+03,-2.237000171792619086e-04
-1.256233804149651178e+03,-1.341631689398155021e-04
-1.255247636816843396e+03,-5.750817924333721950e-05
-1.254263669329998038e+03,-1.226293173345723576e-05
-1.253281378316670043e+03,1.552980296559868332e-06
-1.252300875053085065e+03,2.162311802609146990e-06
-1.251322716074978871e+03,1.625180065791881744e-05
-1.250347514353873294e+03,6.476711849490899241e-05
-1.249375565893858948e+03,1.517309798786956661e-04
-1.248406679037479535e+03,2.617548187338600068e-04
-1.247440268091840835e+03,3.671014922885367524e-04
-1.246475627636607896e+03,4.400660852242681514e-04
-1.245512219192087059e+03,4.639714391539574820e-04
-1.244549814881754855e+03,4.375345418498829985e-04
-1.243588432551639698e+03,3.716123005266660042e-04
-1.242628104637196202e+03,2.815973182235217737e-04
-1.241668590793356998e+03,1.804880766916900237e-04
-1.240709147508393471e+03,7.620277714532119949e-05
-1.239748423431966785e+03,-2.663471277299994726e-05
-1.238784495866240604e+03,-1.231184321326467192e-04
-1.237815032704587566e+03,-2.060545709594079837e-04
-1.236837558304701133e+03,-2.671619489572441366e-04
-1.235849800455452396e+03,-3.004575207815636116e-04
-1.234850076323529720e+03,-3.052086416771052318e-04
-1.233837637818364101e+03,-2.863202245508663008e-04
-1.232812868304403764e+03,-2.519828088694267207e-04
-1.231777238205027743e+03,-2.102400025467218323e-04
-1.230733000010630803e+03,-1.665802034946130001e-04
-1.229682707105918325e+03,-1.236415446637531633e-04
-1.228628720180857954e+03,-8.257146835260439953e-05
-1.227572869872537694e+03,-4.461727391948354111e-05
-1.226516365753227547e+03,-1.168688059072855842e-05
-1.225459921849040711e+03,1.436495177382950188e-05
-1.224403975838051110e+03,3.291722923174935603e-05
-1.223348863780052852e+03,4.509940428489597579e-05
-1.222294875425714508e+03,5.310129744687099252e-05
-1.221242209003850576e+03,5.872698366830391537e-05
-1.220190906523102285e+03,6.226026884965776343e-05
-1.219140846172992497e+03,6.248961283694930971e-05
-1.218091810766810568e+03,5.787358036098132501e-05
-1.217043588164329094e+03,4.798382594269082554e-05
-1.215996037001052855e+03,3.417380246593822835e-05
-1.214949080724373516e+03,1.901119068222808232e-05
-1.213902647843653995e+03,4.920275378980380046e-06
-1.212856613540625403e+03,-6.970683501421515141e-06
-1.211810791138092327e+03,-1.697831784077770675e-05
-1.210764979599146272e+03,-2.597663906419528330e-05
-1.209719029144658862e+03,-3.419377469087707020e-05
-1.208672874074972015e+03,-4.060708889739961345e-05
-1.207626507661311507e+03,-4.337173541653985547e-05
-1.206579917134308289e+03,-4.094830742554318097e-05
-1.205533024526058625e+03,-3.310791366009975279e-05
-1.204485672044828334e+03,-2.112421817519182383e-05
-1.203437656207295504e+03,-7.082630006623127797e-06
-1.202388780175364673e+03,7.129125084817907720e-06
-1.201338884172167582e+03,2.039693180141037302e-05
-1.200287834774198473e+03,3.213780160235790414e-05
-1.199235487749984941e+03,4.147542118142998172e-05
-1.198181660041463374e+03,4.648183414010824741e-05
-1.197126139993327570e+03,4.405943395920205503e-05
-1.196068738115970064e+03,3.057781668218733306e-05
-1.195009355518207485e+03,2.907824429543405438e-06
-1.193948042889374847e+03,-4.064349874035732576e-05
-1.192885041035522363e+03,-9.974221140269069004e-05
-1.191820817312748204e+03,-1.716467291347757934e-04
-1.190756118629202092e+03,-2.507540798966423671e-04
-1.189692041440299136e+03,-3.280401008710715155e-04
-1.188630084009419761e+03,-3.908453730046982711e-04
-1.187572122066742395e+03,-4.237900556001569720e-04
-1.186520258239644591e+03,-4.114316136014194831e-04
-1.185476540860702471e+03,-3.425449543699744521e-04
-1.184442608450031003e+03,-2.148954689613864560e-04
-1.183419360290976329e+03,-3.862108359916165259e-05
-1.182406756462488374e+03,1.636400281481168112e-04
-1.181403809476191782e+03,3.607285678338227608e-04
-1.180408764018723332e+03,5.202148245519392766e-04
-1.179419401837853911e+03,6.165283733764158076e-04
-1.178433380209605957e+03,6.370396243710260697e-04
-1.177448521562302176e+03,5.840356275553247644e-04
-1.176463006967909223e+03,4.723512812000563816e-04
-1.175475466107670400e+03,3.241640117475823400e-04
-1.174484983002399986e+03,1.632318444655081371e-04
-1.173491044317343267e+03,1.042436780562563260e-05
-1.172493451923890689e+03,-1.187456741524121331e-04
-1.171492215636128776e+03,-2.149452363416130244e-04
-1.170487443787018492e+03,-2.749707460541342473e-04
-1.169479257270517792e+03,-3.013188112938071091e-04
-1.168467757462633017e+03,-3.013024239961431365e-04
-1.167453069698357467e+03,-2.853170312764899083e-04
-1.166435458717194479e+03,-2.640981289669829175e-04
-1.165415478921822114e+03,-2.454844452986808733e-04
-1.164394096653422139e+03,-2.318424152074092062e-04
-1.163372719422689215e+03,-2.194216411830018736e-04
-1.162353093563111543e+03,-2.002962123872686689e-04
-1.161337078354754794e+03,-1.664262558884170454e-04
-1.160326351861704325e+03,-1.142726057687592979e-04
-1.159322130810991439e+03,-4.787885386166180736e-05
-1.158324982048599168e+03,2.125560759536377435e-05
-1.157334769265729847e+03,7.790025079799413072e-05
-1.156350731426566426e+03,1.091309016180246050e-04
-1.155371649085999479e+03,1.101228509725660952e-04
-1.154396037138440306e+03,8.698749227827352339e-05
-1.153422311461347135e+03,5.511608136977686850e-05
-1.152448904121598844e+03,3.350559946118216240e-05
-1.151474331935581858e+03,3.740411314267996112e-05
-1.150497241700334371e+03,7.238803891047354262e-05
-1.149516455502903682e+03,1.322948758295403526e-04
-1.148531024479471171e+03,2.016564673955528796e-04
-1.147540280158184714e+03,2.613119773474598725e-04
-1.146543861532928986e+03,2.946688266257553048e-04
-1.145541700540793499e+03,2.921259430942112450e-04
-1.144533966908949878e+03,2.523229813840072362e-04
-1.143520995454047352e+03,1.804658858756984956e-04
-1.142503231881446254e+03,8.521034699728846618e-05
-1.141481227875998229e+03,-2.406861827541314684e-05
-1.140455692834420688e+03,-1.383856744769876724e-04
-1.139427577928153823e+03,-2.485415877580486837e-04
-1.138398143659617972e+03,-3.437999256652452939e-04
-1.137368957913308805e+03,-4.113247890080263614e-04
-1.136341791988451860e+03,-4.375282812774779423e-04
-1.135318419991826204e+03,-4.114873615341674978e-04
-1.134300366537797117e+03,-3.293963373292192200e-04
-1.133288671836325648e+03,-1.981729858965982868e-04
-1.132283741470894256e+03,-3.627292950579968911e-05
-1.131285321189031720e+03,1.293619822382420059e-04
-1.130292596133455390e+03,2.697506715031479244e-04
-1.129304375706004748e+03,3.616716367327876304e-04
-1.128319304248652543e+03,3.939468054795404873e-04
-1.127336040434386177e+03,3.697663399075812448e-04
-1.126353371077751262e+03,3.041686911775371392e-04
-1.125370256668936008e+03,2.177837972020275751e-04
-1.124385832242342985e+03,1.294521978290508364e-04
-1.123399397789262821e+03,5.067809432787339816e-05
-1.122410424892379979e+03,-1.605272609430389557e-05
-1.121418585463248291e+03,-7.480228665762589271e-05
-1.120423785500674512e+03,-1.310425514137291271e-04
-1.119426173725618355e+03,-1.863861472660941767e-04
-1.118426097975711627e+03,-2.356484424698144001e-04
-1.117424001263491391e+03,-2.675971793526360477e-04
-1.116420276318986225e+03,-2.691095549773326592e-04
-1.115415120368370935e+03,-2.309761858021561914e-04
-1.114408439565482695e+03,-1.528596373727941456e-04
-1.113399840079034448e+03,-4.522083964266276809e-05
-1.112388714722471150e+03,7.274454637438229501e-05
-1.111374399483620664e+03,1.784639873000809529e-04
-1.110356348066256714e+03,2.525784503577797077e-04
-1.109334265955901856e+03,2.842324797603261780e-04
-1.108308161384456980e+03,2.731448991447996437e-04
-1.107278303612512900e+03,2.279245714948260806e-04
-1.106245116063558953e+03,1.616135135744657637e-04
-1.105209057864659144e+03,8.645882856357533955e-05
-1.104170551179928907e+03,1.006948398214817446e-05
-1.103129991368146420e+03,-6.559470910717764898e-05
-1.102087840346522853e+03,-1.422036050404739467e-04
-1.101044765328485710e+03,-2.210896380046922598e-04
-1.100001760993144671e+03,-2.992265060186817473e-04
-1.098960193244181710e+03,-3.670845238373914845e-04
-1.097921727372259284e+03,-4.095699416807553812e-04
-1.096888143249718269e+03,-4.100631030793813010e-04
-1.095861080095784928e+03,-3.563374420667290076e-04
-1.094841778564345987e+03,-2.462811465952882586e-04
-1.093830889742162526e+03,-9.116055826424933719e-05
-1.092828399524613360e+03,8.520455380982932777e-05
-1.091833681330021363e+03,2.516448417785574270e-04
-1.090845653137678028e+03,3.778749412789525084e-04
-1.089862988719396071e+03,4.431019961099164463e-04
-1.088884325005056553e+03,4.419927805775192265e-04
-1.087908418115491486e+03,3.858126696335412425e-04
-1.086934224002904784e+03,2.982798481350078983e-04
-1.085960906649107073e+03,2.076035494571324054e-04
-1.084987798102262559e+03,1.375223969157040010e-04
-1.084014344065271644e+03,1.004315220768300921e-04
-1.083040064831870268e+03,9.483296642266906651e-05
-1.082064547284388482e+03,1.077231816857715827e-04
-1.081087465707961428e+03,1.207563613666189274e-04
-1.080108614457353497e+03,1.177370858711301405e-04
-1.079127929421339559e+03,9.064982101925981293e-05
-1.078145479718892375e+03,4.211657985744666013e-05
-1.077161423950797598e+03,-1.640750876538728248e-05
-1.076175941192332175e+03,-6.978754043905379377e-05
-1.075189159342866560e+03,-1.055936470488361048e-04
-1.074201107226665044e+03,-1.192079568354750276e-04
-1.073211709993250906e+03,-1.156817546673033454e-04
-1.072220832048571992e+03,-1.076292863338577563e-04
-1.071228353581806914e+03,-1.099584908484100876e-04
-1.070234252624988585e+03,-1.334445557568356578e-04
-1.069238660038493890e+03,-1.796002009467695881e-04
-1.068241862241801982e+03,-2.388320438263582797e-04
-1.067244243817677670e+03,-2.926892965039693830e-04
-1.066246183407213039e+03,-3.195530642826473287e-04
-1.065247934061724209e+03,-3.018895380138209494e-04
-1.064249526992500705e+03,-2.326019559077071610e-04
-1.063250732268322281e+03,-1.182611259470195761e-04
-1.062251092742671062e+03,2.198722535122994351e-05
-1.061250024042624773e+03,1.615699269665689310e-04
-1.060246951708130609e+03,2.740113205766815771e-04
-1.059241443929331126e+03,3.403389380208108532e-04
-1.058233299321549339e+03,3.539592572003301971e-04
-1.057222563792569645e+03,3.215340161891299536e-04
-1.056209473929594651e+03,2.597951302479193313e-04
-1.055194348524765019e+03,1.895776042232204120e-04
-1.054177466650738552e+03,1.291755918289271834e-04
-1.053158974189200080e+03,8.920973081898308133e-05
-1.052138849525643536e+03,7.055754049349235166e-05
-1.051116937281633682e+03,6.578012462261471503e-05
-1.050093034341122120e+03,6.325887971599619913e-05
-1.049066993729109527e+03,5.235558502236872688e-05
-1.048038806042088709e+03,2.764548879057796620e-05
-1.047008627385635691e+03,-9.272148072461795185e-06
-1.045976743634726063e+03,-5.090260832087944976e-05
-1.044943485434134118e+03,-8.732047696109741894e-05
-1.043909127571621184e+03,-1.105185247690364540e-04
-1.042873812881102140e+03,-1.179001713793433265e-04
-1.041837531735073981e+03,-1.135327912841191438e-04
-1.040800166885133876e+03,-1.066459106293132271e-04
-1.039761587864262538e+03,-1.079176694840776492e-04
-1.038721758776724755e+03,-1.249514669227161660e-04
-1.037680816049485202e+03,-1.586771342862395705e-04
-1.036639081872244333e+03,-2.020951069972191721e-04
-1.035597001550200730e+03,-2.419468060782472456e-04
-1.034555021039995381e+03,-2.628506628674853675e-04
-1.033513444752356236e+03,-2.525521984079336546e-04
-1.032472324522988629e+03,-2.064928658930187595e-04
-1.031431424069609420e+03,-1.300605899579042367e-04
-1.030390281157228401e+03,-3.761915348898751125e-05
-1.029348359137311263e+03,5.149660223421043381e-05
-1.028305250083624514e+03,1.187633989366300425e-04
-1.027260873244706090e+03,1.521298882874496522e-04
-1.026215611099464468e+03,1.496871341002919790e-04
-1.025170341152823767e+03,1.201604624787462459e-04
-1.024126349969767944e+03,8.007825977980425041e-05
-1.023085148198136494e+03,4.850653536839193830e-05
-1.022048231437217282e+03,4.095440361255623339e-05
-1.021016844372569381e+03,6.429669131420188369e-05
-1.019991801831295788e+03,1.142942364311176992e-04
-1.018973402233904153e+03,1.765753896114916381e-04
-1.017961442498747374e+03,2.309203923922185898e-04
-1.016955317259034587e+03,2.576263108245419433e-04
-1.015954166685022528e+03,2.439717455192771706e-04
-1.014957030525941946e+03,1.886597266398852362e-04
-1.013962971999482761e+03,1.027097909746116638e-04
-1.012971150607369395e+03,6.422738361198442100e-06
-1.011980841839447862e+03,-7.665228636164789255e-05
-1.010991418142960924e+03,-1.268224406233468772e-04
-1.010002314961135767e+03,-1.341528770789847565e-04
-1.009013005656033101e+03,-1.012933759811717680e-04
-1.008023000854381962e+03,-4.236488114846577972e-05
-1.007031874993012593e+03,2.168472122246964609e-05
-1.006039310142241220e+03,6.972180195721007674e-05
-1.005045138640760456e+03,8.692290329494659182e-05
-1.004049364732264962e+03,6.908146559733623700e-05
-1.003052151716133835e+03,2.343151780469236625e-05
-1.002053772345252014e+03,-3.417526053313045352e-05
-1.001054532778317366e+03,-8.476394307409692533e-05
-1.000054690270120091e+03,-1.126221878212867151e-04
-9.990543882499603114e+02,-1.105488771694435523e-04
-9.980536281970985328e+02,-8.230345964626510202e-05
-9.970522871612026847e+02,-4.146599740643356485e-05
-9.960501759108404940e+02,-7.041353190909114389e-06
-9.950471196713526751e+02,2.828449470139259399e-06
-9.940430357188733979e+02,-2.292537435398082641e-05
-9.930379822894650488e+02,-8.411695759475436545e-05
-9.920321611029634141e+02,-1.684818242428023222e-04
-9.910258694621223867e+02,-2.545233755174105585e-04
-9.900194135983063006e+02,-3.172556994894046149e-04
-9.890130073088681684e+02,-3.352223387840290252e-04
-9.880066854848828370e+02,-2.967851355057375294e-04
-9.870002593657212628e+02,-2.038503021891239250e-04
-9.859933294867057612e+02,-7.189965276050336220e-05
-9.849853563305235866e+02,7.374795055872691580e-05
-9.839757724908041610e+02,2.044063099025285194e-04
-9.829641081292737681e+02,2.953674518449014397e-04
-9.819500969379462276e+02,3.320263340244349244e-04
-9.809337345264231089e+02,3.131012903847577261e-04
-9.799152739254520839e+02,2.501737715212984728e-04
-9.788951597457985372e+02,1.638508453268913288e-04
-9.778739191584518267e+02,7.777211626824808116e-05
-9.768520396756216542e+02,1.220293164695931596e-05
-9.758298665567297121e+02,-2.101975696385661348e-05
-9.748075461433293185e+02,-2.086546018159099504e-05
-9.737850277242492893e+02,3.724803281826600228e-06
-9.727621191315826081e+02,3.749477665494789757e-05
-9.717385757174292849e+02,6.414546846595345125e-05
-9.707141935886595547e+02,7.157028465790234628e-05
-9.696888779652625772e+02,5.546351120652162018e-05
-9.686626663257336531e+02,2.026937123853252826e-05
-9.676357011246499269e+02,-2.270146379125431135e-05
-9.666081631122448243e+02,-5.928168660414799822e-05
-9.655801885699860350e+02,-7.724787507166293223e-05
-9.645517986923201761e+02,-7.037179905374487743e-05
-9.635228650383145350e+02,-4.045136761127991374e-05
-9.624931227044017987e+02,3.292274099188424569e-06
-9.614622270600631282e+02,4.721814244639086535e-05
-9.604298355058498373e+02,7.766634478794663167e-05
-9.593956871557772956e+02,8.531501031836697540e-05
-9.583596539283954598e+02,6.809213928148827755e-05
-9.573217460502510221e+02,3.173808838444380000e-05
-9.562820699403267781e+02,-1.211407018517749526e-05
-9.552407525130641943e+02,-4.968691221110023426e-05
-9.541978578751053419e+02,-6.942558366604289935e-05
-9.531533257244105926e+02,-6.560381071345039417e-05
-9.521069547025825841e+02,-4.004693207837620790e-05
-9.510584402656286329e+02,-1.454151869984091122e-06
-9.500074589111908381e+02,3.742989454515276550e-05
-9.489537749420300088e+02,6.385916873607522855e-05
-9.478973375532957562e+02,6.903809802711199331e-05
-9.468383372613261599e+02,5.073537936288585325e-05
-9.457772019796111636e+02,1.377589522689782522e-05
-9.447145311619500490e+02,-3.168347185072810119e-05
-9.436509851459901483e+02,-7.350354781092166990e-05
-9.425871608652907980e+02,-1.014692983045136458e-04
-9.415234900053877709e+02,-1.105339994873909975e-04
-9.404601892937289449e+02,-1.023898341725733134e-04
-9.393972773733577242e+02,-8.486022261815684333e-05
-9.383346530660600138e+02,-6.927698978646870665e-05
-9.372722111591704106e+02,-6.663863382572787265e-05
-9.362099604022945414e+02,-8.374070139811177235e-05
-9.351481074492921834e+02,-1.204917602855165457e-04
-9.340870799609538153e+02,-1.692734662072724978e-04
-9.330274798130183171e+02,-2.165934640704102513e-04
-9.319699776595297180e+02,-2.466098042602566558e-04
-9.309151768497431476e+02,-2.455648165633723479e-04
-9.298634835822539344e+02,-2.058890405735960577e-04
-9.288150185007240225e+02,-1.287888727344099825e-04
-9.277695933880734174e+02,-2.451460634596921864e-05
-9.267267591258131461e+02,8.985861121881014927e-05
-9.256859122160470861e+02,1.945773772000828586e-04
-9.246464321042710708e+02,2.721298913076646876e-04
-9.236078146342092623e+02,3.115327928651579663e-04
-9.225697692746856546e+02,3.107702592570952107e-04
-9.215322583890215355e+02,2.767419933385152826e-04
-9.204954728065001746e+02,2.228256606009311979e-04
-9.194597541377423795e+02,1.648376363856920892e-04
-9.184254864138548555e+02,1.165892957649034722e-04
-9.173929851175544172e+02,8.629431888696473740e-05
-9.163624089305172902e+02,7.479727420906906151e-05
-9.153337103168790918e+02,7.605500318437500770e-05
-9.143066289406242504e+02,7.965253690114337901e-05
-9.132807199515847287e+02,7.454722669965599868e-05
-9.122554012020572145e+02,5.288003846648315417e-05
-9.112300018955891119e+02,1.268814936498550297e-05
-9.102037992774912709e+02,-4.129109679440368417e-05
-9.091760383457284433e+02,-9.892711228405066557e-05
-9.081459393435969787e+02,-1.476543118732541026e-04
-9.071127046546436077e+02,-1.761232196876157629e-04
-9.060755386037326389e+02,-1.774074546905628203e-04
-9.050336900771401361e+02,-1.508196516240614931e-04
-9.039865192115072432e+02,-1.018735813994863941e-04
-9.029335790872170264e+02,-4.053512526709378722e-05
-9.018746952860964257e+02,2.157710095148049237e-05
-9.008100223282217485e+02,7.411738748599765636e-05
-8.997400589014984007e+02,1.102000768947338345e-04
-8.986656128246474964e+02,1.273129236459515827e-04
-8.975877187507982171e+02,1.268814284673006954e-04
-8.965075240891840167e+02,1.128358658326878946e-04
-8.954261669780888724e+02,8.979617095864184768e-05
-8.943446714474046075e+02,6.152947018940684552e-05
-8.932638794891335010e+02,3.016443987834537896e-05
-8.921844286863263278e+02,-3.664509712972259460e-06
-8.911067709951283859e+02,-3.991696701937375827e-05
-8.900312178781092598e+02,-7.793481536455665044e-05
-8.889579915850356429e+02,-1.154728831700552850e-04
-8.878872637828458210e+02,-1.484364197036191352e-04
-8.868191701890283412e+02,-1.715295900105393305e-04
-8.857538002413568847e+02,-1.796738058672754299e-04
-8.846911710520467977e+02,-1.697428408144742407e-04
-8.836312012789868504e+02,-1.419979499283519780e-04
-8.825737005365575669e+02,-1.006570920891653630e-04
-8.815183845075987392e+02,-5.329044913264569287e-05
-8.804649167972486339e+02,-9.120536775883398040e-06
-8.794129685254114293e+02,2.331367579898262657e-05
-8.783622800371221047e+02,3.843178334122521065e-05
-8.773127076333614696e+02,3.511982089690220528e-05
-8.762642418690444401e+02,1.698742550776483821e-05
-8.752169922206999217e+02,-8.726641206030306193e-06
-8.741711428220290827e+02,-3.328409534469362892e-05
-8.731268922465160358e+02,-4.897617657252094787e-05
-8.720843948164734911e+02,-5.129353849255485965e-05
-8.710437197410292356e+02,-4.008811587909367384e-05
-8.700048385270359859e+02,-1.938839638253112561e-05
-8.689676424274889541e+02,4.051142708513726727e-06
-8.679319824068377329e+02,2.299179248924376423e-05
-8.668977180717704414e+02,3.203037181405455784e-05
-8.658647603435071005e+02,2.927065590159945790e-05
-8.648330950578467764e+02,1.683389589681602585e-05
-8.638027812029404231e+02,7.086459684037379578e-08
-8.627739255194697989e+02,-1.425033120487634777e-05
-8.617466418923754645e+02,-2.018786123141832919e-05
-8.607210079307810702e+02,-1.457533154837534794e-05
-8.596970311540418379e+02,1.954337982434150126e-06
-8.586746333431893845e+02,2.520312274755486648e-05
-8.576536553650757924e+02,4.882679746394521722e-05
-8.566338782760523145e+02,6.648325571425353067e-05
-8.556150519101497594e+02,7.402007772724846510e-05
-8.545969205771120869e+02,7.099531906302486851e-05
-8.535792369843720735e+02,6.103373346604205586e-05
-8.525617599072935491e+02,5.088676910712121152e-05
-8.515442367639622034e+02,4.846586215729894700e-05
-8.505263766906041383e+02,6.043003461382746567e-05
-8.495078224607234461e+02,9.004428764157423567e-05
-8.484881300151167807e+02,1.359413181322796258e-04
-8.474667616399136705e+02,1.921400095570583106e-04
-8.464430948850384766e+02,2.492993899984610154e-04
-8.454164458514497937e+02,2.968341082055136657e-04
-8.443861025927113815e+02,3.252856099813516977e-04
-8.433513631690831289e+02,3.283054178810744517e-04
-8.423115739709232912e+02,3.037716018843294205e-04
-8.412661656964604617e+02,2.538560899479483444e-04
-8.402146859471561129e+02,1.841798798672788617e-04
-8.391568281907889286e+02,1.024226275521422939e-04
-8.380924561734648250e+02,1.682475589100459136e-05
-8.370216214649462927e+02,-6.505565764301296993e-05
-8.359445699828985425e+02,-1.371341494936203283e-04
-8.348617328527373047e+02,-1.951199929650932060e-04
-8.337736988829755092e+02,-2.364769736127207494e-04
-8.326811692227628328e+02,-2.602039236285354456e-04
-8.315848991200292630e+02,-2.666105843687527387e-04
-8.304856359897871698e+02,-2.571886343003136535e-04
-8.293840652092194432e+02,-2.345552838494289669e-04
-8.282807742751664364e+02,-2.023389691667207670e-04
-8.271762420456869904e+02,-1.648701863110337788e-04
-8.260708533111049974e+02,-1.266544415443358136e-04
-8.249649322677821601e+02,-9.174634559711381877e-05
-8.238587836687819390e+02,-6.320371562001890204e-05
-8.227527288481271626e+02,-4.275116388197619749e-05
-8.216471261784914759e+02,-3.071074435465074779e-05
-8.205423710064791294e+02,-2.622828082930346301e-05
-8.194388768272007155e+02,-2.778151669997880376e-05
-8.183370452661355330e+02,-3.383703489668229281e-05
-8.172372351707754206e+02,-4.337641751518861346e-05
-8.161397402220812864e+02,-5.601363497489835234e-05
-8.150447810408320493e+02,-7.165436279303845151e-05
-8.139525118250264768e+02,-8.991881557623785379e-05
-8.128630365760756149e+02,-1.096324517803672364e-04
-8.117764266954325194e+02,-1.285571159619411765e-04
-8.106927308946264930e+02,-1.434133722645240068e-04
-8.096119732592280798e+02,-1.502736963997346480e-04
-8.085341401408024922e+02,-1.453996323255963110e-04
-8.074591620349897312e+02,-1.263816819679791669e-04
-8.063868988961489777e+02,-9.313717828185363499e-05
-8.053171352348080063e+02,-4.828089183880566462e-05
-8.042495915955943246e+02,3.273335184439926262e-06
-8.031839532834791271e+02,5.526736193735074101e-05
-8.021199117458814953e+02,1.013100076414913663e-04
-8.010572094301363677e+02,1.361081022799107967e-04
-7.999956748948867471e+02,1.564859628952308516e-04
-7.989352411542553227e+02,1.619072744378725534e-04
-7.978759437745171681e+02,1.543141691370498384e-04
-7.968178999726879965e+02,1.373625971381879673e-04
-7.957612757268224186e+02,1.153396043447709108e-04
-7.947062467222527857e+02,9.210889884384003575e-05
-7.936529631000269092e+02,7.038415520846949894e-05
-7.926015248338785568e+02,5.151686178620447013e-05
-7.915519697649823456e+02,3.579030602935770618e-05
-7.905042766560412701e+02,2.296512617947061736e-05
-7.894583788305636745e+02,1.274655609971355935e-05
-7.884141788373746067e+02,5.016892050542283991e-06
-7.873715577257985387e+02,-1.374356967407590020e-07
-7.863303797451685568e+02,-2.498167143711565269e-06
-7.852904987492843247e+02,-1.823886551632942238e-06
-7.842517668247274969e+02,1.931915057261333772e-06
-7.832140347692533169e+02,8.268236330971075160e-06
-7.821771490963290034e+02,1.588488274129942543e-05
-7.811409519994984976e+02,2.293690600305913434e-05
-7.801052905439634060e+02,2.790621625376076193e-05
-7.790700296382410670e+02,3.040246399689507594e-05
-7.780350470119288957e+02,3.107386879857575076e-05
-7.770002211327359873e+02,3.083043110452835184e-05
-7.759654232524792405e+02,3.026969523847894032e-05
-7.749305099889862731e+02,2.972451482181001850e-05
-7.738953119930583853e+02,2.947652879438661191e-05
-7.728596184893822283e+02,2.959972435799654005e-05
-7.718231697447973829e+02,2.964047697907746861e-05
-7.707856567954715956e+02,2.864293683615370855e-05
-7.697467215024801135e+02,2.572247339034933590e-05
-7.687059591306669972e+02,2.094810387386337157e-05
-7.676629246292562812e+02,1.589319463307274240e-05
-7.666171437273151241e+02,1.328698486796842490e-05
-7.655681232830080489e+02,1.582631981553122601e-05
-7.645153607473333750e+02,2.505181581760650153e-05
-7.634583604119829943e+02,4.126482665179136112e-05
-7.623966590679448245e+02,6.417245516903730292e-05
-7.613298547642805261e+02,9.297749017992837318e-05
-7.602576270808547179e+02,1.256509576719186459e-04
-7.591797541560596301e+02,1.587256661085217706e-04
-7.580961258001608485e+02,1.885177809240089956e-04
-7.570067506074109360e+02,2.127591156064052001e-04
-7.559117569239441536e+02,2.309932830131857786e-04
-7.548113831973860215e+02,2.436195811349292271e-04
-7.537059640882824851e+02,2.511302246510402456e-04
-7.525959152813525179e+02,2.543394537096217039e-04
-7.514817227346378559e+02,2.545140876045409815e-04
-7.503639355605670289e+02,2.526488369470943768e-04
-7.492431612361303905e+02,2.489113742276867513e-04
-7.481200544599166733e+02,2.432553712493237103e-04
-7.469952926206726715e+02,2.362854441633538069e-04
-7.458695551628261455e+02,2.288464104513690707e-04
-7.447435018759099421e+02,2.207441397378212078e-04
-7.436177448515903734e+02,2.105738969417186564e-04
-7.424928178427627472e+02,1.974859392965280466e-04
-7.413691445050020548e+02,1.831664519091636149e-04
-7.402470192014576469e+02,1.719453419584465118e-04
-7.391266035375692809e+02,1.688776893060973928e-04
-7.380079303090161602e+02,1.755180062346179337e-04
-7.368908887800705543e+02,1.862299410860658144e-04
-7.357752195659227255e+02,1.938630079490982858e-04
-7.346605763862771710e+02,2.013735142873771954e-04
-7.335465621398499252e+02,2.209508823124854465e-04
-7.324327223207446877e+02,2.595315479421113000e-04
-7.313185717523234644e+02,3.097933456231691837e-04
-7.302036374773251737e+02,3.559834293003338174e-04
-7.290875064019953697e+02,3.870857883902069710e-04
-7.279698903038972730e+02,4.043461879717909994e-04
-7.268506469566982560e+02,4.164360930530336033e-04
-7.257297350026469758e+02,4.295061801207100856e-04
-7.246072233326999594e+02,4.428030769469545815e-04
-7.234833028528089471e+02,4.502170522485941665e-04
-7.223582476411075959e+02,4.443946116373175361e-04
-7.212323944101655115e+02,4.226520354150406695e-04
-7.201061305130320989e+02,3.905957908856798463e-04
-7.189798693411698878e+02,3.585243315058895099e-04
-7.178540141802781136e+02,3.332924074908902670e-04
-7.167289323915274508e+02,3.136384514018171108e-04
-7.156049553666372276e+02,2.928969457332321336e-04
-7.144823848823741628e+02,2.653196995125759274e-04
-7.133614873615217675e+02,2.304553882642467778e-04
-7.122424918279526764e+02,1.934467311767558645e-04
-7.111255791577984837e+02,1.612584315738590677e-04
-7.100108515471714554e+02,1.371601807708811959e-04
-7.088983214371763779e+02,1.186190717468600778e-04
-7.077879280539260662e+02,1.009028379592785755e-04
-7.066795518274103642e+02,8.237991966477382455e-05
-7.055730241933737261e+02,6.630139973660815447e-05
-7.044681343011933450e+02,5.793286697463602392e-05
-7.033646304324283847e+02,5.995253549725497574e-05
-7.022622286691340605e+02,7.029720816657361354e-05
-7.011606489397174755e+02,8.438714212129890468e-05
-7.000596717443419266e+02,9.920823917099773402e-05
-6.989591683373206479e+02,1.149106484668170912e-04
-6.978591034441516285e+02,1.327052570074724032e-04
-6.967595378657606489e+02,1.516357123105332104e-04
-6.956606308914073225e+02,1.676877022978728740e-04
-6.945626439251905140e+02,1.765231515596882381e-04
-6.934659346346246593e+02,1.770270237986409120e-04
-6.923709246812348965e+02,1.712905470346771269e-04
-6.912780429028947538e+02,1.607957135752890077e-04
-6.901876725496285871e+02,1.436124513793092213e-04
-6.891001252736117522e+02,1.164701983506390831e-04
-6.880156390302348655e+02,7.909427767849548446e-05
-6.869343742521574541e+02,3.485051799367459889e-05
-6.858563952115633811e+02,-1.269857754204025007e-05
-6.847816607862139335e+02,-6.166220345661427467e-05
-6.837100370853529512e+02,-1.097469563613651577e-04
-6.826413234863448452e+02,-1.524088950015000852e-04
-6.815752695020985357e+02,-1.849882185445590483e-04
-6.805115747932338763e+02,-2.064067291642469556e-04
-6.794498926692864416e+02,-2.190383489392989903e-04
-6.783898483121323579e+02,-2.250296960413358859e-04
-6.773310641981159961e+02,-2.251711148864468486e-04
-6.762731805377101182e+02,-2.218153663270907216e-04
-6.752158645247858431e+02,-2.204130154326220639e-04
-6.741588131936158561e+02,-2.263799965309391978e-04
-6.731017588661985656e+02,-2.411682500178613596e-04
-6.720444760374963380e+02,-2.635726490604690031e-04
-6.709867754033979281e+02,-2.944541349983155151e-04
-6.699284760005240287e+02,-3.367297002847000412e-04
-6.688693740089374842e+02,-3.904389357725776490e-04
-6.678092197343362386e+02,-4.510375032645440774e-04
-6.667476989736742325e+02,-5.140494140993300595e-04
-6.656844247683378626e+02,-5.800709488410774528e-04
-6.646189405330459294e+02,-6.527662551213188639e-04
-6.635507264704434647e+02,-7.323454358416672501e-04
-6.624792194095996365e+02,-8.149572892849940142e-04
-6.614038467257518050e+02,-8.986666171296398215e-04
-6.603240627380409933e+02,-9.856175075142225347e-04
-6.592393938359061849e+02,-1.077240821523735683e-03
-6.581494785812282089e+02,-1.170140827051750721e-03
-6.570540943666570683e+02,-1.258787825803069733e-03
-6.559531759377489379e+02,-1.341484068806135044e-03
-6.548468230299820334e+02,-1.420216667033573745e-03
-6.537352914615182726e+02,-1.494411796017588393e-03
-6.526189695669278308e+02,-1.560084022423364591e-03
-6.514983483025165469e+02,-1.615836989274231812e-03
-6.503739812938854357e+02,-1.664159192131922692e-03
-6.492464405941090035e+02,-1.706179175821286075e-03
-6.481162730687699423e+02,-1.739566819041801510e-03
-6.469839610496486557e+02,-1.762745127209414684e-03
-6.458499023609134611e+02,-1.778560351851887246e-03
-6.447144152205549972e+02,-1.792149303270559099e-03
-6.435777536038644939e+02,-1.806592317484658665e-03
-6.424401228867697000e+02,-1.822563181939327887e-03
-6.413017017520901391e+02,-1.841712198623797220e-03
-6.401626630147070500e+02,-1.867668179839415124e-03
-6.390231883716014636e+02,-1.902191757148913569e-03
-6.378834821668513086e+02,-1.943222448102331591e-03
-6.367437736496131038e+02,-1.989044713796320370e-03
-6.356043070302774822e+02,-2.040529463226374053e-03
-6.344653337103525246e+02,-2.097132532735762438e-03
-6.333270999369150331e+02,-2.155388510797622784e-03
-6.321898290968350693e+02,-2.212758851216512640e-03
-6.310537104545769580e+02,-2.268839186270909646e-03
-6.299188866508446836e+02,-2.322485600998991026e-03
-6.287854506037999727e+02,-2.370696111925052821e-03
-6.276534568885034560e+02,-2.410507793165116586e-03
-6.265229293941330297e+02,-2.440638879443892458e-03
-6.253938686021934927e+02,-2.460935693938621008e-03
-6.242662722606362422e+02,-2.471099910808927883e-03
-6.231401621111893974e+02,-2.471241920500519013e-03
-6.220155990996400988e+02,-2.463438569200707053e-03
-6.208926916111007586e+02,-2.451267396115766519e-03
-6.197716092974144431e+02,-2.437648078313266620e-03
-6.186525921335316980e+02,-2.424222247203203836e-03
-6.175359349348580054e+02,-2.412868154933860750e-03
-6.164219587973968828e+02,-2.406314376693167219e-03
-6.153109902531173248e+02,-2.406398422156277080e-03
-6.142033436938036175e+02,-2.413058958537210152e-03
-6.130992946572492883e+02,-2.426012061422551901e-03
-6.119990555574260043e+02,-2.445670044059808802e-03
-6.109027666424053677e+02,-2.471375648195820417e-03
-6.098104954665415107e+02,-2.500487521532390647e-03
-6.087222359943118590e+02,-2.529828329557658965e-03
-6.076379090852201443e+02,-2.556566894463032421e-03
-6.065573693338652674e+02,-2.577636437509288683e-03
-6.054804130853123070e+02,-2.589811186206395378e-03
-6.044067850070563281e+02,-2.591041211035731082e-03
-6.033361828130166487e+02,-2.581384498895613125e-03
-6.022682651499638951e+02,-2.562425626709924961e-03
-6.012026666860122077e+02,-2.536198463242467747e-03
-6.001390124698083355e+02,-2.505211699172319676e-03
-5.990769289890205300e+02,-2.473098310000033852e-03
-5.980160583621330943e+02,-2.444001791535887948e-03
-5.969560724000720029e+02,-2.420998535378838211e-03
-5.958966768707923620e+02,-2.405823158232058175e-03
-5.948376043560095923e+02,-2.399876762816503112e-03
-5.937786051698036545e+02,-2.404344827370502938e-03
-5.927194402680019039e+02,-2.419272833204983396e-03
-5.916598690557242435e+02,-2.443383533649867712e-03
-5.905996318293573495e+02,-2.475018511891028967e-03
-5.895384356821581378e+02,-2.512784367763278275e-03
-5.884759520040346388e+02,-2.555005562807402195e-03
-5.874118193341189453e+02,-2.598950829804898884e-03
-5.863456445423912555e+02,-2.641167711404512810e-03
-5.852770076452243302e+02,-2.678439796095570449e-03
-5.842054778764122602e+02,-2.707982390676036931e-03
-5.831306378943952495e+02,-2.727186857806961247e-03
-5.820521065981714628e+02,-2.734195407257888465e-03
-5.809695607897990612e+02,-2.728844962224346443e-03
-5.798827639043282716e+02,-2.712607546200721063e-03
-5.787915979622740679e+02,-2.687862243271795567e-03
-5.776960816499505427e+02,-2.657646847296270959e-03
-5.765963780313284133e+02,-2.625696170488303009e-03
-5.754927988217847314e+02,-2.595966085361528508e-03
-5.743858006306743391e+02,-2.571734178816014512e-03
-5.732759667544336253e+02,-2.554979034433535641e-03
-5.721639734206975163e+02,-2.546445235822953224e-03
-5.710505563063277350e+02,-2.546101826636453999e-03
-5.699364840518895790e+02,-2.553329166533306691e-03
-5.688225242648767335e+02,-2.566737674783804279e-03
-5.677094037976062282e+02,-2.584216258569855054e-03
-5.665977843330962287e+02,-2.603365766355971583e-03
-5.654882524058346007e+02,-2.621765535228406593e-03
-5.643813055845531608e+02,-2.636925185755789255e-03
-5.632773367898895458e+02,-2.646418194458037554e-03
-5.621766322028978493e+02,-2.648369088392774681e-03
-5.610793808504927256e+02,-2.641811042294860742e-03
-5.599856826944686645e+02,-2.626579142642996786e-03
-5.588955531738375839e+02,-2.603126197944170047e-03
-5.578089362530183735e+02,-2.572674673163913989e-03
-5.567257239324865168e+02,-2.537272992651065651e-03
-5.556457663649955521e+02,-2.499140574499693866e-03
-5.545688701465910526e+02,-2.459848108132167005e-03
-5.534947974042113401e+02,-2.420436251522207777e-03
-5.524232649709782663e+02,-2.382132321649588821e-03
-5.513539399107797863e+02,-2.346308903053988867e-03
-5.502864254893761427e+02,-2.313785145027484006e-03
-5.492202538566874637e+02,-2.284838323777853026e-03
-5.481549000415466253e+02,-2.259968230777161923e-03
-5.470897873712179944e+02,-2.240074387575361446e-03
-5.460242938430295681e+02,-2.225803531008363739e-03
-5.449577711574253271e+02,-2.217247172196516042e-03
-5.438895811925748376e+02,-2.214398700058378688e-03
-5.428191368441682698e+02,-2.217334592100652854e-03
-5.417459293993595111e+02,-2.225497844154250299e-03
-5.406695613315977198e+02,-2.237125143060323968e-03
-5.395897756790878930e+02,-2.249944931212847533e-03
-5.385064795191227631e+02,-2.262333465068460357e-03
-5.374197258590776300e+02,-2.273213285950780472e-03
-5.363297027622427322e+02,-2.280942411585346746e-03
-5.352367468715528958e+02,-2.283136090860512970e-03
-5.341413095040161352e+02,-2.277492877937872893e-03
-5.330439181220209548e+02,-2.261997012648057481e-03
-5.319451215306851282e+02,-2.234802435102250379e-03
-5.308454579762328649e+02,-2.195039633143129262e-03
-5.297454493884350768e+02,-2.143518127041677598e-03
-5.286455597278085179e+02,-2.081841599477736622e-03
-5.275461785293133516e+02,-2.011242856296828474e-03
-5.264476176331284023e+02,-1.933119636904215635e-03
-5.253501181525813308e+02,-1.850129291903559754e-03
-5.242538366881308320e+02,-1.765622998245170230e-03
-5.231588442162321826e+02,-1.682201486537668583e-03
-5.220651972469141811e+02,-1.601453437569254562e-03
-5.209729309682868461e+02,-1.524120967108920626e-03
-5.198820467719216367e+02,-1.449300426315606018e-03
-5.187925267907269244e+02,-1.374530873660965947e-03
-5.177043307020526299e+02,-1.297791011127221719e-03
-5.166174284156621752e+02,-1.218458977988242861e-03
-5.155317782899168151e+02,-1.136058630645565837e-03
-5.144473285543207339e+02,-1.049993127801965775e-03
-5.133640452959785989e+02,-9.616076521444228385e-04
-5.122818846935120973e+02,-8.747640958286746283e-04
-5.112008071780137470e+02,-7.929331514719301652e-04
-5.101207822791736248e+02,-7.171753707696126206e-04
-5.090417995701183713e+02,-6.476520047231386270e-04
-5.079638819664527318e+02,-5.845034688199646179e-04
-5.068870264089192119e+02,-5.256491020447064469e-04
-5.058112208089305000e+02,-4.661148882049604304e-04
-5.047364520716097331e+02,-4.015857936363452117e-04
-5.036626785912835658e+02,-3.309686124807294434e-04
-5.025898515902869690e+02,-2.549106756763509264e-04
-5.015178877022702864e+02,-1.749628877724018934e-04
-5.004466746292918629e+02,-9.503018156311074068e-05
-4.993761147886359026e+02,-2.027275557017767753e-05
-4.983061205337378965e+02,4.693809732062901007e-05
-4.972365920143901121e+02,1.080065879959035224e-04
-4.961674204965395347e+02,1.647753130381251596e-04
-4.950984972397947672e+02,2.178218336089038430e-04
-4.940297101717405326e+02,2.684345914344632108e-04
-4.929609363567645346e+02,3.192599619336751438e-04
-4.918920552393192906e+02,3.720747440829708726e-04
-4.908229736022458383e+02,4.269581582126594048e-04
-4.897535867307701096e+02,4.835708826347499627e-04
-4.886837547490683846e+02,5.410394809288929501e-04
-4.876133476176204340e+02,5.967266732926961243e-04
-4.865422837207436828e+02,6.472178828973105527e-04
-4.854704962679844016e+02,6.910138665037972956e-04
-4.843979194599356788e+02,7.292419683259855233e-04
-4.833245107320057627e+02,7.637647168873557945e-04
-4.822502483870260335e+02,7.958288309599267875e-04
-4.811751132230292001e+02,8.267567563411390213e-04
-4.800990673122685166e+02,8.586808678178245577e-04
-4.790220886449083650e+02,8.936823691970056764e-04
-4.779441648582574089e+02,9.322996179581071428e-04
-4.768652700867070280e+02,9.733719424421721561e-04
-4.757853811926877938e+02,1.015641842141831817e-03
-4.747044813038218081e+02,1.059176735601827712e-03
-4.736225505682504604e+02,1.104782191443016287e-03
-4.725395618899864871e+02,1.152283441036562345e-03
-4.714555064592860845e+02,1.200244782777743716e-03
-4.703704141016201561e+02,1.247690906296442708e-03
-4.692843162757226878e+02,1.295244754349445188e-03
-4.681972265944104379e+02,1.343984505600484330e-03
-4.671091814773087663e+02,1.393728434581979671e-03
-4.660202318134149095e+02,1.442965383118904052e-03
-4.649304284991013105e+02,1.490171854990887538e-03
-4.638398203102412936e+02,1.534863810224354865e-03
-4.627484530939236151e+02,1.577720876141531624e-03
-4.616563822988453580e+02,1.619749259690028568e-03
-4.605636486630825743e+02,1.661200804085682416e-03
-4.594702871574735923e+02,1.702081688529913242e-03
-4.583763270639112761e+02,1.743566279225160567e-03
-4.572817719917741215e+02,1.787116786122485519e-03
-4.561866293436857518e+02,1.831872605591918640e-03
-4.550909121915522633e+02,1.874716426620099286e-03
-4.539946271954834742e+02,1.913442325551613669e-03
-4.528977793470793358e+02,1.948210440666484989e-03
-4.518003910901368840e+02,1.980208053771301442e-03
-4.507025113852506024e+02,2.012290008880399800e-03
-4.496041984966107634e+02,2.054161397322387759e-03
-4.485055398280989039e+02,2.123523781686993770e-03
-4.474069485655876974e+02,2.222091132118875559e-03
-4.463085715489798417e+02,2.304636438754980796e-03
-4.452097851921089955e+02,2.315008452411987123e-03
-4.441108702090277234e+02,2.269050295183428368e-03
-4.430129406890529253e+02,2.251082646554767794e-03
-4.419165847075580587e+02,2.315080719035072544e-03
-4.408219199372967410e+02,2.425042480990837520e-03
-4.397289180827871178e+02,2.496519898859092621e-03
-4.386377954880095444e+02,2.483686705543902522e-03
-4.375491596168349133e+02,2.427413890128555293e-03
-4.364638739276006163e+02,2.415741679969191959e-03
-4.353825041009549182e+02,2.491872656416537456e-03
-4.343049098483792818e+02,2.612705460801829742e-03
-4.332307260779529656e+02,2.703975469942743529e-03
-4.321599944391323334e+02,2.730293724227013386e-03
-4.310925346388569324e+02,2.707605438803994957e-03
-4.300280137252886448e+02,2.683349310648314168e-03
-4.289662893469957226e+02,2.701036359776644215e-03
-4.279066958571357304e+02,2.755754155265178768e-03
-4.268481867304444108e+02,2.795599344089500990e-03
-4.257899004574684341e+02,2.775862830525548108e-03
-4.247311449327724517e+02,2.699716125391562593e-03
-4.236713551405695171e+02,2.611925073401439191e-03
-4.226102125610422604e+02,2.560627405580290488e-03
-4.215473838798260999e+02,2.555825451464739575e-03
-4.204823574767274863e+02,2.562677359620848909e-03
-4.194147383969841485e+02,2.541728573224348239e-03
-4.183445730108152816e+02,2.492834095784336821e-03
-4.172722984181044126e+02,2.451803233182314832e-03
-4.161983785009097119e+02,2.445375836770858399e-03
-4.151231037148108953e+02,2.458939186611066273e-03
-4.140467229618520832e+02,2.453356296908824202e-03
-4.129696370022070937e+02,2.409500041732653107e-03
-4.118924604352802135e+02,2.350394450362584039e-03
-4.108159021974640837e+02,2.317671999667416001e-03
-4.097405268519992774e+02,2.328593944950521372e-03
-4.086666311988955727e+02,2.359782962999547231e-03
-4.075943922969831874e+02,2.372851114788932306e-03
-4.065240713599659443e+02,2.351421059430737481e-03
-4.054560265158943935e+02,2.311906641134580612e-03
-4.043905944604820206e+02,2.282829396777062703e-03
-4.033279659969584827e+02,2.277028151015761479e-03
-4.022681336049475362e+02,2.284233757595378021e-03
-4.012110047997088600e+02,2.289914953493209400e-03
-4.001565671642889015e+02,2.295852352976494957e-03
-3.991048427074443339e+02,2.315027068044303582e-03
-3.980556845796530752e+02,2.349786016940703156e-03
-3.970087304995660702e+02,2.386917468100287817e-03
-3.959635647481733827e+02,2.416629965085132468e-03
-3.949198190944965177e+02,2.445950936921581238e-03
-3.938770675788957760e+02,2.487245588534118482e-03
-3.928346879835763730e+02,2.540778426147612037e-03
-3.917919017502694601e+02,2.596953774864938641e-03
-3.907479294914625711e+02,2.652259008769425417e-03
-3.897020428154981460e+02,2.713565674001594367e-03
-3.886534806630787102e+02,2.785339705491296416e-03
-3.876013994022371776e+02,2.860128417448458589e-03
-3.865449606371772688e+02,2.926567115846920742e-03
-3.854834649568332452e+02,2.983033271831749770e-03
-3.844163908418197479e+02,3.037382760600077208e-03
-3.833433347495570729e+02,3.093229241169299665e-03
-3.822639849689542757e+02,3.141526795526211700e-03
-3.811782101499132978e+02,3.167600703227030877e-03
-3.800861643954741567e+02,3.162255904239991144e-03
-3.789882846538363310e+02,3.122737441267935815e-03
-3.778852242569805640e+02,3.046913051431162332e-03
-3.767778483039530215e+02,2.933055951828783710e-03
-3.756672828480189423e+02,2.785429804721203592e-03
-3.745549081964817333e+02,2.614598986972387594e-03
-3.734422712176453274e+02,2.428963758206087453e-03
-3.723309980051477055e+02,2.227127964441705937e-03
-3.712227565023111993e+02,2.000421036700823427e-03
-3.701192328779316085e+02,1.743966170980991741e-03
-3.690220908916329563e+02,1.466471197582473176e-03
-3.679329077685238758e+02,1.189776118748529267e-03
-3.668530889591223172e+02,9.380364771790537055e-04
-3.657837817624995864e+02,7.260391017940928410e-04
-3.647258198914639138e+02,5.564911489201254668e-04
-3.636797176974553167e+02,4.266054623063160987e-04
-3.626456981564619468e+02,3.360978866273658093e-04
-3.616237225232311516e+02,2.894769666426782193e-04
-3.606134953414656934e+02,2.919140040132032327e-04
-3.596144661541551955e+02,3.437422322475570317e-04
-3.586258747123877697e+02,4.391858788178516380e-04
-3.576468317088197182e+02,5.693795786101824019e-04
-3.566763818055620163e+02,7.248242477472398217e-04
-3.557135318796022148e+02,8.951289336542111530e-04
-3.547572823551416832e+02,1.069325541734006488e-03
-3.538066797014799363e+02,1.238614556169545609e-03
-3.528608561643190455e+02,1.397987243858704771e-03
-3.519190380863635710e+02,1.544192862979432710e-03
-3.509805447679496524e+02,1.673421503454213454e-03
-3.500447932289376354e+02,1.782152918887722160e-03
-3.491113032971803136e+02,1.869000023424593213e-03
-3.481796922434211297e+02,1.934296314113255217e-03
-3.472496591477482184e+02,1.978786340080570649e-03
-3.463209690258080968e+02,2.003864745720851555e-03
-3.453934404290592397e+02,2.011922728838157984e-03
-3.444669356426709896e+02,2.005044555248041652e-03
-3.435413526041459136e+02,1.984400967035120263e-03
-3.426166167604962993e+02,1.952271680216614369e-03
-3.416926761366403866e+02,1.913471054433723510e-03
-3.407694967448344414e+02,1.873166868618862278e-03
-3.398470520493844447e+02,1.834071139210014445e-03
-3.389253191995541101e+02,1.796723550808505213e-03
-3.380042797939411230e+02,1.760950850570473054e-03
-3.370839129394137785e+02,1.725584820438507989e-03
-3.361641952028996911e+02,1.688435787419597257e-03
-3.352451122116632973e+02,1.648543468657938989e-03
-3.343266674540612939e+02,1.607360232796253797e-03
-3.334088736015559675e+02,1.566217951653717591e-03
-3.324917349709498922e+02,1.524030326503356472e-03
-3.315752502934399786e+02,1.478954730535846866e-03
-3.306594213074480422e+02,1.430531419500738911e-03
-3.297442449359982675e+02,1.378347231048534290e-03
-3.288297137429440227e+02,1.320577509657337029e-03
-3.279158286324153551e+02,1.256305138142663636e-03
-3.270026044076340668e+02,1.187585610234608621e-03
-3.260900600970732626e+02,1.116819935859564988e-03
-3.251782054132581834e+02,1.044057401031184317e-03
-3.242670447532955222e+02,9.693367686606913078e-04
-3.233565827106232859e+02,8.950955121009024221e-04
-3.224468176503586960e+02,8.231047863405262883e-04
-3.215377413873650312e+02,7.514381546098124719e-04
-3.206293494659589101e+02,6.776594130827838514e-04
-3.197216461788037805e+02,6.023481015481657640e-04
-3.188146309624218588e+02,5.262859089107800072e-04
-3.179082869507035412e+02,4.475566045198459608e-04
-3.170025882610830763e+02,3.653367182084925292e-04
-3.160975047473107793e+02,2.831717862661410384e-04
-3.151930049116701298e+02,2.043870605210356588e-04
-3.142890636621321505e+02,1.276079687988769095e-04
-3.133856618621892949e+02,5.063306179330282316e-05
-3.124827805438807218e+02,-2.525484439293950364e-05
-3.115803981150073696e+02,-9.895934192246840573e-05
-3.106784918758276604e+02,-1.734182954279638836e-04
-3.097770355726066214e+02,-2.514832408459870793e-04
-3.088759994631556083e+02,-3.318628363897409284e-04
-3.079753638491640686e+02,-4.132761947532250673e-04
-3.070751197541150646e+02,-4.986079150304755219e-04
-3.061752611646214746e+02,-5.906153983820954965e-04
-3.052757885713882615e+02,-6.873745252514989069e-04
-3.043766998848550429e+02,-7.864009168859483834e-04
-3.034779811026377274e+02,-8.895909033287142378e-04
-3.025796097661067847e+02,-9.994963588248217436e-04
-3.016815565242019943e+02,-1.113953863859579131e-03
-3.007838043628814830e+02,-1.228867791290087514e-03
-2.998863560377146200e+02,-1.343284231946456544e-03
-2.989892197167802692e+02,-1.457162363906900184e-03
-2.980924081156203442e+02,-1.567115480584567802e-03
-2.971959261960573713e+02,-1.669788082916748295e-03
-2.962997622882143673e+02,-1.767667396755131680e-03
-2.954038980294953944e+02,-1.866409848506130021e-03
-2.945083120302283533e+02,-1.967813783363755488e-03
-2.936129968711035758e+02,-2.070552671667339178e-03
-2.927179691710479119e+02,-2.176304423456192419e-03
-2.918232575333159957e+02,-2.288921890021230511e-03
-2.909288969018114130e+02,-2.408107064462938502e-03
-2.900349138640187334e+02,-2.530201758081941556e-03
-2.891413252906210118e+02,-2.655040560680411825e-03
-2.882481501324725173e+02,-2.785851244281106406e-03
-2.873554021806172614e+02,-2.922423031143169588e-03
-2.864631010207422150e+02,-3.060111923661670928e-03
-2.855712852964397257e+02,-3.195306382620070364e-03
-2.846799982335988943e+02,-3.326490372371493538e-03
-2.837892709601646857e+02,-3.450684507295512758e-03
-2.828991201764044376e+02,-3.564612877666468570e-03
-2.820095564820272784e+02,-3.669370296967886837e-03
-2.811205860276749604e+02,-3.768916855850204268e-03
-2.802322084811061131e+02,-3.863903281757267820e-03
-2.793444311161686073e+02,-3.951389420518385334e-03
-2.784572846442112564e+02,-4.030422654761163341e-03
-2.775708164470206043e+02,-4.103706361921376049e-03
-2.766850681991096508e+02,-4.174185842256106400e-03
-2.758000601689340101e+02,-4.243899085630016728e-03
-2.749158032829309946e+02,-4.315320924120974282e-03
-2.740323113368269219e+02,-4.389450962710865489e-03
-2.731495948857900089e+02,-4.462558569642582386e-03
-2.722676708777972863e+02,-4.528392402307261297e-03
-2.713865767107125180e+02,-4.584001591171226429e-03
-2.705063590153705491e+02,-4.631206510745357156e-03
-2.696270544396805917e+02,-4.673399490336955023e-03
-2.687486810593720747e+02,-4.714253194678131101e-03
-2.678712440564245298e+02,-4.759091401368060331e-03
-2.669947470046475360e+02,-4.813474588760987757e-03
-2.661191974649231611e+02,-4.879044692419768139e-03
-2.652446146781531411e+02,-4.952797545413435004e-03
-2.643710369785339367e+02,-5.030411467814035163e-03
-2.634985187579458739e+02,-5.107670724186516228e-03
-2.626271176444882371e+02,-5.179136621262707060e-03
-2.617568781160111939e+02,-5.239513814862950883e-03
-2.608878334666296723e+02,-5.287959012349545060e-03
-2.600200160634740314e+02,-5.329268618520984283e-03
-2.591534524101714396e+02,-5.370459824455719143e-03
-2.582881632307681343e+02,-5.417608073237187120e-03
-2.574241755367743849e+02,-5.475192067978164150e-03
-2.565615271157898860e+02,-5.545146371386956707e-03
-2.557002595671891640e+02,-5.624394088372737521e-03
-2.548404079399749946e+02,-5.704206071232263003e-03
-2.539820013233319003e+02,-5.774104885502341113e-03
-2.531250691525961543e+02,-5.827388701055118657e-03
-2.522696351076874635e+02,-5.863026482041761890e-03
-2.514157107726943252e+02,-5.883664040190022572e-03
-2.505633060681510642e+02,-5.893779846990997336e-03
-2.497124404153882153e+02,-5.898970098598385441e-03
-2.488631351507004013e+02,-5.904164287836790800e-03
-2.480154002168359568e+02,-5.911795517423480868e-03
-2.471692371853804957e+02,-5.922911939687386385e-03
-2.463246476098366315e+02,-5.939490908807013546e-03
-2.454816334435429894e+02,-5.963815569160231013e-03
-2.446401977059009596e+02,-5.995859502156667027e-03
-2.438003547522717440e+02,-6.032867212787489802e-03
-2.429621329222965755e+02,-6.071204582526235766e-03
-2.421255578632137428e+02,-6.107365877904272732e-03
-2.412906384772162767e+02,-6.138089461654059817e-03
-2.404573708030249293e+02,-6.161357771097743935e-03
-2.396257502748313755e+02,-6.176840920204619383e-03
-2.387957736990177580e+02,-6.184135841606566014e-03
-2.379674378093679081e+02,-6.181552012884264716e-03
-2.371407402629354237e+02,-6.167977164155341065e-03
-2.363156799733465050e+02,-6.145084223351950092e-03
-2.354922554201326932e+02,-6.116460704772187437e-03
-2.346704593851659695e+02,-6.085056631933549905e-03
-2.338502823847668708e+02,-6.052216029010742612e-03
-2.330317243083393635e+02,-6.018475024942549455e-03
-2.322147958119335556e+02,-5.984067748538575773e-03
-2.313995141042962302e+02,-5.948584126376738751e-03
-2.305858965923692097e+02,-5.911349986744142762e-03
-2.297739561494462350e+02,-5.873189849310660009e-03
-2.289637068360241585e+02,-5.837622743083877193e-03
-2.281551674964320284e+02,-5.809551667611167342e-03
-2.273483623880356959e+02,-5.792515874466514642e-03
-2.265433237848523049e+02,-5.787255141437769312e-03
-2.257400902730074108e+02,-5.792368550054115967e-03
-2.249387016643329957e+02,-5.805495584913598385e-03
-2.241391939410230236e+02,-5.823911159876625152e-03
-2.233415990488504690e+02,-5.844902451898765713e-03
-2.225459474248753793e+02,-5.866173091527193510e-03
-2.217522698601004265e+02,-5.885914615806403169e-03
-2.209605964009898571e+02,-5.902705611254994815e-03
-2.201709524699750773e+02,-5.915690100597952202e-03
-2.193833606458784971e+02,-5.924596773355998887e-03
-2.185978464151820901e+02,-5.929026985534787027e-03
-2.178144361391098585e+02,-5.927703542622726578e-03
-2.170331506973725482e+02,-5.918597498097786375e-03
-2.162540080254877353e+02,-5.899544640615248838e-03
-2.154770237819164720e+02,-5.868686070857527873e-03
-2.147022077573908234e+02,-5.825137457597059400e-03
-2.139295695389121192e+02,-5.771522745973298174e-03
-2.131591266363716102e+02,-5.718667048358226472e-03
-2.123909045896309351e+02,-5.695464538231546046e-03
-2.116249338383886709e+02,-5.747923652043939943e-03
-2.108608555702144827e+02,-5.886136114188966588e-03
-2.100990797725316099e+02,-6.049022779237070956e-03
-2.093400239012857469e+02,-6.172641431777770200e-03
-2.085829378353667778e+02,-6.223602821554203093e-03
-2.078285533037170296e+02,-6.172518720263702081e-03
-2.070768920004269944e+02,-6.037603380075139657e-03
-2.063272208219374306e+02,-5.890730163762574953e-03
-2.055802614470277945e+02,-5.802343716018515916e-03
-2.048353062304651644e+02,-5.816622018508462583e-03
-2.040923637865532214e+02,-5.904645946958356380e-03
-2.033520783122287980e+02,-5.968509586343287605e-03
-2.026141399639473661e+02,-5.941830703288698487e-03
-2.018790400953310780e+02,-5.861291313350007644e-03
-2.011458949781586227e+02,-5.823598915015091616e-03
-2.004146641332622778e+02,-5.863841138988959943e-03
-1.996861080712378396e+02,-5.931373382636167743e-03
-1.989596967835059047e+02,-5.969859325230210921e-03
-1.982359314219831674e+02,-5.961419672773355174e-03
-1.975145873359094253e+02,-5.932026661150911762e-03
-1.967952081467575454e+02,-5.906219609559165175e-03
-1.960783320810328405e+02,-5.862075971236794560e-03
-1.953639576472910733e+02,-5.776904744681036694e-03
-1.946519346920469218e+02,-5.673237654390967007e-03
-1.939422994863109011e+02,-5.603087300203364422e-03
-1.932348248034871290e+02,-5.611672491194566632e-03
-1.925295183443377880e+02,-5.700171054184234760e-03
-1.918266287615946339e+02,-5.820730669048267830e-03
-1.911261708517115210e+02,-5.908767265359985386e-03
-1.904283727446169223e+02,-5.919458818884680389e-03
-1.897332872615964448e+02,-5.855888077487708156e-03
-1.890407144236014574e+02,-5.766820970509066099e-03
-1.883506803493320376e+02,-5.713570810557467780e-03
-1.876630748124802039e+02,-5.737318471884997155e-03
-1.869778519503729513e+02,-5.833493836046248215e-03
-1.862952424436795127e+02,-5.948270105728101047e-03
-1.856154065434260474e+02,-6.012969435711692373e-03
-1.849384582631399496e+02,-5.987606220087661989e-03
-1.842644134458066674e+02,-5.882728677463749424e-03
-1.835931594954451782e+02,-5.751760823340400057e-03
-1.829246008258775760e+02,-5.659780006046895295e-03
-1.822586659744831934e+02,-5.647843120647796054e-03
-1.815953933839290073e+02,-5.712518368580072475e-03
-1.809349197989351978e+02,-5.810649368435830651e-03
-1.802773875753269124e+02,-5.885619957856910896e-03
-1.796229501827070862e+02,-5.901484624804106266e-03
-1.789716023287090252e+02,-5.864461824224603999e-03
-1.783231613554586090e+02,-5.809034178028040472e-03
-1.776775519941476489e+02,-5.758688771253919758e-03
-1.770348856471314036e+02,-5.707976247190339400e-03
-1.763952780706611065e+02,-5.645273179109784427e-03
-1.757586694926585267e+02,-5.579638999116130586e-03
-1.751248906910351195e+02,-5.533491357962786773e-03
-1.744938810072420097e+02,-5.513093058259951711e-03
-1.738657286338361132e+02,-5.498071180108706803e-03
-1.732405437147488101e+02,-5.463789366585408876e-03
-1.726183085163830526e+02,-5.408097374482149014e-03
-1.719988715053374619e+02,-5.349469617970335419e-03
-1.713821319903247229e+02,-5.300041484959718344e-03
-1.707681601085370460e+02,-5.250109555531373706e-03
-1.701570832074066004e+02,-5.186150352647779516e-03
-1.695488725848253466e+02,-5.117714741687710150e-03
-1.689433385714092708e+02,-5.073414633622728986e-03
-1.683403679799059773e+02,-5.067270956923011771e-03
-1.677400667074259104e+02,-5.078884305198102557e-03
-1.671426132104673172e+02,-5.074125318921826090e-03
-1.665480166059709575e+02,-5.038916876389645805e-03
-1.659561388264972379e+02,-4.984099031788212335e-03
-1.653669323455216897e+02,-4.924654662728696237e-03
-1.647804580410026460e+02,-4.869341455387023350e-03
-1.641967014599238723e+02,-4.828692425948476023e-03
-1.636155672322597070e+02,-4.816461484661134322e-03
-1.630370189587357572e+02,-4.835901845775859159e-03
-1.624611273755039633e+02,-4.871084357678354300e-03
-1.618880055188060112e+02,-4.898149004251763951e-03
-1.613177195929621917e+02,-4.906519338803904014e-03
-1.607502340842604269e+02,-4.908623214724437862e-03
-1.601854473074651537e+02,-4.926957826836252281e-03
-1.596233277322551487e+02,-4.969805151079969598e-03
-1.590639927693381139e+02,-5.021039056972990272e-03
-1.585076032917346822e+02,-5.055635798860656609e-03
-1.579542102975426303e+02,-5.062857731792271346e-03
-1.574037647446592700e+02,-5.052064332666677399e-03
-1.568562303382056768e+02,-5.040010006596093613e-03
-1.563116073180075318e+02,-5.037456295355158785e-03
-1.557699104754510131e+02,-5.045975987031853238e-03
-1.552311722978971602e+02,-5.062126189610611192e-03
-1.546954134460649755e+02,-5.082079194435831782e-03
-1.541626247295384076e+02,-5.101905718717488630e-03
-1.536328178078150302e+02,-5.114805652720327486e-03
-1.531060576569698810e+02,-5.112698526847142891e-03
-1.525823930473938788e+02,-5.094827818383523832e-03
-1.520617812611870647e+02,-5.073594003718398700e-03
-1.515441260071349348e+02,-5.066896770763633893e-03
-1.510293888202436108e+02,-5.081966953329852821e-03
-1.505176398773718631e+02,-5.107969806841791693e-03
-1.500089773713189629e+02,-5.125741292684914997e-03
-1.495034308408688730e+02,-5.123543276899437775e-03
-1.490009644760814922e+02,-5.103266416491973254e-03
-1.485015320799583662e+02,-5.075564395803900362e-03
-1.480051084427337571e+02,-5.052979935219404500e-03
-1.475116735200863332e+02,-5.045459827566131476e-03
-1.470212004119185849e+02,-5.055755024267559634e-03
-1.465337021274868050e+02,-5.075665537794900664e-03
-1.460492536315147447e+02,-5.090073183829333346e-03
-1.455679191553073224e+02,-5.089763632048311011e-03
-1.450896628067665688e+02,-5.081086247448156866e-03
-1.446143848604463926e+02,-5.080943525309461820e-03
-1.441420424071049240e+02,-5.102234460707881329e-03
-1.436726702952822166e+02,-5.144756024227322734e-03
-1.432063179149217831e+02,-5.196968418501903865e-03
-1.427430210337366816e+02,-5.242237853630272656e-03
-1.422828255839582994e+02,-5.264947660801863605e-03
-1.418257644677585461e+02,-5.256848210401111193e-03
-1.413718063900744539e+02,-5.221069010980034647e-03
-1.409208966687448594e+02,-5.169778189533289978e-03
-1.404730029256803618e+02,-5.117912380254378835e-03
-1.400281086966219561e+02,-5.078721057091018128e-03
-1.395862002606177157e+02,-5.062046365220091750e-03
-1.391472670520646204e+02,-5.072593213564066846e-03
-1.387113147183709998e+02,-5.107794712940361831e-03
-1.382783687462045918e+02,-5.157859111241121230e-03
-1.378484794688023953e+02,-5.209660476896606912e-03
-1.374216940472764463e+02,-5.252569820134057356e-03
-1.369980340811814870e+02,-5.282057360250227811e-03
-1.365775077151100731e+02,-5.298738570886242678e-03
-1.361601229008213352e+02,-5.304622512352988317e-03
-1.357458871210363043e+02,-5.300204337578601557e-03
-1.353348041073857644e+02,-5.284535525193310643e-03
-1.349268757594036856e+02,-5.257659360658209491e-03
-1.345220898772690532e+02,-5.222808617818619839e-03
-1.341204266637227818e+02,-5.186111432328375549e-03
-1.337218761217025076e+02,-5.154441626474209372e-03
-1.333264323445412458e+02,-5.133637145905863702e-03
-1.329340829972350946e+02,-5.127342537051684385e-03
-1.325448126177460892e+02,-5.135218731737520824e-03
-1.321586170870803869e+02,-5.151065543544428894e-03
-1.317755224975173007e+02,-5.163742505639969810e-03
-1.313955685491050644e+02,-5.162526972301041510e-03
-1.310187675251885651e+02,-5.143753500598556572e-03
-1.306450844040890900e+02,-5.113092656110985491e-03
-1.302744681810685279e+02,-5.081582651727716352e-03
-1.299068738126004519e+02,-5.058603855209643611e-03
-1.295422671495594784e+02,-5.046177628945427637e-03
-1.291806554392053954e+02,-5.038132848510495226e-03
-1.288220688939183276e+02,-5.025251637183897335e-03
-1.284665090289893215e+02,-5.002248800462424580e-03
-1.281139363963712015e+02,-4.970284546734787812e-03
-1.277643115153863818e+02,-4.933975326970969563e-03
-1.274176028226925297e+02,-4.897221733390040750e-03
-1.270737713110633962e+02,-4.861128838151477193e-03
-1.267328026145671345e+02,-4.824607984368517975e-03
-1.263946986435066719e+02,-4.787348584216046497e-03
-1.260594319818313664e+02,-4.752547077950267096e-03
-1.257269543160151102e+02,-4.725822577460179683e-03
-1.253972428663673639e+02,-4.711186802089824266e-03
-1.250702880192164912e+02,-4.708096969279782461e-03
-1.247460715229380526e+02,-4.711071226861654297e-03
-1.244246062347038588e+02,-4.711619462056611078e-03
-1.241059161240438726e+02,-4.702381387002055671e-03
-1.237899894618917500e+02,-4.680837138468033239e-03
-1.234767991942093772e+02,-4.649440516000481402e-03
-1.231663324306898346e+02,-4.613478396544329341e-03
-1.228585672331287100e+02,-4.579343196580457249e-03
-1.225534600876326294e+02,-4.552746616901823772e-03
-1.222509953303611496e+02,-4.536605045682293863e-03
-1.219511780073296734e+02,-4.530439665993131124e-03
-1.216539999005925807e+02,-4.531000366185137206e-03
-1.213594647394451158e+02,-4.532563392437611791e-03
-1.210675992101017044e+02,-4.528190294181961423e-03
-1.207784112947814350e+02,-4.512762888376074984e-03
-1.204918807773055391e+02,-4.485287074385531716e-03
-1.202079918505944249e+02,-4.448907057499736084e-03
-1.199267190966749865e+02,-4.409380154625513852e-03
-1.196480337425220597e+02,-4.372775682147330562e-03
-1.193719300717327343e+02,-4.343858727624797141e-03
-1.190984079548696570e+02,-4.326505868626429920e-03
-1.188274570943015505e+02,-4.324699575653874820e-03
-1.185590576604737976e+02,-4.341445447292540880e-03
-1.182932013505540709e+02,-4.375304959576258729e-03
-1.180299051973719315e+02,-4.417201732025407244e-03
-1.177692181542423384e+02,-4.451052824933830927e-03
-1.175112052613839069e+02,-4.459694528788363081e-03
-1.172558932807739041e+02,-4.433183309358099296e-03
-1.170032657339774147e+02,-4.374116648485440635e-03
-1.167532688531927647e+02,-4.296859226363292789e-03
-1.165058183787260901e+02,-4.221165577046487663e-03
-1.162608547264739371e+02,-4.163934310937757524e-03
-1.160183563203446226e+02,-4.134146798234493263e-03
-1.157783142925921567e+02,-4.132288568935514605e-03
-1.155407218934563645e+02,-4.151389755146933820e-03
-1.153056012194433748e+02,-4.178522601464082151e-03
-1.150729883715897444e+02,-4.198295310939399554e-03
-1.148428903584976126e+02,-4.197789080185650168e-03
-1.146153169309763769e+02,-4.170934253248311484e-03
-1.143902552315792036e+02,-4.121203906605566160e-03
-1.141676377668283777e+02,-4.060091602757578272e-03
-1.139474012780213457e+02,-4.000683410540935986e-03
-1.137295141245432291e+02,-3.951396446282459153e-03
-1.135139518730954080e+02,-3.914022443574238612e-03
-1.133006938514495943e+02,-3.885028396631571776e-03
-1.130897334364055666e+02,-3.858328082231778523e-03
-1.128810585375000244e+02,-3.828583217997038376e-03
-1.126746509338215958e+02,-3.793701176844225045e-03
-1.124704896218770784e+02,-3.755698449534796996e-03
-1.122685340109155874e+02,-3.719543818233813672e-03
-1.120687486458657247e+02,-3.690217660104928594e-03
-1.118711089875823887e+02,-3.669638878034320404e-03
-1.116755872374437359e+02,-3.654794810482861651e-03
-1.114821854770329850e+02,-3.638106613303407951e-03
-1.112909167352562463e+02,-3.611017475957283354e-03
-1.111017664465715740e+02,-3.568746165182775255e-03
-1.109147078905188835e+02,-3.512895173925092030e-03
-1.107297071820094487e+02,-3.451477026755738354e-03
-1.105467095581366550e+02,-3.396688861668036106e-03
-1.103656549850941673e+02,-3.360163375230338333e-03
-1.101865079666903995e+02,-3.347461165102823700e-03
-1.100092618822517636e+02,-3.355154820180749221e-03
-1.098339425110130065e+02,-3.372592633046213317e-03
-1.096605804069831720e+02,-3.387385608285726178e-03
-1.094891828994066429e+02,-3.390963210249081476e-03
-1.093197524684285895e+02,-3.381554185394109943e-03
-1.091522659157966189e+02,-3.363893997461829891e-03
-1.089866691299105383e+02,-3.344837576039676706e-03
-1.088229408496198403e+02,-3.327253676445915409e-03
-1.086610910444592406e+02,-3.307948586797115464e-03
-1.085011244464010645e+02,-3.281082583760595688e-03
-1.083430424832624652e+02,-3.243467349017565161e-03
-1.081868193196789747e+02,-3.197927004106893793e-03
-1.080324052602034186e+02,-3.152389111838454529e-03
-1.078797569756035841e+02,-3.115441742159897383e-03
-1.077288389553129946e+02,-3.091714028605778517e-03
-1.075796459527709885e+02,-3.080088983231275401e-03
-1.074321888399826292e+02,-3.075640996303780506e-03
-1.072864610692002003e+02,-3.072852183324000994e-03
-1.071424539177186261e+02,-3.067018050880425221e-03
-1.070001666212456257e+02,-3.054464662560676252e-03
-1.068595983501303266e+02,-3.033634191732156090e-03
-1.067207276612187741e+02,-3.006138344563914506e-03
-1.065835173957959796e+02,-2.975546225993937893e-03
-1.064479427450413311e+02,-2.944543647735924346e-03
-1.063139882720680163e+02,-2.913244984248749073e-03
-1.061816432010430731e+02,-2.879807441667613360e-03
-1.060508934148680282e+02,-2.842244405045441045e-03
-1.059217160888559590e+02,-2.799928685847666559e-03
-1.057940878840912546e+02,-2.754157625967626390e-03
-1.056679718201748841e+02,-2.707574166849620843e-03
-1.055433301705020597e+02,-2.662483610434656159e-03
-1.054201433018331926e+02,-2.619540505712507523e-03
-1.052983900706842633e+02,-2.578041051075571823e-03
-1.051780456750683186e+02,-2.536803156792087361e-03
-1.050590895277419605e+02,-2.494746725966883339e-03
-1.049415054199097028e+02,-2.451939333639178986e-03
-1.048252763881858698e+02,-2.411259120370789957e-03
-1.047103615391563523e+02,-2.378438277513278496e-03
-1.045967143356108693e+02,-2.358589896595858666e-03
-1.044843218276949131e+02,-2.351813487512162057e-03
-1.043731913040993788e+02,-2.352215108875479327e-03
-1.042633364364292703e+02,-2.350880193180724526e-03
-1.041547692976965465e+02,-2.340340212654286756e-03
-1.040474807953461607e+02,-2.317873471019591194e-03
-1.039414459585558319e+02,-2.285832146074335148e-03
-1.038366318856295010e+02,-2.249121008643308918e-03
-1.037330053265281151e+02,-2.211643360272238373e-03
-1.036305496605966425e+02,-2.174138545452959648e-03
-1.035292597738475422e+02,-2.135079291019197686e-03
-1.034291240016064819e+02,-2.093642233163434466e-03
-1.033301168122690399e+02,-2.051825126426556033e-03
-1.032322064198769880e+02,-2.014078946957857056e-03
-1.031353680620515263e+02,-1.985456246122604095e-03
-1.030395839770761768e+02,-1.969898239907135699e-03
-1.029448348480704425e+02,-1.968689787110968013e-03
-1.028511123535821952e+02,-1.978788319378328026e-03
-1.027584314626714388e+02,-1.992498231545643001e-03
-1.026668104417266392e+02,-1.999649838003884211e-03
-1.025762580939169482e+02,-1.990891648775665410e-03
-1.024867741030050183e+02,-1.960327737687058564e-03
-1.023983452487893402e+02,-1.907241107622341869e-03
-1.023109434590179916e+02,-1.836916004167402604e-03
-1.022245198794919219e+02,-1.759760743477695394e-03
-1.021390169677390674e+02,-1.688180375779856513e-03
-1.020543868667627549e+02,-1.632353891101767478e-03
-1.019705972996043215e+02,-1.597061275158180842e-03
-1.018876375865660435e+02,-1.580876444381669422e-03
-1.018055035547150453e+02,-1.577291944572522175e-03
-1.017241946874611358e+02,-1.576486709979721922e-03
-1.016437254546144828e+02,-1.567806511058597281e-03
-1.015641028428527335e+02,-1.543275890619737450e-03
-1.014853020767809113e+02,-1.499843776497837003e-03
-1.014072873408729265e+02,-1.438508729365420942e-03
-1.013300315860854255e+02,-1.362502207501427960e-03
-1.012534942344370137e+02,-1.276639434239606281e-03
-1.011776317631701971e+02,-1.187530542516417650e-03
-1.011024172866599855e+02,-1.104536113561904167e-03
-1.010278271892024264e+02,-1.044467016039579048e-03
-1.009538471720007493e+02,-1.031657399561305109e-03
-1.008800335078562540e+02,-1.069840553832537627e-03
-1.008067937562365302e+02,-1.123537936413173104e-03
-1.007345525076586057e+02,-1.156209882725741083e-03
-1.006624307993869962e+02,-1.145037791592827753e-03
-1.005911888196756507e+02,-1.068822148125326112e-03
-1.005212213700538371e+02,-9.586980591683480794e-04
-1.004509325190009434e+02,-8.858799443701913202e-04
-1.003807609749833034e+02,-8.564612238197867990e-04
-1.003119238089800405e+02,-8.379598403826984260e-04
-1.002431556994031467e+02,-8.409505463012471090e-04
-1.001744747873967327e+02,-8.729826066914463329e-04
-1.001067125137667659e+02,-9.055079351016258543e-04
-1.000389526882798492e+02,-9.003780352290487003e-04
-9.997198223226615710e+01,-8.247996738790653714e-04
-9.990609120005125021e+01,-7.010888357894675760e-04
-9.983994159832926130e+01,-6.024132497096714453e-04
-9.977383784192329585e+01,-5.565093251921649246e-04
-9.970836023159081662e+01,-5.352969480645413617e-04
-9.964312200736297598e+01,-5.180562027892240268e-04
-9.957810515450205457e+01,-4.986863579015588964e-04
-9.951353744489007624e+01,-4.752585445083593496e-04
-9.944909648769906596e+01,-4.511742448990447153e-04
-9.938482042160670460e+01,-4.222648148629729362e-04
-9.932101515988873075e+01,-3.832898962486769269e-04
-9.925732520991398644e+01,-3.427967300491755473e-04
-9.919368836861613659e+01,-3.060231303134610249e-04
-9.913039800862108564e+01,-2.681432571061335133e-04
-9.906719528049244161e+01,-2.280918086652777344e-04
-9.900403752748673014e+01,-1.836252756665742347e-04
-9.894118236528920818e+01,-1.329640428181355215e-04
-9.887840491334937099e+01,-8.909393862323163819e-05
-9.881551901181637731e+01,-6.438120166376308702e-05
-9.875266490130887576e+01,-4.852066601717431617e-05
-9.868992924973261438e+01,-2.100382685566725029e-05
-9.862732758863417359e+01,2.342594019299447993e-05
-9.856474845813322361e+01,6.996647501993415467e-05
-9.850206248560733968e+01,1.006806599149328440e-04
-9.843932929771798968e+01,1.094199001574656330e-04
-9.837655766124119339e+01,1.011519109352631825e-04
-9.831368447254173759e+01,8.961550369740979246e-05
-9.825080402894698750e+01,9.591045845762573936e-05
-9.818800074433077896e+01,1.351935912127536171e-04
-9.812521897171512819e+01,2.021108752131743961e-04
-9.806235076578518317e+01,2.748401191008517305e-04
-9.799927574480152259e+01,3.346108363842948265e-04
-9.793600994975467700e+01,3.793144966624975405e-04
-9.787265600546139410e+01,4.158568861571621195e-04
-9.780915511116116079e+01,4.452552510175394147e-04
-9.774543261560606311e+01,4.622444543156492840e-04
-9.768153481537079585e+01,4.615307462486378971e-04
-9.761744133437801452e+01,4.388131078916039911e-04
-9.755308766359364370e+01,3.959049069812476296e-04
-9.748851412123346449e+01,3.495953277426428829e-04
-9.742382782981853495e+01,3.277860240892208478e-04
-9.735911277156547783e+01,3.510475671776088630e-04
-9.729436109310994141e+01,4.159540402160114112e-04
-9.722947293076984465e+01,4.946314551714155747e-04
-9.716432437613036655e+01,5.513614137677185422e-04
-9.709882962079097979e+01,5.651035054221225165e-04
-9.703300765058632749e+01,5.425296850443852952e-04
-9.696696401624386397e+01,5.117684685339509050e-04
-9.690078618947444511e+01,5.016952056312817777e-04
-9.683449613844251758e+01,5.228293800580116916e-04
-9.676802877477153686e+01,5.635047219577265024e-04
-9.670127155185089407e+01,6.034019822222499779e-04
-9.663418561876532920e+01,6.318738092779260579e-04
-9.656681915069468403e+01,6.533827846305870516e-04
-9.649920818973136249e+01,6.779191280162200463e-04
-9.643132062237354774e+01,7.115683289462835029e-04
-9.636311026669218904e+01,7.569786302047818620e-04
-9.629457774457279129e+01,8.164875586211135230e-04
-9.622572885925556818e+01,8.890004989973407682e-04
-9.615652424005908472e+01,9.647146518487802278e-04
-9.608687720272737920e+01,1.027672923818655779e-03
-9.601670614967086692e+01,1.067210629480215209e-03
-9.594601095137394964e+01,1.087201661759385016e-03
-9.587484895743001800e+01,1.102248039469270417e-03
-9.580324668309668823e+01,1.124584271436859621e-03
-9.573117229207062451e+01,1.155404841914378124e-03
