"","long","lat","depth","distance"
"1",-81.1499999995751,-8.43333333284894,-5.30697759048775,0
"2",-81.1499999995751,-8.41666666618225,-5.21956190134013,0.735987687769011
"3",-81.1333333329084,-8.41666666618225,-5.46533972216941,2.41659814556289
"4",-81.1166666662418,-8.41666666618225,-5.73776676444835,4.10050434355821
"5",-81.0999999995751,-8.41666666618225,-6.00907127907497,5.78760557900543
"6",-81.0999999995751,-8.39999999951555,-6.06312514196664,6.51861582024065
"7",-81.0833333329084,-8.39999999951555,-6.33272489756588,8.20152313305204
"8",-81.0666666662417,-8.39999999951555,-6.6011551305261,9.88756887950902
"9",-81.0666666662417,-8.38333333284885,-6.65511110934025,10.6210740756038
"10",-81.049999999575,-8.38333333284885,-6.92225155077205,12.3030291887185
"11",-81.0333333329084,-8.38333333284885,-7.18821155532825,13.9880678791862
"12",-81.0333333329084,-8.36666666618216,-7.24238513084811,14.7239512937017
"13",-81.0166666662417,-8.36666666618216,-7.50720292497697,16.404997834889
"14",-80.999999999575,-8.36666666618216,-7.77083731519081,18.0890747839753
"15",-80.9833333329083,-8.36666666618216,-8.03085675002118,19.7760967595076
"16",-80.9833333329083,-8.34999999951546,-8.08587826122563,20.5074066154467
"17",-80.9666666662416,-8.34999999951546,-8.34182342704946,22.1905642789979
"18",-80.9499999995749,-8.34999999951546,-8.59362912977649,23.8766187992586
"19",-80.9499999995749,-8.33333333284876,-8.64979665287065,24.6102350471753
"20",-80.9333333329083,-8.33333333284876,-8.89811887473275,26.2925132556977
"21",-80.9166666662416,-8.33333333284876,-9.14274550266476,27.9776415254705
"22",-80.9166666662416,-8.31666666618206,-9.20041024146107,28.7134644052894
"23",-80.8999999995749,-8.31666666618206,-9.44213581862597,30.3949005742094
"24",-80.8833333329082,-8.31666666618206,-9.67986801714975,32.0791413391553
"25",-80.8666666662415,-8.31666666618206,-9.91465452754566,33.766113391925
"26",-80.8666666662415,-8.29999999951536,-9.97493522149077,34.4977068557703
"27",-80.8499999995748,-8.29999999951536,-10.2077775078589,36.1810965924624
"28",-80.8333333329082,-8.29999999951536,-10.4381049550642,37.8671761274496
"29",-80.8333333329082,-8.28333333284867,-10.500916594662,38.6009143008359
"30",-80.8166666662415,-8.28333333284867,-10.7298610286831,40.2834873889458
"31",-80.7999999995748,-8.28333333284867,-10.9567151145758,41.968709886034
"32",-80.7999999995748,-8.26666666618197,-11.0222444610976,42.7045065292739
"33",-80.7833333329081,-8.26666666618197,-11.2478750623767,44.3862954078759
"34",-80.7666666662414,-8.26666666618197,-11.4719560488073,46.0706943736085
"35",-80.7499999995748,-8.26666666618197,-11.6946695722412,47.757639800686
"36",-80.7499999995748,-8.24999999951527,-11.764465339771,48.4895037492448
"37",-80.7333333329081,-8.24999999951527,-11.9872392096076,50.1731108590927
"38",-80.7166666662414,-8.24999999951527,-12.2090551930752,51.8592283217533
"39",-80.7166666662414,-8.23333333284858,-12.2823445610335,52.5930967967235
"40",-80.6999999995747,-8.23333333284858,-12.5047369081815,54.2759420248722
"41",-80.683333332908,-8.23333333284858,-12.7265101617698,55.9612623917454
"42",-80.6666666662414,-8.23333333284858,-12.948027406779,57.6490002771552
"43",-80.6666666662414,-8.21666666618188,-13.0265825669558,58.3791718340977
"44",-80.6499999995747,-8.21666666618188,-13.249522614583,60.0637243662762
"45",-80.633333332908,-8.21666666618188,-13.4725993555371,61.7506619504852
"46",-80.633333332908,-8.19999999951518,-13.5553433182277,62.4827854126472
"47",-80.6166666662413,-8.19999999951518,-13.7803233547092,64.1665978722982
"48",-80.5999999995746,-8.19999999951518,-14.0058260047245,65.8527636735563
"49",-80.5999999995746,-8.18333333284848,-14.0933518493416,66.5867689438969
"50",-80.5833333329079,-8.18333333284848,-14.3214825343493,68.2698676939402
"51",-80.5666666662412,-8.18333333284848,-14.5506303660306,69.955288812122
"52",-80.5499999995746,-8.18333333284848,-14.7809692309773,71.6429815037767
"53",-80.5499999995746,-8.16666666618178,-14.8749996907947,72.373519670419
"54",-80.5333333329079,-8.16666666618178,-15.1084769654714,74.0582218785534
"55",-80.5166666662412,-8.16666666618178,-15.3435127029347,75.7451669611649
"56",-80.5166666662412,-8.14999999951509,-15.442581503644,76.4775406045572
"57",-80.4999999995745,-8.14999999951509,-15.6811781020679,78.1615484331858
"58",-80.4833333329078,-8.14999999951509,-15.9222431274518,79.8477710666797
"59",-80.4833333329078,-8.13333333284839,-16.0265484478733,80.5819181806672
"60",-80.4666666662412,-8.13333333284839,-16.271693556964,82.2652549956472
"61",-80.4499999995745,-8.13333333284839,-16.5192187722462,83.9507791602518
"62",-80.4333333329078,-8.13333333284839,-16.7692924172371,85.6384455606889
"63",-80.4333333329078,-8.11666666618169,-16.8809194662645,86.3693289650398
"64",-80.4166666662411,-8.11666666618169,-17.1356269617845,88.0541775331159
"65",-80.3999999995744,-8.11666666618169,-17.393221547359,89.7411427858349
"66",-80.3999999995744,-8.09999999951499,-17.5104217631317,90.4737585479613
"67",-80.3833333329078,-8.09999999951499,-17.7738345566661,92.15795335049
"68",-80.3666666662411,-8.09999999951499,-18.0405737663219,93.8442398159603
"69",-80.3666666662411,-8.0833333328483,-18.1639220024558,94.5785326934679
"70",-80.3499999995744,-8.0833333328483,-18.4360876189785,96.2620945816805
"71",-80.3333333329077,-8.0833333328483,-18.7118976489265,97.9477236286792
"72",-80.316666666241,-8.0833333328483,-18.9915146937699,99.6353794992185
"73",-80.316666666241,-8.0666666661816,-19.1225658104085,100.366589936777
"74",-80.2999999995743,-8.0666666661816,-19.4080588135948,102.051581999522
"75",-80.2833333329077,-8.0666666661816,-19.6987578187767,103.738577991547
"76",-80.2833333329077,-8.0499999995149,-19.8355897382504,104.471428809227
"77",-80.266666666241,-8.0499999995149,-20.1325359461264,106.155803440512
"78",-80.2499999995743,-8.0499999995149,-20.4339952587651,107.842159556478
"79",-80.2499999995743,-8.0333333328482,-20.5765797417164,108.576601223678
"80",-80.2333333329076,-8.0333333328482,-20.884524887422,110.260377144309
"81",-80.2166666662409,-8.0333333328482,-21.1972665910899,111.946112545064
"82",-80.1999999995742,-8.0333333328482,-21.5149593479585,113.63377114838
"83",-80.1999999995742,-8.01666666618151,-21.6649815369023,114.365292933368
"84",-80.1833333329076,-8.01666666618151,-21.9908234406384,116.050425984169
"85",-80.1666666662409,-8.01666666618151,-22.3219881187945,117.737461606321
"86",-80.1666666662409,-7.99999999951481,-22.477486305658,118.470541213562
"87",-80.1499999995742,-7.99999999951481,-22.8157301082683,120.155089527044
"88",-80.1333333329075,-7.99999999951481,-23.1595548129831,121.841520165777
"89",-80.1166666662408,-7.99999999951481,-23.509109828779,123.529799484835
"90",-80.1166666662408,-7.98333333284811,-23.6717968655423,124.260093408167
"91",-80.0999999995742,-7.98333333284811,-24.0286700071715,125.945936340877
"92",-80.0833333329075,-7.98333333284811,-24.3930700231484,127.633608927294
"93",-80.0833333329075,-7.96666666618141,-24.5604267262679,128.365428401923
"94",-80.0666666662408,-7.96666666618141,-24.9323308877432,130.050700223151
"95",-80.0499999995741,-7.96666666618141,-25.310530995132,131.737783010225
"96",-80.0499999995741,-7.94999999951472,-25.4821963458234,132.471085784773
"97",-80.0333333329074,-7.94999999951472,-25.8679618985834,134.155802441312
"98",-80.0166666662408,-7.94999999951472,-26.2602346890992,135.842311708178
"99",-79.9999999995741,-7.94999999951472,-26.6591558611611,137.530583052386
"100",-79.9999999995741,-7.93333333284802,-26.8356514133073,138.261234124338
"101",-79.9833333329074,-7.93333333284802,-27.2436364648051,139.947185528834
"102",-79.9666666662407,-7.93333333284802,-27.6578293005171,141.634881709834
"103",-79.9666666662407,-7.91666666618132,-27.837612803809,142.366986867567
"104",-79.949999999574,-7.91666666618132,-28.2586515905928,144.052395477069
"105",-79.9333333329073,-7.91666666618132,-28.6856188407763,145.739531856361
"106",-79.9333333329073,-7.89999999951462,-28.8683846955761,146.473052701507
"107",-79.9166666662407,-7.89999999951462,-29.3018144137921,148.157933021902
"108",-79.899999999574,-7.89999999951462,-29.740892427087,149.844524394174
"109",-79.8833333329073,-7.89999999951462,-30.18682735854,151.532798984693
"110",-79.8833333329073,-7.88333333284793,-30.3731162451538,152.263790066034
"111",-79.8666666662406,-7.88333333284793,-30.824862709113,153.949850686359
"112",-79.8499999995739,-7.88333333284793,-31.2817737433444,155.637578725301
"113",-79.8499999995739,-7.86666666618123,-31.4702129536547,156.369958917743
"114",-79.8333333329072,-7.86666666618123,-31.9325370962788,158.055502527187
"115",-79.8166666662406,-7.86666666618123,-32.3997436275416,159.742698012619
"116",-79.8166666662406,-7.84999999951453,-32.5899779178166,160.476432264956
"117",-79.7999999995739,-7.84999999951453,-33.0621929346523,162.1614721147
"118",-79.7833333329072,-7.84999999951453,-33.540110923753,163.848148550339
"119",-79.7666666662405,-7.84999999951453,-34.0224272589402,165.536436094858
"120",-79.7666666662405,-7.83333333284783,-34.2141914547365,166.26775202534
"121",-79.7499999995738,-7.83333333284783,-34.7008571805801,167.953922443262
"122",-79.7333333329072,-7.83333333284783,-35.191640660188,169.641689484408
"123",-79.7333333329072,-7.81666666618114,-35.3843087273001,170.374335190478
"124",-79.7166666662405,-7.81666666618114,-35.8790285506214,172.060012172559
"125",-79.6999999995738,-7.81666666618114,-36.3775851116747,173.74727151807
"126",-79.6999999995738,-7.79999999951444,-36.5707740968826,174.481214874666
"127",-79.6833333329071,-7.79999999951444,-37.0737165000333,176.166410572818
"128",-79.6666666662404,-7.79999999951444,-37.5801379071996,177.853174596711
"129",-79.6499999995737,-7.79999999951444,-38.0899124332557,179.541483538868
"130",-79.6499999995737,-7.78333333284774,-38.2829885669746,180.273110810769
"131",-79.6333333329071,-7.78333333284774,-38.7956009098973,181.959391472441
"132",-79.6166666662404,-7.78333333284774,-39.31128567357,183.647203723339
"133",-79.6166666662404,-7.76666666618104,-39.5039071165772,184.380106365513
"134",-79.5999999995737,-7.76666666618104,-40.0220108221619,186.065915227821
"135",-79.583333332907,-7.76666666618104,-40.5435572919393,187.753242549886
"136",-79.5666666662403,-7.76666666618104,-41.0676943650971,189.442066303907
"137",-79.5666666662403,-7.74999999951435,-41.2587763658197,190.172739256533
"138",-79.5499999995736,-7.74999999951435,-41.784661312062,191.859593029566
"139",-79.533333332907,-7.74999999951435,-42.3128611437555,193.547930749035
"140",-79.533333332907,-7.73333333284765,-42.5025478129814,194.279857245369
"141",-79.5166666662403,-7.73333333284765,-43.0320773845537,195.966248482744
"142",-79.4999999995736,-7.73333333284765,-43.5636406136175,197.654111360946
"143",-79.4999999995736,-7.71666666618095,-43.7515443357193,198.387263157487
"144",-79.4833333329069,-7.71666666618095,-44.2844374105717,200.073202521501
"145",-79.4666666662402,-7.71666666618095,-44.8190081045635,201.760601397931
"146",-79.4499999995735,-7.71666666618095,-45.3551397514771,203.449439430039
"147",-79.4499999995735,-7.69999999951425,-45.5397091102678,204.180449033217
"148",-79.4333333329069,-7.69999999951425,-46.07608415605,205.867394408124
"149",-79.4166666662402,-7.69999999951425,-46.6137422116729,207.555767382647
"150",-79.4166666662402,-7.68333333284756,-46.7955676375285,208.287982165253
"151",-79.3999999995735,-7.68333333284756,-47.3330447069517,209.974484213461
"152",-79.3833333329068,-7.68333333284756,-47.8717313532669,211.662402465604
"153",-79.3833333329068,-7.66666666618086,-48.0504913519639,212.395796310646
"154",-79.3666666662401,-7.66666666618086,-48.5884984523683,214.081864894674
"155",-79.3499999995735,-7.66666666618086,-49.1271616806966,215.769338445006
"156",-79.3333333329068,-7.66666666618086,-49.6663640528986,217.458198092802
"157",-79.3333333329068,-7.64999999951416,-49.8400834589688,218.189530777276
"158",-79.3166666662401,-7.64999999951416,-50.3780447829847,219.876569344185
"159",-79.2999999995734,-7.64999999951416,-50.916273135803,221.564983281902
"160",-79.2999999995734,-7.63333333284746,-51.0861231672748,222.297476418433
"161",-79.2833333329067,-7.63333333284746,-51.6226921267754,223.984089429984
"162",-79.2666666662401,-7.63333333284746,-52.1591771629328,225.672067229275
"163",-79.2666666662401,-7.61666666618077,-52.3248348421061,226.40569659469
"164",-79.2499999995734,-7.61666666618077,-52.8592001781413,228.091893199913
"165",-79.2333333329067,-7.61666666618077,-53.3932158335873,229.779444151366
"166",-79.21666666624,-7.61666666618077,-53.9267662019246,231.468331910762
"167",-79.21666666624,-7.59999999951407,-54.0859031859348,232.199975370077
"168",-79.1999999995733,-7.59999999951407,-54.6167946043052,233.887108493962
"169",-79.1833333329066,-7.59999999951407,-55.1467228116397,235.575568442359
"170",-79.1833333329066,-7.58333333284737,-55.3008583036972,236.308330863895
"171",-79.16666666624,-7.58333333284737,-55.8276524193049,237.995054920389
"172",-79.1499999995733,-7.58333333284737,-56.3533748169025,239.683095947016
"173",-79.1499999995733,-7.56666666618067,-56.5024318872355,240.416954801478
"174",-79.1333333329066,-7.56666666618067,-57.0246531344822,242.103278300426
"175",-79.1166666662399,-7.56666666618067,-57.5455411450283,243.790909042419
"176",-79.0999999995732,-7.56666666618067,-58.0649821137394,245.479830683796
"177",-79.0999999995732,-7.54999999951398,-58.206346529141,246.211773699886
"178",-79.0833333329065,-7.54999999951398,-58.7213338388432,247.899002551591
"179",-79.0666666662399,-7.54999999951398,-59.234539684864,249.587512987827
"180",-79.0666666662399,-7.53333333284728,-59.3703435432187,250.320536370837
"181",-79.0499999995732,-7.53333333284728,-59.879109081615,252.007371492686
"182",-79.0333333329065,-7.53333333284728,-60.3858384193767,253.695479000628
"183",-79.0333333329065,-7.51666666618058,-60.5159492659183,254.429561742385
"184",-79.0166666662398,-7.51666666618058,-61.0178981522156,256.116011069375
"185",-78.9999999995731,-7.51666666618058,-61.5175577963736,257.803723698897
"186",-78.9833333329065,-7.51666666618058,-62.0173260534326,259.4926843639
"187",-78.9833333329065,-7.49999999951388,-62.1388193928856,260.224916661799
"188",-78.9666666662398,-7.49999999951388,-62.6380297505361,261.912242243903
"189",-78.9499999995731,-7.49999999951388,-63.1393985910462,263.600807150236
"190",-78.9499999995731,-7.48333333284719,-63.2541796527699,264.334083818058
"191",-78.9333333329064,-7.48333333284719,-63.7541999977809,266.021029972609
"192",-78.9166666662397,-7.48333333284719,-64.2559895146033,267.709206845512
"193",-78.899999999573,-7.48333333284719,-64.7594490211091,269.398599902849
"194",-78.899999999573,-7.46666666618049,-64.8632888952672,270.130082389296
"195",-78.8833333329064,-7.46666666618049,-65.3647287314431,271.817878748934
"196",-78.8666666662397,-7.46666666618049,-65.8674248746212,273.506883031663
"197",-78.8666666662397,-7.44999999951379,-65.9631551262505,274.239395157678
"198",-78.849999999573,-7.44999999951379,-66.4628009950969,275.92681832621
"199",-78.8333333329063,-7.44999999951379,-66.9633814647661,277.615441253363
"200",-78.8333333329063,-7.43333333284709,-67.0506329159399,278.348964093443
"201",-78.8166666662396,-7.43333333284709,-67.5476120994529,280.036021201811
"202",-78.7999999995729,-7.43333333284709,-68.0452372383625,281.724270000018
"203",-78.7833333329063,-7.43333333284709,-68.5435384263769,283.413696859563
"204",-78.7833333329063,-7.4166666661804,-68.6173682890812,284.145483151633
"205",-78.7666666662396,-7.4166666661804,-69.1113349213733,285.833364861609
"206",-78.7499999995729,-7.4166666661804,-69.6055673109025,287.52241687713
"207",-78.7499999995729,-7.3999999995137,-69.6702995444906,288.255200096084
"208",-78.7333333329062,-7.3999999995137,-70.1598180278313,289.942721578851
"209",-78.7166666662395,-7.3999999995137,-70.6493848306657,291.631405699563
"210",-78.7166666662395,-7.383333332847,-70.7053326641288,292.365168093536
"211",-78.6999999995729,-7.383333332847,-71.1898829281247,294.052336036379
"212",-78.6833333329062,-7.383333332847,-71.6742371590705,295.740659036726
"213",-78.6666666662395,-7.383333332847,-72.1583523356447,297.430124289447
"214",-78.6666666662395,-7.3666666661803,-72.2004572685605,298.162204256324
"215",-78.6499999995728,-7.3666666661803,-72.6791801586195,299.850172741679
"216",-78.6333333329061,-7.3666666661803,-73.157517340396,301.53927618414
"217",-78.6333333329061,-7.3499999995136,-73.1910921863865,302.272322392206
"218",-78.6166666662395,-7.3499999995136,-73.6638997525478,303.959942804365
"219",-78.5999999995728,-7.3499999995136,-74.1362037786681,305.648690958894
"220",-78.5999999995728,-7.33333333284691,-74.1616770553961,306.382686723175
"221",-78.5833333329061,-7.33333333284691,-74.6282208886656,308.069965345618
"222",-78.5666666662394,-7.33333333284691,-75.0941391115633,309.758364575298
"223",-78.5499999995727,-7.33333333284691,-75.5593935771355,311.447872358052
"224",-78.5499999995727,-7.31666666618021,-75.5723438385486,312.180236611477
"225",-78.533333332906,-7.31666666618021,-76.0319493732557,313.868293125203
"226",-78.5166666662394,-7.31666666618021,-76.4908313870474,315.557451317431
"227",-78.5166666662394,-7.29999999951351,-76.4969889442216,316.290752967806
"228",-78.4999999995727,-7.29999999951351,-76.9503021357923,317.978472825136
"229",-78.483333332906,-7.29999999951351,-77.402661653072,319.667287560125
"230",-78.483333332906,-7.28333333284682,-77.4038590440389,320.401510895179
"231",-78.4666666662393,-7.28333333284682,-77.8508156784025,322.088900011006
"232",-78.4499999995726,-7.28333333284682,-78.2969977172936,323.77737727655
"233",-78.4333333329059,-7.28333333284682,-78.7423884184306,325.466931324446
"234",-78.4333333329059,-7.26666666618012,-78.7343606000133,326.199571133064
"235",-78.4166666662393,-7.26666666618012,-79.1745910753943,327.887716775944
"236",-78.3999999995726,-7.26666666618012,-79.6140569159028,329.576932711938
"237",-78.3999999995726,-7.24999999951342,-79.60242081776,330.310482751139
"238",-78.3833333329059,-7.24999999951342,-80.0368131109368,331.99830248144
"239",-78.3666666662392,-7.24999999951342,-80.4704806116124,333.687186083287
"240",-78.3499999995725,-7.24999999951342,-80.903419505112,335.377122662738
"241",-78.3499999995725,-7.23333333284672,-80.8854688114671,336.109130925344
"242",-78.3333333329059,-7.23333333284672,-81.3139317935172,337.797687837512
"243",-78.3166666662392,-7.23333333284672,-81.7417386476404,339.487291528954
"244",-78.3166666662392,-7.21666666618002,-81.7227289516846,340.220198744673
"245",-78.2999999995725,-7.21666666618002,-82.1464284365012,341.908434482341
"246",-78.2833333329058,-7.21666666618002,-82.5694370372781,343.597710863868
"247",-78.2833333329058,-7.19999999951333,-82.5505956118912,344.331502676899
"248",-78.2666666662391,-7.19999999951333,-82.9699351096742,346.019422629798
"249",-78.2499999995724,-7.19999999951333,-83.3888359172751,347.708377153402
"250",-78.2333333329058,-7.19999999951333,-83.8073043925225,349.398355945094
"251",-78.2333333329058,-7.18333333284663,-83.7891888189943,350.130648992026
"252",-78.2166666662391,-7.18333333284663,-84.2045720518719,351.819286987291
"253",-78.1999999995724,-7.18333333284663,-84.619661976919,353.508943382887
"254",-78.1999999995724,-7.16666666617993,-84.6049016418856,354.242110377278
"255",-78.1833333329057,-7.16666666617993,-85.0173297559683,355.930437054959
"256",-78.166666666239,-7.16666666617993,-85.429625627212,357.619776323212
"257",-78.166666666239,-7.14999999951324,-85.4195327862445,358.353803686144
"258",-78.1499999995723,-7.14999999951324,-85.8297233684638,360.041824141595
"259",-78.1333333329057,-7.14999999951324,-86.2399381104366,361.730851435268
"260",-78.116666666239,-7.14999999951324,-86.6502018076957,363.420875809011
"261",-78.116666666239,-7.13333333284654,-86.6443362871242,364.153445124404
"262",-78.0999999995723,-7.13333333284654,-87.0531234846248,365.842165483589
"263",-78.0833333329056,-7.13333333284654,-87.4622031422462,367.531877359903
"264",-78.0833333329056,-7.11666666617984,-87.4637633537885,368.265296969049
"265",-78.0666666662389,-7.11666666617984,-87.8718859462686,369.953715324355
"266",-78.0499999995723,-7.11666666617984,-88.2804330297884,371.643119687439
"267",-78.0499999995723,-7.09999999951314,-88.2905578725082,372.377376726233
"268",-78.0333333329056,-7.09999999951314,-88.6986109527418,374.065497901883
"269",-78.0166666662389,-7.09999999951314,-89.1072769276741,375.754599629005
"270",-77.9999999995722,-7.09999999951314,-89.5165939443248,377.444672651861
"271",-77.9999999995722,-7.08333333284645,-89.5386301788478,378.177510245263
"272",-77.9833333329055,-7.08333333284645,-89.9500781277107,379.866314109743
"273",-77.9666666662389,-7.08333333284645,-90.3651263032007,381.556083988695
"274",-77.9666666662389,-7.06666666617975,-90.3981662443563,382.289749465163
"275",-77.9499999995722,-7.06666666617975,-90.8162091691234,383.978260139243
"276",-77.9333333329055,-7.06666666617975,-91.237586139296,385.66773159614
"277",-77.9333333329055,-7.04999999951305,-91.2822405620811,386.402212750766
"278",-77.9166666662388,-7.04999999951305,-91.7064317191909,388.090434808391
"279",-77.8999999995721,-7.04999999951305,-92.1336746341079,389.779612466294
"280",-77.8833333329054,-7.04999999951305,-92.5644397860787,391.46973693333
"281",-77.8833333329054,-7.03333333284635,-92.6208377544091,392.202835286341
"282",-77.8666666662388,-7.03333333284635,-93.0539279644447,393.891723672213
"283",-77.8499999995721,-7.03333333284635,-93.4894714486709,395.581553846769
"284",-77.8499999995721,-7.01666666617965,-93.5581646101557,396.315458817649
"285",-77.8333333329054,-7.01666666617965,-93.9956805047849,398.004062364936
"286",-77.8166666662387,-7.01666666617965,-94.4353286032521,399.693602726471
"287",-77.799999999572,-7.01666666617965,-94.8769391515269,401.384071434346
"288",-77.799999999572,-6.99999999951296,-94.9575500630056,402.116625770644
"289",-77.7833333329053,-6.99999999951296,-95.4009323261727,403.805880707165
"290",-77.7666666662387,-6.99999999951296,-95.8458150369793,405.496059168396
"291",-77.7666666662387,-6.98333333284626,-95.940218197908,406.229411187937
"292",-77.749999999572,-6.98333333284626,-96.3858668151475,407.91838499843
"293",-77.7333333329053,-6.98333333284626,-96.8326695902306,409.608277555148
"294",-77.7333333329053,-6.96666666617956,-96.9358851260564,410.34241598524
"295",-77.7166666662386,-6.96666666617956,-97.3829642547503,412.031112882003
"296",-77.6999999995719,-6.96666666617956,-97.8308436221514,413.720723789258
"297",-77.6833333329052,-6.96666666617956,-98.2794202314241,415.411240646335
"298",-77.6833333329052,-6.94999999951287,-98.3896370082602,416.144061709216
"299",-77.6666666662386,-6.94999999951287,-98.8376719305249,417.833395137241
"300",-77.6499999995719,-6.94999999951287,-99.2858448176661,419.523629921333
"301",-77.6499999995719,-6.93333333284617,-99.4027519376911,420.257228898542
"302",-77.6333333329052,-6.93333333284617,-99.8498323379064,421.946288934942
"303",-77.6166666662385,-6.93333333284617,-100.296691061817,423.636245773808
"304",-77.6166666662385,-6.91666666617947,-100.419255377855,424.370611933238
"305",-77.5999999995718,-6.91666666617947,-100.864461278197,426.05940258511
"306",-77.5833333329052,-6.91666666617947,-101.30885655539,427.749085525647
"307",-77.5666666662385,-6.91666666617947,-101.752365127368,429.439653072728
"308",-77.5666666662385,-6.89999999951277,-101.878072118131,430.172733555076
"309",-77.5499999995718,-6.89999999951277,-102.319053665083,431.862146565362
"310",-77.5333333329051,-6.89999999951277,-102.758789077587,433.552439800536
"311",-77.5333333329051,-6.88333333284607,-102.889302586658,434.286279374531
"312",-77.5166666662384,-6.88333333284607,-103.325893628969,435.975426345815
"313",-77.4999999995717,-6.88333333284607,-103.760878259869,437.665449197771
"314",-77.4999999995717,-6.86666666617938,-103.893440261566,438.400037633387
"315",-77.4833333329051,-6.86666666617938,-104.324195876743,440.088922382018
"316",-77.4666666662384,-6.86666666617938,-104.752872905699,441.778678704207
"317",-77.4499999995717,-6.86666666617938,-105.17929841555,443.469299270332
"318",-77.4499999995717,-6.84999999951268,-105.310779586319,444.202632249015
"319",-77.433333332905,-6.84999999951268,-105.732659672436,445.892125821529
"320",-77.4166666662383,-6.84999999951268,-106.151938135011,447.58247945407
"321",-77.4166666662383,-6.83333333284598,-106.283305288689,448.316553579878
"322",-77.3999999995717,-6.83333333284598,-106.6975072369,450.005788111247
"323",-77.383333332905,-6.83333333284598,-107.107964424058,451.695878553691
"324",-77.383333332905,-6.81666666617928,-107.238307967277,452.43068406375
"325",-77.3666666662383,-6.81666666617928,-107.643077440703,454.119663192702
"326",-77.3499999995716,-6.81666666617928,-108.044462218009,455.809494118429
"327",-77.3333333329049,-6.81666666617928,-108.442294240588,457.500169840091
"328",-77.3333333329049,-6.79999999951259,-108.568155938345,458.233748741143
"329",-77.3166666662382,-6.79999999951259,-108.959671034168,459.923323755126
"330",-77.2999999995716,-6.79999999951259,-109.347320570088,461.613739565796
"331",-77.2999999995716,-6.78333333284589,-109.470916761424,462.348042485902
"332",-77.2833333329049,-6.78333333284589,-109.850698484367,464.037365126357
"333",-77.2666666662382,-6.78333333284589,-110.226200964551,465.727524596935
"334",-77.2499999995715,-6.78333333284589,-110.597253812296,467.418514127219
"335",-77.2499999995715,-6.76666666617919,-110.71436946882,468.151615948587
"336",-77.2333333329048,-6.76666666617919,-111.078009723985,469.841522584542
"337",-77.2166666662382,-6.76666666617919,-111.436915939838,471.532255422787
"338",-77.2166666662382,-6.74999999951249,-111.549732856381,472.266073990447
"339",-77.1999999995715,-6.74999999951249,-111.900878918348,473.95573123336
"340",-77.1833333329048,-6.74999999951249,-112.245698940847,475.646210852015
"341",-77.1833333329048,-6.7333333328458,-112.353740704108,476.380737071045
"342",-77.1666666662381,-6.7333333328458,-112.690414440426,478.070148300119
"343",-77.1499999995714,-6.7333333328458,-113.021717082989,479.760378108998
"344",-77.1333333329047,-6.7333333328458,-113.347495196196,481.451420019535
"345",-77.1333333329047,-6.7166666661791,-113.447510624468,482.184771591867
"346",-77.1166666662381,-6.7166666661791,-113.764800612397,483.874754939614
"347",-77.0999999995714,-6.7166666661791,-114.076332102873,485.565546695282
"348",-77.0999999995714,-6.6999999995124,-114.170936594991,486.299598964389
"349",-77.0833333329047,-6.6999999995124,-114.472265889748,487.989339139895
"350",-77.066666666238,-6.6999999995124,-114.767517100002,489.679884058529
"351",-77.066666666238,-6.6833333328457,-114.856522464244,490.414628320663
"352",-77.0499999995713,-6.6833333328457,-115.142862329757,492.104128554442
"353",-77.0333333329046,-6.6833333328457,-115.422924898989,493.794429895265
"354",-77.016666666238,-6.6833333328457,-115.696566696936,495.485526138731
"355",-77.016666666238,-6.66666666617901,-115.777325109535,496.219121074912
"356",-76.9999999995713,-6.66666666617901,-116.041933704299,497.909182039881
"357",-76.9833333329046,-6.66666666617901,-116.296051881854,499.600034367234
"358",-76.9833333329046,-6.64999999951231,-116.371301659667,500.334314638559
"359",-76.9666666662379,-6.64999999951231,-116.61304601861,502.02413837366
"360",-76.9499999995712,-6.64999999951231,-116.845176704674,503.714749958065
"361",-76.9499999995712,-6.63333333284561,-116.914746610179,504.449707226829
"362",-76.9333333329046,-6.63333333284561,-117.135098782665,506.139296823343
"363",-76.9166666662379,-6.63333333284561,-117.346460985276,507.829670783041
"364",-76.8999999995712,-6.63333333284561,-117.549135850659,509.520823158283
"365",-76.8999999995712,-6.61666666617892,-117.61034139662,510.254655359732
"366",-76.8833333329045,-6.61666666617892,-117.800193581266,511.944794759271
"367",-76.8666666662378,-6.61666666617892,-117.98219850953,513.635709178209
"368",-76.8666666662378,-6.59999999951222,-118.037373866819,514.370211996354
"369",-76.8499999995711,-6.59999999951222,-118.209350591767,516.060119847789
"370",-76.8333333329045,-6.59999999951222,-118.374104823239,517.750799348024
"371",-76.8333333329045,-6.58333333284552,-118.422846057848,518.485964788178
"372",-76.8166666662378,-6.58333333284552,-118.578194305515,520.175644052217
"373",-76.7999999995711,-6.58333333284552,-118.726951604032,521.866091619814
"374",-76.7833333329044,-6.58333333284552,-118.867978842595,523.557301784477
"375",-76.7833333329044,-6.56666666617882,-118.908043336299,524.291365417504
"376",-76.7666666662377,-6.56666666617882,-119.040852869056,525.981583988123
"377",-76.7499999995711,-6.56666666617882,-119.168217981118,527.67256189515
"378",-76.7499999995711,-6.54999999951212,-119.202089313811,528.407282028691
"379",-76.7333333329044,-6.54999999951212,-119.321896874821,530.09727448868
"380",-76.7166666662377,-6.54999999951212,-119.436894738375,531.788023048472
"381",-76.7166666662377,-6.53333333284543,-119.464605123058,532.523392009724
"382",-76.699999999571,-6.53333333284543,-119.572715762641,534.213161197188
"383",-76.6833333329043,-6.53333333284543,-119.675744377888,535.903683271723
"384",-76.6666666662376,-6.53333333284543,-119.775117665326,537.594952753608
"385",-76.6666666662376,-6.51666666617873,-119.794400112185,538.329242228152
"386",-76.649999999571,-6.51666666617873,-119.888111117331,540.019540632023
"387",-76.6333333329043,-6.51666666617873,-119.978807240085,541.71058331013
"388",-76.6333333329043,-6.49999999951203,-119.992154441857,542.445515733749
"389",-76.6166666662376,-6.49999999951203,-120.077880861799,544.135593235173
"390",-76.5999999995709,-6.49999999951203,-120.161231996925,545.82641190039
"391",-76.5833333329042,-6.49999999951203,-120.242135368035,547.517966409711
"392",-76.5833333329042,-6.48333333284533,-120.24719831896,548.251839224536
"393",-76.5666666662376,-6.48333333284533,-120.324381088623,549.942436622195
"394",-76.5499999995709,-6.48333333284533,-120.400349301076,551.633766829504
"395",-76.5499999995709,-6.46666666617864,-120.399922690668,552.368276779957
"396",-76.5333333329042,-6.46666666617864,-120.472878351935,554.058655610789
"397",-76.5166666662375,-6.46666666617864,-120.545270709586,555.749764238365
"398",-76.5166666662375,-6.44999999951194,-120.539574306839,556.484904116722
"399",-76.4999999995708,-6.44999999951194,-120.609672547956,558.175067037795
"400",-76.4833333329041,-6.44999999951194,-120.680002849818,559.865956764094
"401",-76.4666666662375,-6.44999999951194,-120.750930787605,561.557568180255
"402",-76.4666666662375,-6.43333333284524,-120.738263449469,562.291669110169
"403",-76.4499999995708,-6.43333333284524,-120.808172863102,563.982342570734
"404",-76.4333333329041,-6.43333333284524,-120.879327563479,565.673734801328
"405",-76.4333333329041,-6.41666666617854,-120.862007142397,566.408460069216
"406",-76.4166666662374,-6.41666666617854,-120.932865779897,568.098919857564
"407",-76.3999999995707,-6.41666666617854,-121.005621593517,569.790095516456
"408",-76.3999999995707,-6.39999999951185,-120.983947755154,570.525438189621
"409",-76.383333332904,-6.39999999951185,-121.05783208331,572.215686858104
"410",-76.3666666662374,-6.39999999951185,-121.134462993587,573.90664851785
"411",-76.3499999995707,-6.39999999951185,-121.214149476387,575.598318246268
"412",-76.3499999995707,-6.38333333284515,-121.186702729519,576.332641839164
"413",-76.333333332904,-6.38333333284515,-121.268124475735,578.023392031851
"414",-76.3166666662373,-6.38333333284515,-121.353249233372,579.714847481625
"415",-76.3166666662373,-6.36666666617845,-121.322303773321,580.449783099923
"416",-76.2999999995706,-6.36666666617845,-121.409901938296,582.140324317994
"417",-76.283333332904,-6.36666666617845,-121.503073799688,583.831568000803
"418",-76.283333332904,-6.34999999951175,-121.468989055725,584.567108971047
"419",-76.2666666662373,-6.34999999951175,-121.565577190607,586.257443668088
"420",-76.2499999995706,-6.34999999951175,-121.667371751487,587.948478056623
"421",-76.2333333329039,-6.34999999951175,-121.774683636193,589.640207396146
"422",-76.2333333329039,-6.33333333284506,-121.736482410039,590.374748405336
"423",-76.2166666662372,-6.33333333284506,-121.848283981515,592.065575934088
"424",-76.1999999995706,-6.33333333284506,-121.966245017524,593.757095704578
"425",-76.1999999995706,-6.31666666617836,-121.9257532776,594.492236883492
"426",-76.1833333329039,-6.31666666617836,-122.050685672653,596.182859949502
"427",-76.1666666662372,-6.31666666617836,-122.182630329216,597.87417256621
"428",-76.1666666662372,-6.29999999951166,-122.140238446211,598.609907486028
"429",-76.1499999995705,-6.29999999951166,-122.278339388394,600.300328449625
"430",-76.1333333329038,-6.29999999951166,-122.424095156438,601.991436290969
"431",-76.1166666662371,-6.29999999951166,-122.57781474082,603.683226441717
"432",-76.1166666662371,-6.28333333284496,-122.533079997886,604.417979810866
"433",-76.0999999995705,-6.28333333284496,-122.694010419753,606.108885219154
"434",-76.0833333329038,-6.28333333284496,-122.865826503843,607.800470324451
"435",-76.0833333329038,-6.26666666617827,-122.820153133498,608.535812438485
"436",-76.0666666662371,-6.26666666617827,-123.000099185467,610.226517720621
"437",-76.0499999995704,-6.26666666617827,-123.189486189328,611.917900104624
"438",-76.0333333329037,-6.26666666617827,-123.388623559413,613.609955144206
"439",-76.0333333329037,-6.24999999951157,-123.341466271845,614.344332193999
"440",-76.016666666237,-6.24999999951157,-123.54976273008,616.035514146026
"441",-75.9999999995704,-6.24999999951157,-123.768440250942,617.727366216524
"442",-75.9999999995704,-6.23333333284487,-123.721122746101,618.462327065938
"443",-75.9833333329037,-6.23333333284487,-123.944163856644,620.153310841146
"444",-75.966666666237,-6.23333333284487,-124.165158593964,621.844962214185
"445",-75.966666666237,-6.21666666617817,-124.117869063578,622.580500790375
"446",-75.9499999995703,-6.21666666617817,-124.336127603331,624.27128861041
"447",-75.9333333329036,-6.21666666617817,-124.552860688044,625.962741523996
"448",-75.9166666662369,-6.21666666617817,-124.768363956755,627.654855241371
"449",-75.9166666662369,-6.19999999951148,-124.720133467718,628.389445901455
"450",-75.8999999995703,-6.19999999951148,-124.93361664231,630.080702560617
"451",-75.8833333329036,-6.19999999951148,-125.146355950953,631.772617574302
"452",-75.8833333329036,-6.18333333284478,-125.098910653684,632.507781188433
"453",-75.8666666662369,-6.18333333284478,-125.310317573334,634.198843765842
"454",-75.8499999995702,-6.18333333284478,-125.52179209791,635.89056226414
"455",-75.8499999995702,-6.16666666617808,-125.474728906247,636.626292971321
"456",-75.8333333329035,-6.16666666617808,-125.685392595737,638.317163607904
"457",-75.8166666662369,-6.16666666617808,-125.896698002091,640.008687747271
"458",-75.7999999995702,-6.16666666617808,-126.108947757958,641.70086124806
"459",-75.7999999995702,-6.14999999951138,-126.061218265849,642.435660580798
"460",-75.7833333329035,-6.14999999951138,-126.273916248601,644.126992486434
"461",-75.7666666662368,-6.14999999951138,-126.488353733362,645.81897138759
"462",-75.7666666662368,-6.13333333284469,-126.441324026285,646.554333203625
"463",-75.7499999995701,-6.13333333284469,-126.656560266281,648.245474970064
"464",-75.7333333329034,-6.13333333284469,-126.874138730412,649.937261380966
"465",-75.7333333329034,-6.11666666617799,-126.828028365386,650.673180019968
"466",-75.7166666662368,-6.11666666617799,-127.047016572097,652.364133711631
"467",-75.6999999995701,-6.11666666617799,-127.268964136189,654.055729711456
"468",-75.6833333329034,-6.11666666617799,-127.495139656309,655.747964018917
"469",-75.6833333329034,-6.09999999951129,-127.448960626744,656.482967249021
"470",-75.6666666662367,-6.09999999951129,-127.677706405233,658.174374887304
"471",-75.64999999957,-6.09999999951129,-127.910572056783,659.866418546498
"472",-75.64999999957,-6.08333333284459,-127.86690013089,660.601974143925
"473",-75.6333333329033,-6.08333333284459,-128.10301717609,662.293195441095
"474",-75.6166666662367,-6.08333333284459,-128.34390852686,663.985050486571
"475",-75.6166666662367,-6.0666666661779,-128.302129114823,664.721152981247
"476",-75.59999999957,-6.0666666661779,-128.546956385476,666.412189929158
"477",-75.5833333329033,-6.0666666661779,-128.79871792787,668.103858366796
"478",-75.5666666662366,-6.0666666661779,-129.056460915769,669.796154427405
"479",-75.5666666662366,-6.0499999995112,-129.015810654136,670.531356930975
"480",-75.5499999995699,-6.0499999995112,-129.278797155371,672.222840738513
"481",-75.5333333329033,-6.0499999995112,-129.548444118047,673.914949957574
"482",-75.5333333329033,-6.0333333328445,-129.510414977302,674.650695048621
"483",-75.5166666662366,-6.0333333328445,-129.78605652482,676.341996176157
"484",-75.4999999995699,-6.0333333328445,-130.069056199523,678.033920517196
"485",-75.4833333329032,-6.0333333328445,-130.361817260424,679.72646430019
"486",-75.4833333329032,-6.0166666661778,-130.325877302229,680.461323276686
"487",-75.4666666662365,-6.0166666661778,-130.626026584291,682.153064676007
"488",-75.4499999995699,-6.0166666661778,-130.934801744597,683.845423364578
"489",-75.4499999995699,-5.99999999951111,-130.902351386622,684.58082065905
"490",-75.4333333329032,-5.99999999951111,-131.219334927749,686.272381026205
"491",-75.4166666662365,-5.99999999951111,-131.545679735982,687.964556542781
"492",-75.4166666662365,-5.98333333284441,-131.515624160062,688.700486963648
"493",-75.3999999995698,-5.98333333284441,-131.850931811466,690.391868181921
"494",-75.3833333329031,-5.98333333284441,-132.199014459831,692.083862422573
"495",-75.3666666662364,-5.98333333284441,-132.557773174623,693.776466036597
"496",-75.3666666662364,-5.96666666617771,-132.526158659103,694.511524778678
"497",-75.3499999995698,-5.96666666617771,-132.895296741314,696.203339613593
"498",-75.3333333329031,-5.96666666617771,-133.275878915339,697.895761737979
"499",-75.3333333329031,-5.94999999951101,-133.243220020472,698.631349472893
"500",-75.3166666662364,-5.94999999951101,-133.634981800632,700.32298674682
"501",-75.2999999995697,-5.94999999951101,-134.038970957113,702.015229238582
"502",-75.2999999995697,-5.93333333284431,-134.005106617904,702.75134094138
"503",-75.283333332903,-5.93333333284431,-134.424435095534,704.442802474071
"504",-75.2666666662363,-5.93333333284431,-134.857038720079,706.134867165151
"505",-75.2499999995697,-5.93333333284431,-135.30325827075,707.827531482284
"506",-75.2499999995697,-5.91666666617762,-135.267724365697,708.562785467503
"507",-75.233333332903,-5.91666666617762,-135.727605195006,710.254674165214
"508",-75.2166666662363,-5.91666666617762,-136.201944998535,711.947160470632
"509",-75.2166666662363,-5.89999999951092,-136.165311189103,712.682934419145
"510",-75.1999999995696,-5.89999999951092,-136.654266369443,714.374648906585
"511",-75.1833333329029,-5.89999999951092,-137.162498486138,716.066958995083
"512",-75.1833333329029,-5.88333333284422,-137.124773249454,716.803248040428
"513",-75.1666666662363,-5.88333333284422,-137.648914773545,718.494790076892
"514",-75.1499999995696,-5.88333333284422,-138.189473483122,720.1869257194
"515",-75.1333333329029,-5.88333333284422,-138.746818556109,721.879651546771
"516",-75.1333333329029,-5.86666666617753,-138.708616482246,722.615096383127
"517",-75.1166666662362,-5.86666666617753,-139.283474406547,724.30705932711
"518",-75.0999999995695,-5.86666666617753,-139.876032526182,725.999610500126
"519",-75.0999999995695,-5.84999999951083,-139.837722793091,726.735566551189
"520",-75.0833333329028,-5.84999999951083,-140.453669244933,728.427358521047
"521",-75.0666666662362,-5.84999999951083,-141.088480646933,730.119736775273
"522",-75.0666666662362,-5.83333333284413,-141.050623591254,730.856199325449
"523",-75.0499999995695,-5.83333333284413,-141.705630000604,732.547822022906
"524",-75.0333333329028,-5.83333333284413,-142.380457576968,734.240029071166
"525",-75.0166666662361,-5.83333333284413,-143.075492028626,735.932817155041
"526",-75.0166666662361,-5.81666666617743,-143.039930996862,736.668448572817
"527",-74.9999999995694,-5.81666666617743,-143.757024147243,738.360486105573
"528",-74.9833333329028,-5.81666666617743,-144.494146577032,740.053102777772
"529",-74.9833333329028,-5.79999999951074,-144.460632342284,740.789236928922
"530",-74.9666666662361,-5.79999999951074,-145.210474668539,742.481106614651
"531",-74.9499999995694,-5.79999999951074,-145.971481342131,744.173553554309
"532",-74.9333333329027,-5.79999999951074,-146.743723570743,745.866574508399
"533",-74.9333333329027,-5.78333333284404,-146.714409741585,746.601889352516
"534",-74.916666666236,-5.78333333284404,-147.500013159308,748.294168217085
"535",-74.8999999995693,-5.78333333284404,-148.29712170399,749.987019246635
"536",-74.8999999995693,-5.76666666617734,-148.270950337636,750.722833090861
"537",-74.8833333329027,-5.76666666617734,-149.084811760772,752.414945516467
"538",-74.866666666236,-5.76666666617734,-149.91049026871,754.107628267846
"539",-74.866666666236,-5.74999999951064,-149.887891154422,754.843936618548
"540",-74.8499999995693,-5.74999999951064,-150.727882406509,756.53588422033
"541",-74.8333333329026,-5.74999999951064,-151.579938274488,758.228400318875
"542",-74.8166666662359,-5.74999999951064,-152.444135052303,759.921481772411
"543",-74.8166666662359,-5.73333333284395,-152.428085349375,760.656983113693
"544",-74.7999999995693,-5.73333333284395,-153.307195050376,762.349334164045
"545",-74.7833333329026,-5.73333333284395,-154.201817853194,764.042248774824
"546",-74.7833333329026,-5.71666666617725,-154.190291957373,764.77824099832
"547",-74.7666666662359,-5.71666666617725,-155.100305368644,766.470428584763
"548",-74.7499999995692,-5.71666666617725,-156.022991204239,768.163177946873
"549",-74.7499999995692,-5.69999999951055,-156.016372704532,768.899656692364
"550",-74.7333333329025,-5.69999999951055,-156.954844181274,770.591682379152
"551",-74.7166666662358,-5.69999999951055,-157.906222050438,772.28426806659
"552",-74.6999999995692,-5.69999999951055,-158.870590235363,773.977410706276
"553",-74.6999999995692,-5.68333333284385,-158.872281417902,774.713094361674
"554",-74.6833333329025,-5.68333333284385,-159.856284696943,776.405517928681
"555",-74.6666666662358,-5.68333333284385,-160.853535996165,778.098496705858
"556",-74.6666666662358,-5.66666666617716,-160.861143350283,778.834663362787
"557",-74.6499999995691,-5.66666666617716,-161.875172959652,780.526926344156
"558",-74.6333333329024,-5.66666666617716,-162.90267947061,782.219742802993
"559",-74.6333333329024,-5.64999999951046,-162.91657259812,782.956388228583
"560",-74.6166666662357,-5.64999999951046,-163.9612185439,784.64849213997
"561",-74.5999999995691,-5.64999999951046,-165.019561795999,786.341147805454
"562",-74.5833333329024,-5.64999999951046,-166.09513476364,788.034352265901
"563",-74.5833333329024,-5.63333333284376,-166.119431418313,788.770214158694
"564",-74.5666666662357,-5.63333333284376,-167.212721112073,790.462710536924
"565",-74.549999999569,-5.63333333284376,-168.320027699014,792.155754018253
"566",-74.549999999569,-5.61666666617706,-168.351523111291,792.89209125816
"567",-74.5333333329023,-5.61666666617706,-169.476890594371,794.584429836651
"568",-74.5166666662357,-5.61666666617706,-170.61649198452,796.277313835358
"569",-74.5166666662357,-5.59999999951036,-170.655548126787,797.01412231115
"570",-74.499999999569,-5.59999999951036,-171.813537629329,798.706304559116
"571",-74.4833333329023,-5.59999999951036,-172.989608796444,800.399030553351
"572",-74.4666666662356,-5.59999999951036,-174.180226676271,802.092297420126
"573",-74.4666666662356,-5.58333333284367,-174.231432629344,802.828333573717
"574",-74.4499999995689,-5.58333333284367,-175.440973950749,804.520903023571
"575",-74.4333333329022,-5.58333333284367,-176.665260348656,806.214011702179
"576",-74.4333333329022,-5.56666666617697,-176.725006137338,806.950515764445
"577",-74.4166666662356,-5.56666666617697,-177.968544040785,808.642930112228
"578",-74.3999999995689,-5.56666666617697,-179.22702538499,810.335882053586
"579",-74.3999999995689,-5.54999999951027,-179.295669590838,811.072850029575
"580",-74.3833333329022,-5.54999999951027,-180.577509597484,812.765110700097
"581",-74.3666666662355,-5.54999999951027,-181.874527013477,814.457907337572
"582",-74.3499999995688,-5.54999999951027,-183.186779058788,816.151237150038
"583",-74.3499999995688,-5.53333333284358,-183.269421932044,816.887443682205
"584",-74.3333333329022,-5.53333333284358,-184.601743947386,818.580086431888
"585",-74.3166666662355,-5.53333333284358,-185.949490903054,820.273260758834
"586",-74.3166666662355,-5.51666666617688,-186.041894315057,821.009927967546
"587",-74.2999999995688,-5.51666666617688,-187.410016416537,822.702418228506
"588",-74.2833333329021,-5.51666666617688,-188.797676125343,824.395438477253
"589",-74.2666666662354,-5.51666666617688,-190.201045605708,826.088985980402
"590",-74.2666666662354,-5.49999999951018,-190.308598875984,826.824901633325
"591",-74.2499999995687,-5.49999999951018,-191.732818643899,828.517769194395
"592",-74.2333333329021,-5.49999999951018,-193.172927897496,830.211162448337
"593",-74.2333333329021,-5.48333333284348,-193.2912428526,830.947535565884
"594",-74.2166666662354,-5.48333333284348,-194.752495701582,832.640251813255
"595",-74.1999999995687,-5.48333333284348,-196.229817750871,834.333492199922
"596",-74.1999999995687,-5.46666666617678,-196.35917667844,835.070318959086
"597",-74.183333332902,-5.46666666617678,-197.862002097705,836.762885250434
"598",-74.1666666662353,-5.46666666617678,-199.381106950007,838.455974135419
"599",-74.1499999995686,-5.46666666617678,-200.916549726848,840.149582956543
"600",-74.1499999995686,-5.44999999951009,-201.06273655563,840.885668435865
"601",-74.133333332902,-5.44999999951009,-202.62005619744,842.578607168669
"602",-74.1166666662353,-5.44999999951009,-204.193889663716,844.27206431875
"603",-74.1166666662353,-5.43333333284339,-204.351926213781,845.008600312536
"604",-74.0999999995686,-5.43333333284339,-205.947906540821,846.70139022681
"605",-74.0833333329019,-5.43333333284339,-207.564761738471,848.394697047132
"606",-74.0833333329019,-5.41666666617669,-207.734987094019,849.131679836232
"607",-74.0666666662352,-5.41666666617669,-209.374310859109,850.824322250005
"608",-74.0499999995686,-5.41666666617669,-211.030527799116,852.517480066197
"609",-74.0333333329019,-5.41666666617669,-212.70368877667,854.211150700079
"610",-74.0333333329019,-5.39999999950999,-212.892206877183,854.947402191186
"611",-74.0166666662352,-5.39999999950999,-214.58821110968,856.640412313452
"612",-73.9999999995685,-5.39999999950999,-216.301315358543,858.333933775492
"613",-73.9999999995685,-5.3833333328433,-216.50311284405,859.070629015794
"614",-73.9833333329018,-5.3833333328433,-218.246957194406,860.76349273914
"615",-73.9666666662351,-5.3833333328433,-220.01312684931,862.456866331674
"616",-73.9666666662351,-5.3666666661766,-220.228513981955,863.194001701526
"617",-73.9499999995685,-5.3666666661766,-222.023020479711,864.886720305983
"618",-73.9333333329018,-5.3666666661766,-223.839401299289,866.579947316339
"619",-73.9166666662351,-5.3666666661766,-225.677348721777,868.273680217687
"620",-73.9166666662351,-5.3499999995099,-225.913626408233,869.010093988938
"621",-73.8999999995684,-5.3499999995099,-227.779579218764,870.703175689651
"622",-73.8833333329017,-5.3499999995099,-229.671777145809,872.396761842753
"623",-73.8833333329017,-5.33333333284321,-229.923283951469,873.133612774953
"624",-73.866666666235,-5.33333333284321,-231.843078670771,874.826550423981
"625",-73.8499999995684,-5.33333333284321,-233.783271847909,876.519991093835
"626",-73.8499999995684,-5.31666666617651,-234.05060201784,877.257275662723
"627",-73.8333333329017,-5.31666666617651,-236.018115632931,878.950070503656
"628",-73.816666666235,-5.31666666617651,-238.005513145581,880.643366940865
"629",-73.7999999995683,-5.31666666617651,-240.012474121222,882.337162526474
"630",-73.7999999995683,-5.29999999950981,-240.303573669828,883.073734924741
"631",-73.7833333329016,-5.29999999950981,-242.342020732226,884.76688836571
"632",-73.766666666235,-5.29999999950981,-244.399286968411,886.46053955424
"633",-73.766666666235,-5.28333333284311,-244.707895977398,887.197542694793
"634",-73.7499999995683,-5.28333333284311,-246.79135138187,888.890554361938
"635",-73.7333333329016,-5.28333333284311,-248.893058841182,890.584062382576
"636",-73.7166666662349,-5.28333333284311,-251.012689443656,892.278064356975
"637",-73.7166666662349,-5.26666666617641,-251.346584809329,893.014363934593
"638",-73.6999999995682,-5.26666666617641,-253.491724716263,894.707730002701
"639",-73.6833333329016,-5.26666666617641,-255.658400707981,896.401588653486
"640",-73.6833333329016,-5.24999999950972,-256.01017132119,897.138316099971
"641",-73.6666666662349,-5.24999999950972,-258.201650051221,898.831541417284
"642",-73.6499999995682,-5.24999999950972,-260.409637519441,900.525257952735
"643",-73.6499999995682,-5.23333333284302,-260.779510566603,901.262409885407
"644",-73.6333333329015,-5.23333333284302,-263.011759509417,902.955495640221
"645",-73.6166666662348,-5.23333333284302,-265.259879288263,904.649071255147
"646",-73.5999999995681,-5.23333333284302,-267.523529123519,906.343134392961
"647",-73.5999999995681,-5.21666666617632,-267.9197947895,907.079591696417
"648",-73.5833333329014,-5.21666666617632,-270.210490827883,908.773027572355
"649",-73.5666666662348,-5.21666666617632,-272.515821740871,910.466949635249
"650",-73.5666666662348,-5.19999999950963,-272.930470856831,911.203828621588
"651",-73.5499999995681,-5.19999999950963,-275.258270336697,912.897125926973
"652",-73.5333333329014,-5.19999999950963,-277.600046867331,914.590908089687
"653",-73.5333333329014,-5.18333333284293,-278.033591450333,915.328205462035
"654",-73.5166666662347,-5.18333333284293,-280.397120232471,917.0213653524
"655",-73.499999999568,-5.18333333284293,-282.773930942763,918.715008776733
"656",-73.4833333329014,-5.18333333284293,-285.166737949841,920.409133457904
"657",-73.4833333329014,-5.16666666617623,-285.626670065466,921.145744892605
"658",-73.4666666662347,-5.16666666617623,-288.039859424285,922.839250727595
"659",-73.449999999568,-5.16666666617623,-290.464996414923,924.533236517318
"660",-73.449999999568,-5.14999999950953,-290.942977982586,925.270263601933
"661",-73.4333333329013,-5.14999999950953,-293.387649614049,926.963632984038
"662",-73.4166666662346,-5.14999999950953,-295.843516110403,928.657481024832
"663",-73.4166666662346,-5.13333333284283,-296.339262299373,929.394920544912
"664",-73.399999999568,-5.13333333284283,-298.813771645098,931.088154598172
"665",-73.3833333329013,-5.13333333284283,-301.301183144348,932.781866020117
"666",-73.3666666662346,-5.13333333284283,-303.798394177336,934.476052591425
"667",-73.3666666662346,-5.11666666617614,-304.3191359582,935.212814632271
"668",-73.3499999995679,-5.11666666617614,-306.833348673026,936.906390553177
"669",-73.3333333329012,-5.11666666617614,-309.356581027588,938.600440353897
"670",-73.3333333329012,-5.09999999950944,-309.894012532836,939.33761215858
"671",-73.3166666662345,-5.09999999950944,-312.433212362415,941.031053684156
"672",-73.2999999995679,-5.09999999950944,-314.980590902915,942.724967825835
"673",-73.2999999995679,-5.08333333284274,-315.534535808697,943.462546259121
"674",-73.2833333329012,-5.08333333284274,-318.098542190471,945.155854483141
"675",-73.2666666662345,-5.08333333284274,-320.669625259753,946.849634065367
"676",-73.2499999995678,-5.08333333284274,-323.247390830915,948.543882842118
"677",-73.2499999995678,-5.06666666617604,-323.823364341877,949.280792029988
"678",-73.2333333329011,-5.06666666617604,-326.414035457717,950.974438140547
"679",-73.2166666662344,-5.06666666617604,-329.010513390487,952.66855220743
"680",-73.2166666662344,-5.04999999950935,-329.600608910709,953.405865414141
"681",-73.1999999995678,-5.04999999950935,-332.208755578528,955.099379129172
"682",-73.1833333329011,-5.04999999950935,-334.822865889579,956.793359567956
"683",-73.1666666662344,-5.04999999950935,-337.441218144123,958.487804606854
"684",-73.1666666662344,-5.03333333284265,-338.050215065412,959.224456118604
"685",-73.1499999995677,-5.03333333284265,-340.678049809616,960.918303999546
"686",-73.133333332901,-5.03333333284265,-343.309180452238,962.61261526716
"687",-73.133333332901,-5.01666666617595,-343.92963672409,963.349668205601
"688",-73.1166666662344,-5.01666666617595,-346.568836722958,965.043384587599
"689",-73.0999999995677,-5.01666666617595,-349.210383184476,966.737563148273
"690",-73.0999999995677,-4.99999999950925,-349.84100350513,967.475014496135
"691",-73.083333332901,-4.99999999950925,-352.489369797579,969.168600426879
"692",-73.0666666662343,-4.99999999950925,-355.138794032767,970.862647333732
"693",-73.0499999995676,-4.99999999950925,-357.788879482122,972.557153145153
"694",-73.0499999995676,-4.98333333284256,-358.428578782355,973.293950621361
"695",-73.033333332901,-4.98333333284256,-361.082704419939,974.987866916424
"696",-73.0166666662343,-4.98333333284256,-363.736446044642,976.68224093192
"697",-73.0166666662343,-4.96666666617586,-364.377477097835,977.419434284049
"698",-72.9999999995676,-4.96666666617586,-367.033701666962,979.113220998418
"699",-72.9833333329009,-4.96666666617586,-369.703099656964,980.807464254341
"700",-72.9833333329009,-4.94999999950916,-370.344373155355,981.545050536826
"701",-72.9666666662342,-4.94999999950916,-373.038503099992,983.238708690802
"702",-72.9499999995675,-4.94999999950916,-375.753730863609,984.932822212686
"703",-72.9333333329009,-4.94999999950916,-378.489390145749,986.627389081142
"704",-72.9333333329009,-4.93333333284246,-379.132700692465,987.364329113519
"705",-72.9166666662342,-4.93333333284246,-381.890562360363,989.058313916223
"706",-72.8999999995675,-4.93333333284246,-384.667399180136,990.752750909626
"707",-72.8999999995675,-4.91666666617577,-385.309148244096,991.490081395216
"708",-72.8833333329008,-4.91666666617577,-388.110661916028,993.183938483061
"709",-72.8666666662341,-4.91666666617577,-390.929282386473,994.878246610802
"710",-72.8666666662341,-4.89999999950907,-391.568684987753,995.615964673079
"711",-72.8499999995674,-4.89999999950907,-394.40542611788,997.309695039987
"712",-72.8333333329008,-4.89999999950907,-397.257832938077,999.003875301038
"713",-72.8166666662341,-4.89999999950907,-400.125234061626,1000.6985034833
"714",-72.8166666662341,-4.88333333284237,-400.761224628335,1001.43558272232
"715",-72.7999999995674,-4.88333333284237,-403.644114270461,1003.12963610536
"716",-72.7833333329007,-4.88333333284237,-406.543665662098,1004.82413628101
"717",-72.7833333329007,-4.86666666617567,-407.175420219177,1005.56160067375
"718",-72.766666666234,-4.86666666617567,-410.088172159161,1007.25552815732
"719",-72.7499999995674,-4.86666666617567,-413.01260385443,1008.94990130977
"720",-72.7499999995674,-4.84999999950898,-413.639267062215,1009.68774804622
"721",-72.7333333329007,-4.84999999950898,-416.57507333698,1011.38155059881
"722",-72.716666666234,-4.84999999950898,-419.521120802306,1013.07579770145
"723",-72.6999999995673,-4.84999999950898,-422.47676095966,1014.77048742788
"724",-72.6999999995673,-4.83333333284228,-423.097544447376,1015.50770257996
"725",-72.6833333329006,-4.83333333284228,-426.063929335064,1017.20182459624
"726",-72.6666666662339,-4.83333333284228,-429.03803856111,1018.89638813401
"727",-72.6666666662339,-4.81666666617558,-429.651769097432,1019.63398325895
"728",-72.6499999995673,-4.81666666617558,-432.632436211892,1021.32798114254
"729",-72.6333333329006,-4.81666666617558,-435.619411987888,1023.02241945005
"730",-72.6333333329006,-4.79999999950888,-436.225372409731,1023.76039180191
"731",-72.6166666662339,-4.79999999950888,-439.217163181345,1025.45426649681
"732",-72.5999999995672,-4.79999999950888,-442.213836765429,1027.14858052276
"733",-72.5833333329005,-4.79999999950888,-445.215571181085,1028.84333199857
"734",-72.5833333329005,-4.78333333284219,-445.810303677527,1029.58067982343
"735",-72.5666666662338,-4.78333333284219,-448.813869995682,1031.27487050697
"736",-72.5499999995672,-4.78333333284219,-451.819854831869,1032.96949756346
"737",-72.5499999995672,-4.76666666617549,-452.405344740442,1033.70722029456
"738",-72.5333333329005,-4.76666666617549,-455.411478773639,1035.40128856538
"739",-72.5166666662338,-4.76666666617549,-458.418653795305,1037.09579213682
"740",-72.4999999995671,-4.76666666617549,-461.426228936298,1038.79072916018
"741",-72.4999999995671,-4.74999999950879,-462.000000094863,1039.52783386847
"742",-72.4833333329004,-4.74999999950879,-465.005027865804,1041.22221487978
"743",-72.4666666662337,-4.74999999950879,-468.008662000627,1042.91702828621
"744",-72.4666666662337,-4.73333333284209,-468.571879163425,1043.65450559437
"745",-72.4499999995671,-4.73333333284209,-471.571243380406,1045.34876496123
"746",-72.4333333329004,-4.73333333284209,-474.567881360381,1047.04345567084
"747",-72.4333333329004,-4.7166666661754,-475.120191879844,1047.78130292869
"748",-72.4166666662337,-4.7166666661754,-478.11101541344,1049.47544155767
"749",-72.399999999567,-4.7166666661754,-481.097783499958,1051.17001048145
"750",-72.3833333329003,-4.7166666661754,-484.07841840114,1052.86500789371
"751",-72.3833333329003,-4.6999999995087,-484.616892589767,1053.6022438531
"752",-72.3666666662337,-4.6999999995087,-487.589121593406,1055.29669189302
"753",-72.349999999567,-4.6999999995087,-490.554946991876,1056.99156738847
"754",-72.349999999567,-4.683333332842,-491.080459687116,1057.72917103889
"755",-72.3333333329003,-4.683333332842,-494.036402476505,1059.42349908799
"756",-72.3166666662336,-4.683333332842,-496.9846565316,1061.11825356397
"757",-72.3166666662336,-4.6666666661753,-497.498765824932,1061.85622231365
"758",-72.2999999995669,-4.6666666661753,-500.435760589091,1063.55043125618
"759",-72.2833333329003,-4.6666666661753,-503.36131126175,1065.24506560121
"760",-72.2666666662336,-4.6666666661753,-506.27686573183,1066.94012358332
"761",-72.2666666662336,-4.64999999950861,-506.776616504665,1067.67748759462
"762",-72.2499999995669,-4.64999999950861,-509.678573698236,1069.3720026885
"763",-72.2333333329002,-4.64999999950861,-512.569305509295,1071.06694040958
"764",-72.2333333329002,-4.63333333284191,-513.057793600395,1071.80466730746
"765",-72.2166666662335,-4.63333333284191,-515.933698954723,1073.49906402139
"766",-72.1999999995668,-4.63333333284191,-518.797180191968,1075.19388235678
"767",-72.1999999995668,-4.61666666617521,-519.274698911271,1075.93196960582
"768",-72.1833333329002,-4.61666666617521,-519.432339144876,1077.6262488025
